

Microchip MPLAB XC8 Assembler V2.40 build 20220703182018 
                                                                                               Tue Aug 29 15:43:27 2023

Microchip MPLAB XC8 C Compiler v2.40 (Free license) build 20220703182018 Og1 
     1                           	processor	18F4580
     2                           	fnconf	rparam,??,?,0
     3                           	pagewidth 120
     4                           	opt	flic
     5                           	psect	idataCOMRAM,global,class=CODE,delta=1,noexec
     6                           	psect	cinit,global,reloc=2,class=CODE,delta=1
     7                           	psect	bssCOMRAM,global,class=COMRAM,space=1,delta=1,lowdata,noexec
     8                           	psect	dataCOMRAM,global,class=COMRAM,space=1,delta=1,lowdata,noexec
     9                           	psect	cstackCOMRAM,global,class=COMRAM,space=1,delta=1,lowdata,noexec
    10                           	psect	text0,global,reloc=2,class=CODE,delta=1
    11                           	psect	text1,global,reloc=2,class=CODE,delta=1
    12                           	psect	text2,global,reloc=2,class=CODE,delta=1
    13                           	psect	text3,global,reloc=2,class=CODE,delta=1
    14                           	psect	text4,global,reloc=2,class=CODE,delta=1
    15                           	psect	text5,global,reloc=2,class=CODE,delta=1,group=1
    16                           	psect	text6,global,reloc=2,class=CODE,delta=1,group=1
    17                           	psect	text7,global,reloc=2,class=CODE,delta=1,group=1
    18                           	psect	text8,global,reloc=2,class=CODE,delta=1,group=1
    19                           	psect	text9,global,reloc=2,class=CODE,delta=1
    20                           	psect	text10,global,reloc=2,class=CODE,delta=1
    21                           	psect	text11,global,reloc=2,class=CODE,delta=1
    22                           	psect	intsave_regs,global,class=BIGRAM,space=1,delta=1,noexec
    23                           	psect	rparam,global,class=COMRAM,space=1,delta=1,noexec
    24                           	psect	idloc,global,abs,ovrld,class=IDLOC,space=5,delta=1,noexec
    25                           	psect	config,global,abs,ovrld,class=CONFIG,space=4,delta=1,noexec
    26   000000                     
    27                           ; Version 2.20
    28                           ; Generated 12/02/2020 GMT
    29                           ; 
    30                           ; Copyright © 2020, Microchip Technology Inc. and its subsidiaries ("Microchip")
    31                           ; All rights reserved.
    32                           ; 
    33                           ; This software is developed by Microchip Technology Inc. and its subsidiaries ("Microch
      +                          ip").
    34                           ; 
    35                           ; Redistribution and use in source and binary forms, with or without modification, are
    36                           ; permitted provided that the following conditions are met:
    37                           ; 
    38                           ;     1. Redistributions of source code must retain the above copyright notice, this lis
      +                          t of
    39                           ;        conditions and the following disclaimer.
    40                           ; 
    41                           ;     2. Redistributions in binary form must reproduce the above copyright notice, this 
      +                          list
    42                           ;        of conditions and the following disclaimer in the documentation and/or other
    43                           ;        materials provided with the distribution.
    44                           ; 
    45                           ;     3. Microchip's name may not be used to endorse or promote products derived from th
      +                          is
    46                           ;        software without specific prior written permission.
    47                           ; 
    48                           ; THIS SOFTWARE IS PROVIDED BY MICROCHIP "AS IS" AND ANY EXPRESS OR IMPLIED WARRANTIES,
    49                           ; INCLUDING, BUT NOT LIMITED TO, THE IMPLIED WARRANTIES OF MERCHANTABILITY AND FITNESS F
      +                          OR
    50                           ; PURPOSE ARE DISCLAIMED.  IN NO EVENT SHALL MICROCHIP BE LIABLE FOR ANY DIRECT, INDIREC
      +                          T,
    51                           ; INCIDENTAL, SPECIAL, EXEMPLARY, OR CONSEQUENTIAL DAMAGES (INCLUDING BUT NOT LIMITED TO
    52                           ; PROCUREMENT OF SUBSTITUTE GOODS OR SERVICES; LOSS OF USE, DATA OR PROFITS; OR BUSINESS
    53                           ; INTERRUPTION) HOWSOEVER CAUSED AND ON ANY THEORY OF LIABILITY, WHETHER IN CONTRACT, ST
      +                          RICT
    54                           ; LIABILITY, OR TORT (INCLUDING NEGLIGENCE OR OTHERWISE) ARISING IN ANY WAY OUT OF THE U
      +                          SE OF
    55                           ; THIS SOFTWARE, EVEN IF ADVISED OF THE POSSIBILITY OF SUCH DAMAGE.
    56                           ; 
    57                           ; 
    58                           ; Code-generator required, PIC18F4580 Definitions
    59                           ; 
    60                           ; SFR Addresses
    61   000000                     
    62                           	psect	idataCOMRAM
    63   002232                     __pidataCOMRAM:
    64                           	callstack 0
    65                           
    66                           ;initializer for pwm_control@wait
    67   002232  0064               	dw	100
    68                           
    69                           ;initializer for read_switches@once
    70   002234  01                 	db	1
    71                           
    72                           ;initializer for pwm_control@duty_cycle
    73   002235  32                 	db	50
    74   000000                     _PORTBbits	set	3969
    75   000000                     _TMR2ON	set	32338
    76   000000                     _T2CKPS1	set	32337
    77   000000                     _PORTB	set	3969
    78   000000                     _TRISB	set	3987
    79   000000                     _CCP1CON	set	4029
    80   000000                     _ADCON1	set	4033
    81   000000                     _TRISC2	set	31906
    82   000000                     _PR2	set	4043
    83   000000                     _T2CKPS0	set	32336
    84   000000                     _RBPU	set	32655
    85   000000                     _CCPR1L	set	4030
    86                           
    87                           ; #config settings
    88                           
    89                           	psect	cinit
    90   002286                     __pcinit:
    91                           	callstack 0
    92   002286                     start_initialization:
    93                           	callstack 0
    94   002286                     __initialization:
    95                           	callstack 0
    96                           
    97                           ; Initialize objects allocated to COMRAM (4 bytes)
    98                           ; load TBLPTR registers with __pidataCOMRAM
    99   002286  0E32               	movlw	low __pidataCOMRAM
   100   002288  6EF6               	movwf	tblptrl,c
   101   00228A  0E22               	movlw	high __pidataCOMRAM
   102   00228C  6EF7               	movwf	tblptrh,c
   103   00228E  0E00               	movlw	low (__pidataCOMRAM shr (0+16))
   104   002290  6EF8               	movwf	tblptru,c
   105   002292  EE00  F056         	lfsr	0,__pdataCOMRAM
   106   002296  EE10 F004          	lfsr	1,4
   107   00229A                     copy_data0:
   108   00229A  0009               	tblrd		*+
   109   00229C  CFF5 FFEE          	movff	tablat,postinc0
   110   0022A0  50E5               	movf	postdec1,w,c
   111   0022A2  50E1               	movf	fsr1l,w,c
   112   0022A4  E1FA               	bnz	copy_data0
   113                           
   114                           ; Clear objects allocated to COMRAM (1 bytes)
   115   0022A6  6A5A               	clrf	__pbssCOMRAM& (0+255),c
   116   0022A8                     end_of_initialization:
   117                           	callstack 0
   118   0022A8                     __end_of__initialization:
   119                           	callstack 0
   120   0022A8  0100               	movlb	0
   121   0022AA  EF36  F011         	goto	_main	;jump to C main() function
   122                           
   123                           	psect	bssCOMRAM
   124   00005A                     __pbssCOMRAM:
   125                           	callstack 0
   126   00005A                     read_switches@key:
   127                           	callstack 0
   128   00005A                     	ds	1
   129                           
   130                           	psect	dataCOMRAM
   131   000056                     __pdataCOMRAM:
   132                           	callstack 0
   133   000056                     pwm_control@wait:
   134                           	callstack 0
   135   000056                     	ds	2
   136   000058                     read_switches@once:
   137                           	callstack 0
   138   000058                     	ds	1
   139   000059                     pwm_control@duty_cycle:
   140                           	callstack 0
   141   000059                     	ds	1
   142                           
   143                           	psect	cstackCOMRAM
   144   000001                     __pcstackCOMRAM:
   145                           	callstack 0
   146   000001                     ?___xxtofl:
   147                           	callstack 0
   148   000001                     read_switches@detection_type:
   149                           	callstack 0
   150   000001                     ___xxtofl@val:
   151                           	callstack 0
   152                           
   153                           ; 4 bytes @ 0x0
   154   000001                     	ds	4
   155   000005                     ??___xxtofl:
   156                           
   157                           ; 1 bytes @ 0x4
   158   000005                     	ds	4
   159   000009                     ___xxtofl@sign:
   160                           	callstack 0
   161                           
   162                           ; 1 bytes @ 0x8
   163   000009                     	ds	1
   164   00000A                     ___xxtofl@exp:
   165                           	callstack 0
   166                           
   167                           ; 1 bytes @ 0x9
   168   00000A                     	ds	1
   169   00000B                     ___xxtofl@arg:
   170                           	callstack 0
   171                           
   172                           ; 4 bytes @ 0xA
   173   00000B                     	ds	4
   174   00000F                     ?___fldiv:
   175                           	callstack 0
   176   00000F                     ___fldiv@b:
   177                           	callstack 0
   178                           
   179                           ; 4 bytes @ 0xE
   180   00000F                     	ds	4
   181   000013                     ___fldiv@a:
   182                           	callstack 0
   183                           
   184                           ; 4 bytes @ 0x12
   185   000013                     	ds	4
   186   000017                     ??___fldiv:
   187                           
   188                           ; 1 bytes @ 0x16
   189   000017                     	ds	4
   190   00001B                     ___fldiv@rem:
   191                           	callstack 0
   192                           
   193                           ; 4 bytes @ 0x1A
   194   00001B                     	ds	4
   195   00001F                     ___fldiv@sign:
   196                           	callstack 0
   197                           
   198                           ; 1 bytes @ 0x1E
   199   00001F                     	ds	1
   200   000020                     ___fldiv@new_exp:
   201                           	callstack 0
   202                           
   203                           ; 2 bytes @ 0x1F
   204   000020                     	ds	2
   205   000022                     ___fldiv@grs:
   206                           	callstack 0
   207                           
   208                           ; 4 bytes @ 0x21
   209   000022                     	ds	4
   210   000026                     ___fldiv@bexp:
   211                           	callstack 0
   212                           
   213                           ; 1 bytes @ 0x25
   214   000026                     	ds	1
   215   000027                     ___fldiv@aexp:
   216                           	callstack 0
   217                           
   218                           ; 1 bytes @ 0x26
   219   000027                     	ds	1
   220   000028                     ?___flmul:
   221                           	callstack 0
   222   000028                     ___flmul@b:
   223                           	callstack 0
   224                           
   225                           ; 4 bytes @ 0x27
   226   000028                     	ds	4
   227   00002C                     ___flmul@a:
   228                           	callstack 0
   229                           
   230                           ; 4 bytes @ 0x2B
   231   00002C                     	ds	4
   232   000030                     ??___flmul:
   233                           
   234                           ; 1 bytes @ 0x2F
   235   000030                     	ds	4
   236   000034                     ___flmul@sign:
   237                           	callstack 0
   238                           
   239                           ; 1 bytes @ 0x33
   240   000034                     	ds	1
   241   000035                     ___flmul@grs:
   242                           	callstack 0
   243                           
   244                           ; 4 bytes @ 0x34
   245   000035                     	ds	4
   246   000039                     ___flmul@aexp:
   247                           	callstack 0
   248                           
   249                           ; 1 bytes @ 0x38
   250   000039                     	ds	1
   251   00003A                     ___flmul@bexp:
   252                           	callstack 0
   253                           
   254                           ; 1 bytes @ 0x39
   255   00003A                     	ds	1
   256   00003B                     ___flmul@prod:
   257                           	callstack 0
   258                           
   259                           ; 4 bytes @ 0x3A
   260   00003B                     	ds	4
   261   00003F                     ___flmul@temp:
   262                           	callstack 0
   263                           
   264                           ; 2 bytes @ 0x3E
   265   00003F                     	ds	2
   266   000041                     ?___fltol:
   267                           	callstack 0
   268   000041                     ___fltol@f1:
   269                           	callstack 0
   270                           
   271                           ; 4 bytes @ 0x40
   272   000041                     	ds	4
   273   000045                     ??___fltol:
   274                           
   275                           ; 1 bytes @ 0x44
   276   000045                     	ds	4
   277   000049                     ___fltol@sign1:
   278                           	callstack 0
   279                           
   280                           ; 1 bytes @ 0x48
   281   000049                     	ds	1
   282   00004A                     ___fltol@exp1:
   283                           	callstack 0
   284                           
   285                           ; 1 bytes @ 0x49
   286   00004A                     	ds	1
   287   00004B                     ??_set_pwm_duty:
   288                           
   289                           ; 1 bytes @ 0x4A
   290   00004B                     	ds	2
   291   00004D                     _set_pwm_duty$770:
   292                           	callstack 0
   293                           
   294                           ; 4 bytes @ 0x4C
   295   00004D                     	ds	4
   296   000051                     set_pwm_duty@duty:
   297                           	callstack 0
   298                           
   299                           ; 1 bytes @ 0x50
   300   000051                     	ds	1
   301   000052                     set_pwm_duty@reg_val:
   302                           	callstack 0
   303                           
   304                           ; 2 bytes @ 0x51
   305   000052                     	ds	2
   306   000054                     pwm_control@key:
   307                           	callstack 0
   308                           
   309                           ; 1 bytes @ 0x53
   310   000054                     	ds	1
   311   000055                     main@key:
   312                           	callstack 0
   313                           
   314                           ; 1 bytes @ 0x54
   315   000055                     	ds	1
   316                           
   317 ;;
   318 ;;Main: autosize = 0, tempsize = 0, incstack = 0, save=0
   319 ;;
   320 ;; *************** function _main *****************
   321 ;; Defined at:
   322 ;;		line 49 in file "main.c"
   323 ;; Parameters:    Size  Location     Type
   324 ;;		None
   325 ;; Auto vars:     Size  Location     Type
   326 ;;  key             1   84[COMRAM] unsigned char 
   327 ;; Return value:  Size  Location     Type
   328 ;;                  1    wreg      void 
   329 ;; Registers used:
   330 ;;		wreg, status,2, status,0, prodl, prodh, cstack
   331 ;; Tracked objects:
   332 ;;		On entry : 0/0
   333 ;;		On exit  : 0/0
   334 ;;		Unchanged: 0/0
   335 ;; Data sizes:     COMRAM   BANK0   BANK1   BANK2   BANK3   BANK4   BANK5
   336 ;;      Params:         0       0       0       0       0       0       0
   337 ;;      Locals:         1       0       0       0       0       0       0
   338 ;;      Temps:          0       0       0       0       0       0       0
   339 ;;      Totals:         1       0       0       0       0       0       0
   340 ;;Total ram usage:        1 bytes
   341 ;; Hardware stack levels required when called: 3
   342 ;; This function calls:
   343 ;;		_init_config
   344 ;;		_pwm_control
   345 ;;		_read_switches
   346 ;; This function is called by:
   347 ;;		Startup code after reset
   348 ;; This function uses a non-reentrant model
   349 ;;
   350                           
   351                           	psect	text0
   352   00226C                     __ptext0:
   353                           	callstack 0
   354   00226C                     _main:
   355                           	callstack 28
   356   00226C                     
   357                           ;main.c: 51:     unsigned char key;;main.c: 53:     init_config();
   358   00226C  EC2C  F011         	call	_init_config	;wreg free
   359   002270                     l35:
   360                           
   361                           ;main.c: 56:     {;main.c: 57:         key = read_switches(0);
   362   002270  0E00               	movlw	0
   363   002272  EC57  F011         	call	_read_switches
   364   002276  6E55               	movwf	main@key^0,c
   365   002278                     
   366                           ;main.c: 59:         pwm_control(key);
   367   002278  5055               	movf	main@key^0,w,c
   368   00227A  EC92  F011         	call	_pwm_control
   369   00227E  EF38  F011         	goto	l35
   370   002282  EF00  F000         	goto	start
   371   002286                     __end_of_main:
   372                           	callstack 0
   373                           
   374 ;; *************** function _read_switches *****************
   375 ;; Defined at:
   376 ;;		line 89 in file "matrix_keypad.c"
   377 ;; Parameters:    Size  Location     Type
   378 ;;  detection_ty    1    wreg     unsigned char 
   379 ;; Auto vars:     Size  Location     Type
   380 ;;  detection_ty    1    0[COMRAM] unsigned char 
   381 ;; Return value:  Size  Location     Type
   382 ;;                  1    wreg      unsigned char 
   383 ;; Registers used:
   384 ;;		wreg, status,2, status,0, cstack
   385 ;; Tracked objects:
   386 ;;		On entry : 0/0
   387 ;;		On exit  : 0/0
   388 ;;		Unchanged: 0/0
   389 ;; Data sizes:     COMRAM   BANK0   BANK1   BANK2   BANK3   BANK4   BANK5
   390 ;;      Params:         0       0       0       0       0       0       0
   391 ;;      Locals:         1       0       0       0       0       0       0
   392 ;;      Temps:          0       0       0       0       0       0       0
   393 ;;      Totals:         1       0       0       0       0       0       0
   394 ;;Total ram usage:        1 bytes
   395 ;; Hardware stack levels used: 1
   396 ;; Hardware stack levels required when called: 1
   397 ;; This function calls:
   398 ;;		_scan_key
   399 ;; This function is called by:
   400 ;;		_main
   401 ;; This function uses a non-reentrant model
   402 ;;
   403                           
   404                           	psect	text1
   405   0022AE                     __ptext1:
   406                           	callstack 0
   407   0022AE                     _read_switches:
   408                           	callstack 29
   409                           
   410                           ;incstack = 0
   411                           ;read_switches@detection_type stored from wreg
   412   0022AE  6E01               	movwf	read_switches@detection_type^0,c
   413   0022B0                     
   414                           ;matrix_keypad.c: 89: unsigned char read_switches(unsigned char detection_type);matrix_k
      +                          eypad.c: 90: {;matrix_keypad.c: 91:  static unsigned char once = 1, key;;matrix_keypad.c
      +                          : 93:  if (detection_type == 1)
   415   0022B0  0401               	decf	read_switches@detection_type^0,w,c
   416   0022B2  A4D8               	btfss	status,2,c
   417   0022B4  EF5E  F011         	goto	u771
   418   0022B8  EF60  F011         	goto	u770
   419   0022BC                     u771:
   420   0022BC  EF84  F011         	goto	l1276
   421   0022C0                     u770:
   422   0022C0                     
   423                           ;matrix_keypad.c: 94:  {;matrix_keypad.c: 95:   key = scan_key();
   424   0022C0  ECC0  F012         	call	_scan_key	;wreg free
   425   0022C4  6E5A               	movwf	read_switches@key^0,c
   426   0022C6                     
   427                           ;matrix_keypad.c: 96:   if(key != 0xFF && once )
   428   0022C6  285A               	incf	read_switches@key^0,w,c
   429   0022C8  B4D8               	btfsc	status,2,c
   430   0022CA  EF69  F011         	goto	u781
   431   0022CE  EF6B  F011         	goto	u780
   432   0022D2                     u781:
   433   0022D2  EF78  F011         	goto	l1272
   434   0022D6                     u780:
   435   0022D6  5058               	movf	read_switches@once^0,w,c
   436   0022D8  B4D8               	btfsc	status,2,c
   437   0022DA  EF71  F011         	goto	u791
   438   0022DE  EF73  F011         	goto	u790
   439   0022E2                     u791:
   440   0022E2  EF78  F011         	goto	l1272
   441   0022E6                     u790:
   442   0022E6                     
   443                           ;matrix_keypad.c: 97:   {;matrix_keypad.c: 98:    once = 0;
   444   0022E6  0E00               	movlw	0
   445   0022E8  6E58               	movwf	read_switches@once^0,c
   446                           
   447                           ;matrix_keypad.c: 99:    return key;
   448   0022EA  505A               	movf	read_switches@key^0,w,c
   449   0022EC  EF91  F011         	goto	l84
   450   0022F0                     l1272:
   451   0022F0  285A               	incf	read_switches@key^0,w,c
   452   0022F2  A4D8               	btfss	status,2,c
   453   0022F4  EF7E  F011         	goto	u801
   454   0022F8  EF80  F011         	goto	u800
   455   0022FC                     u801:
   456   0022FC  EF90  F011         	goto	l1282
   457   002300                     u800:
   458   002300                     
   459                           ;matrix_keypad.c: 102:   {;matrix_keypad.c: 103:    once = 1;
   460   002300  0E01               	movlw	1
   461   002302  6E58               	movwf	read_switches@once^0,c
   462   002304  EF90  F011         	goto	l1282
   463   002308                     l1276:
   464   002308  5001               	movf	read_switches@detection_type^0,w,c
   465   00230A  A4D8               	btfss	status,2,c
   466   00230C  EF8A  F011         	goto	u811
   467   002310  EF8C  F011         	goto	u810
   468   002314                     u811:
   469   002314  EF90  F011         	goto	l1282
   470   002318                     u810:
   471   002318                     
   472                           ;matrix_keypad.c: 107:  {;matrix_keypad.c: 108:   return scan_key();
   473   002318  ECC0  F012         	call	_scan_key	;wreg free
   474   00231C  EF91  F011         	goto	l84
   475   002320                     l1282:
   476                           
   477                           ;matrix_keypad.c: 111:  return 0xFF;
   478   002320  0EFF               	movlw	255
   479   002322                     l84:
   480   002322  0012               	return		;funcret
   481   002324                     __end_of_read_switches:
   482                           	callstack 0
   483                           
   484 ;; *************** function _scan_key *****************
   485 ;; Defined at:
   486 ;;		line 19 in file "matrix_keypad.c"
   487 ;; Parameters:    Size  Location     Type
   488 ;;		None
   489 ;; Auto vars:     Size  Location     Type
   490 ;;		None
   491 ;; Return value:  Size  Location     Type
   492 ;;                  1    wreg      unsigned char 
   493 ;; Registers used:
   494 ;;		wreg
   495 ;; Tracked objects:
   496 ;;		On entry : 0/0
   497 ;;		On exit  : 0/0
   498 ;;		Unchanged: 0/0
   499 ;; Data sizes:     COMRAM   BANK0   BANK1   BANK2   BANK3   BANK4   BANK5
   500 ;;      Params:         0       0       0       0       0       0       0
   501 ;;      Locals:         0       0       0       0       0       0       0
   502 ;;      Temps:          0       0       0       0       0       0       0
   503 ;;      Totals:         0       0       0       0       0       0       0
   504 ;;Total ram usage:        0 bytes
   505 ;; Hardware stack levels used: 1
   506 ;; This function calls:
   507 ;;		Nothing
   508 ;; This function is called by:
   509 ;;		_read_switches
   510 ;; This function uses a non-reentrant model
   511 ;;
   512                           
   513                           	psect	text2
   514   002580                     __ptext2:
   515                           	callstack 0
   516   002580                     _scan_key:
   517                           	callstack 29
   518   002580                     
   519                           ;matrix_keypad.c: 21:  PORTBbits.RB5 = 0;
   520   002580  9A81               	bcf	129,5,c	;volatile
   521                           
   522                           ;matrix_keypad.c: 22:  PORTBbits.RB6 = 1;
   523   002582  8C81               	bsf	129,6,c	;volatile
   524                           
   525                           ;matrix_keypad.c: 23:  PORTBbits.RB7 = 1;
   526   002584  8E81               	bsf	129,7,c	;volatile
   527                           
   528                           ;matrix_keypad.c: 25:  if (PORTBbits.RB1 == 0)
   529   002586  B281               	btfsc	129,1,c	;volatile
   530   002588  EFC8  F012         	goto	u601
   531   00258C  EFCA  F012         	goto	u600
   532   002590                     u601:
   533   002590  EFCD  F012         	goto	l54
   534   002594                     u600:
   535   002594                     
   536                           ;matrix_keypad.c: 26:  {;matrix_keypad.c: 27:   return 1;
   537   002594  0E01               	movlw	1
   538   002596  EF43  F013         	goto	l55
   539   00259A                     l54:
   540   00259A  B481               	btfsc	129,2,c	;volatile
   541   00259C  EFD2  F012         	goto	u611
   542   0025A0  EFD4  F012         	goto	u610
   543   0025A4                     u611:
   544   0025A4  EFD7  F012         	goto	l57
   545   0025A8                     u610:
   546   0025A8                     
   547                           ;matrix_keypad.c: 30:  {;matrix_keypad.c: 31:   return 4;
   548   0025A8  0E04               	movlw	4
   549   0025AA  EF43  F013         	goto	l55
   550   0025AE                     l57:
   551   0025AE  B681               	btfsc	129,3,c	;volatile
   552   0025B0  EFDC  F012         	goto	u621
   553   0025B4  EFDE  F012         	goto	u620
   554   0025B8                     u621:
   555   0025B8  EFE1  F012         	goto	l59
   556   0025BC                     u620:
   557   0025BC                     
   558                           ;matrix_keypad.c: 34:  {;matrix_keypad.c: 35:   return 7;
   559   0025BC  0E07               	movlw	7
   560   0025BE  EF43  F013         	goto	l55
   561   0025C2                     l59:
   562   0025C2  B881               	btfsc	129,4,c	;volatile
   563   0025C4  EFE6  F012         	goto	u631
   564   0025C8  EFE8  F012         	goto	u630
   565   0025CC                     u631:
   566   0025CC  EFEB  F012         	goto	l56
   567   0025D0                     u630:
   568   0025D0                     
   569                           ;matrix_keypad.c: 38:  {;matrix_keypad.c: 39:   return 10;
   570   0025D0  0E0A               	movlw	10
   571   0025D2  EF43  F013         	goto	l55
   572   0025D6                     l56:
   573                           
   574                           ;matrix_keypad.c: 42:  PORTBbits.RB5 = 1;
   575   0025D6  8A81               	bsf	129,5,c	;volatile
   576                           
   577                           ;matrix_keypad.c: 43:  PORTBbits.RB6 = 0;
   578   0025D8  9C81               	bcf	129,6,c	;volatile
   579                           
   580                           ;matrix_keypad.c: 44:  PORTBbits.RB7 = 1;
   581   0025DA  8E81               	bsf	129,7,c	;volatile
   582                           
   583                           ;matrix_keypad.c: 46:  if (PORTBbits.RB1 == 0)
   584   0025DC  B281               	btfsc	129,1,c	;volatile
   585   0025DE  EFF3  F012         	goto	u641
   586   0025E2  EFF5  F012         	goto	u640
   587   0025E6                     u641:
   588   0025E6  EFF8  F012         	goto	l62
   589   0025EA                     u640:
   590   0025EA                     
   591                           ;matrix_keypad.c: 47:  {;matrix_keypad.c: 48:   return 2;
   592   0025EA  0E02               	movlw	2
   593   0025EC  EF43  F013         	goto	l55
   594   0025F0                     l62:
   595   0025F0  B481               	btfsc	129,2,c	;volatile
   596   0025F2  EFFD  F012         	goto	u651
   597   0025F6  EFFF  F012         	goto	u650
   598   0025FA                     u651:
   599   0025FA  EF02  F013         	goto	l64
   600   0025FE                     u650:
   601   0025FE                     
   602                           ;matrix_keypad.c: 51:  {;matrix_keypad.c: 52:   return 5;
   603   0025FE  0E05               	movlw	5
   604   002600  EF43  F013         	goto	l55
   605   002604                     l64:
   606   002604  B681               	btfsc	129,3,c	;volatile
   607   002606  EF07  F013         	goto	u661
   608   00260A  EF09  F013         	goto	u660
   609   00260E                     u661:
   610   00260E  EF0C  F013         	goto	l66
   611   002612                     u660:
   612   002612                     
   613                           ;matrix_keypad.c: 55:  {;matrix_keypad.c: 56:   return 8;
   614   002612  0E08               	movlw	8
   615   002614  EF43  F013         	goto	l55
   616   002618                     l66:
   617   002618  B881               	btfsc	129,4,c	;volatile
   618   00261A  EF11  F013         	goto	u671
   619   00261E  EF13  F013         	goto	u670
   620   002622                     u671:
   621   002622  EF16  F013         	goto	l63
   622   002626                     u670:
   623   002626                     
   624                           ;matrix_keypad.c: 59:  {;matrix_keypad.c: 60:   return 11;
   625   002626  0E0B               	movlw	11
   626   002628  EF43  F013         	goto	l55
   627   00262C                     l63:
   628                           
   629                           ;matrix_keypad.c: 63:  PORTBbits.RB5 = 1;
   630   00262C  8A81               	bsf	129,5,c	;volatile
   631                           
   632                           ;matrix_keypad.c: 64:  PORTBbits.RB6 = 1;
   633   00262E  8C81               	bsf	129,6,c	;volatile
   634                           
   635                           ;matrix_keypad.c: 65:  PORTBbits.RB7 = 0;
   636   002630  9E81               	bcf	129,7,c	;volatile
   637                           
   638                           ;matrix_keypad.c: 67:  PORTBbits.RB7 = 0;
   639   002632  9E81               	bcf	129,7,c	;volatile
   640                           
   641                           ;matrix_keypad.c: 69:  if (PORTBbits.RB1 == 0)
   642   002634  B281               	btfsc	129,1,c	;volatile
   643   002636  EF1F  F013         	goto	u681
   644   00263A  EF21  F013         	goto	u680
   645   00263E                     u681:
   646   00263E  EF24  F013         	goto	l69
   647   002642                     u680:
   648   002642                     
   649                           ;matrix_keypad.c: 70:  {;matrix_keypad.c: 71:   return 3;
   650   002642  0E03               	movlw	3
   651   002644  EF43  F013         	goto	l55
   652   002648                     l69:
   653   002648  B481               	btfsc	129,2,c	;volatile
   654   00264A  EF29  F013         	goto	u691
   655   00264E  EF2B  F013         	goto	u690
   656   002652                     u691:
   657   002652  EF2E  F013         	goto	l71
   658   002656                     u690:
   659   002656                     
   660                           ;matrix_keypad.c: 74:  {;matrix_keypad.c: 75:   return 6;
   661   002656  0E06               	movlw	6
   662   002658  EF43  F013         	goto	l55
   663   00265C                     l71:
   664   00265C  B681               	btfsc	129,3,c	;volatile
   665   00265E  EF33  F013         	goto	u701
   666   002662  EF35  F013         	goto	u700
   667   002666                     u701:
   668   002666  EF38  F013         	goto	l73
   669   00266A                     u700:
   670   00266A                     
   671                           ;matrix_keypad.c: 78:  {;matrix_keypad.c: 79:   return 9;
   672   00266A  0E09               	movlw	9
   673   00266C  EF43  F013         	goto	l55
   674   002670                     l73:
   675   002670  B881               	btfsc	129,4,c	;volatile
   676   002672  EF3D  F013         	goto	u711
   677   002676  EF3F  F013         	goto	u710
   678   00267A                     u711:
   679   00267A  EF42  F013         	goto	l72
   680   00267E                     u710:
   681   00267E                     
   682                           ;matrix_keypad.c: 82:  {;matrix_keypad.c: 83:   return 12;
   683   00267E  0E0C               	movlw	12
   684   002680  EF43  F013         	goto	l55
   685   002684                     l72:
   686   002684                     
   687                           ;matrix_keypad.c: 86:  return 0xFF;
   688   002684  0EFF               	movlw	255
   689   002686                     l55:
   690   002686  0012               	return		;funcret
   691   002688                     __end_of_scan_key:
   692                           	callstack 0
   693                           
   694 ;; *************** function _pwm_control *****************
   695 ;; Defined at:
   696 ;;		line 11 in file "main.c"
   697 ;; Parameters:    Size  Location     Type
   698 ;;  key             1    wreg     unsigned char 
   699 ;; Auto vars:     Size  Location     Type
   700 ;;  key             1   83[COMRAM] unsigned char 
   701 ;; Return value:  Size  Location     Type
   702 ;;                  1    wreg      void 
   703 ;; Registers used:
   704 ;;		wreg, status,2, status,0, prodl, prodh, cstack
   705 ;; Tracked objects:
   706 ;;		On entry : 0/0
   707 ;;		On exit  : 0/0
   708 ;;		Unchanged: 0/0
   709 ;; Data sizes:     COMRAM   BANK0   BANK1   BANK2   BANK3   BANK4   BANK5
   710 ;;      Params:         0       0       0       0       0       0       0
   711 ;;      Locals:         1       0       0       0       0       0       0
   712 ;;      Temps:          0       0       0       0       0       0       0
   713 ;;      Totals:         1       0       0       0       0       0       0
   714 ;;Total ram usage:        1 bytes
   715 ;; Hardware stack levels used: 1
   716 ;; Hardware stack levels required when called: 2
   717 ;; This function calls:
   718 ;;		_set_pwm_duty
   719 ;; This function is called by:
   720 ;;		_main
   721 ;; This function uses a non-reentrant model
   722 ;;
   723                           
   724                           	psect	text3
   725   002324                     __ptext3:
   726                           	callstack 0
   727   002324                     _pwm_control:
   728                           	callstack 28
   729                           
   730                           ;incstack = 0
   731                           ;pwm_control@key stored from wreg
   732   002324  6E54               	movwf	pwm_control@key^0,c
   733   002326                     
   734                           ;main.c: 11: void pwm_control(unsigned char key);main.c: 12: {;main.c: 13:     static un
      +                          signed char duty_cycle = 50;;main.c: 14:     static unsigned int wait = 100;;main.c: 16:
      +                               if (!wait--)
   735   002326  0656               	decf	pwm_control@wait^0,f,c
   736   002328  A0D8               	btfss	status,0,c
   737   00232A  0657               	decf	(pwm_control@wait+1)^0,f,c
   738   00232C  2856               	incf	pwm_control@wait^0,w,c
   739   00232E  E106               	bnz	u1411
   740   002330  2857               	incf	(pwm_control@wait+1)^0,w,c
   741   002332  A4D8               	btfss	status,2,c
   742   002334  EF9E  F011         	goto	u1411
   743   002338  EFA0  F011         	goto	u1410
   744   00233C                     u1411:
   745   00233C  EFCC  F011         	goto	l1670
   746   002340                     u1410:
   747   002340                     
   748                           ;main.c: 17:     {;main.c: 18:         wait = 100;
   749   002340  0E00               	movlw	0
   750   002342  6E57               	movwf	(pwm_control@wait+1)^0,c
   751   002344  0E64               	movlw	100
   752   002346  6E56               	movwf	pwm_control@wait^0,c
   753   002348                     
   754                           ;main.c: 20:         if (key == 1)
   755   002348  0454               	decf	pwm_control@key^0,w,c
   756   00234A  A4D8               	btfss	status,2,c
   757   00234C  EFAA  F011         	goto	u1421
   758   002350  EFAC  F011         	goto	u1420
   759   002354                     u1421:
   760   002354  EFB8  F011         	goto	l1664
   761   002358                     u1420:
   762   002358                     
   763                           ;main.c: 21:         {;main.c: 22:             if (duty_cycle != 100)
   764   002358  0E64               	movlw	100
   765   00235A  1859               	xorwf	pwm_control@duty_cycle^0,w,c
   766   00235C  B4D8               	btfsc	status,2,c
   767   00235E  EFB3  F011         	goto	u1431
   768   002362  EFB5  F011         	goto	u1430
   769   002366                     u1431:
   770   002366  EFCC  F011         	goto	l1670
   771   00236A                     u1430:
   772   00236A                     
   773                           ;main.c: 23:             {;main.c: 24:                 duty_cycle++;
   774   00236A  2A59               	incf	pwm_control@duty_cycle^0,f,c
   775   00236C  EFCC  F011         	goto	l1670
   776   002370                     l1664:
   777   002370  0E02               	movlw	2
   778   002372  1854               	xorwf	pwm_control@key^0,w,c
   779   002374  A4D8               	btfss	status,2,c
   780   002376  EFBF  F011         	goto	u1441
   781   00237A  EFC1  F011         	goto	u1440
   782   00237E                     u1441:
   783   00237E  EFCC  F011         	goto	l1670
   784   002382                     u1440:
   785   002382                     
   786                           ;main.c: 28:         {;main.c: 29:             if (duty_cycle != 0)
   787   002382  5059               	movf	pwm_control@duty_cycle^0,w,c
   788   002384  B4D8               	btfsc	status,2,c
   789   002386  EFC7  F011         	goto	u1451
   790   00238A  EFC9  F011         	goto	u1450
   791   00238E                     u1451:
   792   00238E  EFCC  F011         	goto	l24
   793   002392                     u1450:
   794   002392                     
   795                           ;main.c: 30:             {;main.c: 31:                 duty_cycle--;
   796   002392  0659               	decf	pwm_control@duty_cycle^0,f,c
   797   002394  EFCC  F011         	goto	l1670
   798   002398                     l24:
   799   002398                     l1670:
   800                           
   801                           ;main.c: 37:     set_pwm_duty(duty_cycle);
   802   002398  5059               	movf	pwm_control@duty_cycle^0,w,c
   803   00239A  ECD0  F011         	call	_set_pwm_duty
   804   00239E  0012               	return		;funcret
   805   0023A0                     __end_of_pwm_control:
   806                           	callstack 0
   807                           
   808 ;; *************** function _set_pwm_duty *****************
   809 ;; Defined at:
   810 ;;		line 19 in file "pwm.c"
   811 ;; Parameters:    Size  Location     Type
   812 ;;  duty            1    wreg     unsigned char 
   813 ;; Auto vars:     Size  Location     Type
   814 ;;  duty            1   80[COMRAM] unsigned char 
   815 ;;  reg_val         2   81[COMRAM] unsigned int 
   816 ;; Return value:  Size  Location     Type
   817 ;;                  1    wreg      void 
   818 ;; Registers used:
   819 ;;		wreg, status,2, status,0, prodl, prodh, cstack
   820 ;; Tracked objects:
   821 ;;		On entry : 0/0
   822 ;;		On exit  : 0/0
   823 ;;		Unchanged: 0/0
   824 ;; Data sizes:     COMRAM   BANK0   BANK1   BANK2   BANK3   BANK4   BANK5
   825 ;;      Params:         0       0       0       0       0       0       0
   826 ;;      Locals:         7       0       0       0       0       0       0
   827 ;;      Temps:          2       0       0       0       0       0       0
   828 ;;      Totals:         9       0       0       0       0       0       0
   829 ;;Total ram usage:        9 bytes
   830 ;; Hardware stack levels used: 1
   831 ;; Hardware stack levels required when called: 1
   832 ;; This function calls:
   833 ;;		___fldiv
   834 ;;		___flmul
   835 ;;		___fltol
   836 ;;		___xxtofl
   837 ;; This function is called by:
   838 ;;		_pwm_control
   839 ;; This function uses a non-reentrant model
   840 ;;
   841                           
   842                           	psect	text4
   843   0023A0                     __ptext4:
   844                           	callstack 0
   845   0023A0                     _set_pwm_duty:
   846                           	callstack 28
   847                           
   848                           ;incstack = 0
   849                           ;set_pwm_duty@duty stored from wreg
   850   0023A0  6E51               	movwf	set_pwm_duty@duty^0,c
   851   0023A2                     
   852                           ;pwm.c: 19: void set_pwm_duty(unsigned char duty);pwm.c: 20: {;pwm.c: 21:     unsigned i
      +                          nt reg_val;;pwm.c: 23:     reg_val = ((float) duty / 100) * 250 * 4;
   853   0023A2  0E00               	movlw	0
   854   0023A4  6E2C               	movwf	___flmul@a^0,c
   855   0023A6  0E00               	movlw	0
   856   0023A8  6E2D               	movwf	(___flmul@a+1)^0,c
   857   0023AA  0E7A               	movlw	122
   858   0023AC  6E2E               	movwf	(___flmul@a+2)^0,c
   859   0023AE  0E43               	movlw	67
   860   0023B0  6E2F               	movwf	(___flmul@a+3)^0,c
   861   0023B2  0E00               	movlw	0
   862   0023B4  6E13               	movwf	___fldiv@a^0,c
   863   0023B6  0E00               	movlw	0
   864   0023B8  6E14               	movwf	(___fldiv@a+1)^0,c
   865   0023BA  0EC8               	movlw	200
   866   0023BC  6E15               	movwf	(___fldiv@a+2)^0,c
   867   0023BE  0E42               	movlw	66
   868   0023C0  6E16               	movwf	(___fldiv@a+3)^0,c
   869   0023C2  5051               	movf	set_pwm_duty@duty^0,w,c
   870   0023C4  6E01               	movwf	___xxtofl@val^0,c
   871   0023C6  6A02               	clrf	(___xxtofl@val+1)^0,c
   872   0023C8  6A03               	clrf	(___xxtofl@val+2)^0,c
   873   0023CA  6A04               	clrf	(___xxtofl@val+3)^0,c
   874   0023CC  0E00               	movlw	0
   875   0023CE  EC44  F013         	call	___xxtofl
   876   0023D2  C001  F00F         	movff	?___xxtofl,___fldiv@b
   877   0023D6  C002  F010         	movff	?___xxtofl+1,___fldiv@b+1
   878   0023DA  C003  F011         	movff	?___xxtofl+2,___fldiv@b+2
   879   0023DE  C004  F012         	movff	?___xxtofl+3,___fldiv@b+3
   880   0023E2  EC1E  F014         	call	___fldiv	;wreg free
   881   0023E6  C00F  F028         	movff	?___fldiv,___flmul@b
   882   0023EA  C010  F029         	movff	?___fldiv+1,___flmul@b+1
   883   0023EE  C011  F02A         	movff	?___fldiv+2,___flmul@b+2
   884   0023F2  C012  F02B         	movff	?___fldiv+3,___flmul@b+3
   885   0023F6  ECEB  F015         	call	___flmul	;wreg free
   886   0023FA  C028  F04D         	movff	?___flmul,_set_pwm_duty$770
   887   0023FE  C029  F04E         	movff	?___flmul+1,_set_pwm_duty$770+1
   888   002402  C02A  F04F         	movff	?___flmul+2,_set_pwm_duty$770+2
   889   002406  C02B  F050         	movff	?___flmul+3,_set_pwm_duty$770+3
   890                           
   891                           ;pwm.c: 19: void set_pwm_duty(unsigned char duty);pwm.c: 20: {;pwm.c: 21:     unsigned i
      +                          nt reg_val;;pwm.c: 23:     reg_val = ((float) duty / 100) * 250 * 4;
   892   00240A  0E00               	movlw	0
   893   00240C  6E2C               	movwf	___flmul@a^0,c
   894   00240E  0E00               	movlw	0
   895   002410  6E2D               	movwf	(___flmul@a+1)^0,c
   896   002412  0E80               	movlw	128
   897   002414  6E2E               	movwf	(___flmul@a+2)^0,c
   898   002416  0E40               	movlw	64
   899   002418  6E2F               	movwf	(___flmul@a+3)^0,c
   900   00241A  C04D  F028         	movff	_set_pwm_duty$770,___flmul@b
   901   00241E  C04E  F029         	movff	_set_pwm_duty$770+1,___flmul@b+1
   902   002422  C04F  F02A         	movff	_set_pwm_duty$770+2,___flmul@b+2
   903   002426  C050  F02B         	movff	_set_pwm_duty$770+3,___flmul@b+3
   904   00242A  ECEB  F015         	call	___flmul	;wreg free
   905   00242E  C028  F041         	movff	?___flmul,___fltol@f1
   906   002432  C029  F042         	movff	?___flmul+1,___fltol@f1+1
   907   002436  C02A  F043         	movff	?___flmul+2,___fltol@f1+2
   908   00243A  C02B  F044         	movff	?___flmul+3,___fltol@f1+3
   909   00243E  EC3D  F012         	call	___fltol	;wreg free
   910   002442  C041  F052         	movff	?___fltol,set_pwm_duty@reg_val
   911   002446  C042  F053         	movff	?___fltol+1,set_pwm_duty@reg_val+1
   912   00244A                     
   913                           ;pwm.c: 25:     CCPR1L = reg_val >> 2;
   914   00244A  C052  F04B         	movff	set_pwm_duty@reg_val,??_set_pwm_duty
   915   00244E  C053  F04C         	movff	set_pwm_duty@reg_val+1,??_set_pwm_duty+1
   916   002452  90D8               	bcf	status,0,c
   917   002454  324C               	rrcf	(??_set_pwm_duty+1)^0,f,c
   918   002456  324B               	rrcf	??_set_pwm_duty^0,f,c
   919   002458  90D8               	bcf	status,0,c
   920   00245A  324C               	rrcf	(??_set_pwm_duty+1)^0,f,c
   921   00245C  324B               	rrcf	??_set_pwm_duty^0,f,c
   922   00245E  504B               	movf	??_set_pwm_duty^0,w,c
   923   002460  6EBE               	movwf	190,c	;volatile
   924   002462                     
   925                           ;pwm.c: 27:     CCP1CON = (CCP1CON & 0xCF) | ((reg_val & 0x03) << 4);
   926   002462  C052  F04B         	movff	set_pwm_duty@reg_val,??_set_pwm_duty
   927   002466  0E03               	movlw	3
   928   002468  164B               	andwf	??_set_pwm_duty^0,f,c
   929   00246A  3A4B               	swapf	??_set_pwm_duty^0,f,c
   930   00246C  0EF0               	movlw	240
   931   00246E  164B               	andwf	??_set_pwm_duty^0,f,c
   932   002470  50BD               	movf	189,w,c	;volatile
   933   002472  0BCF               	andlw	207
   934   002474  104B               	iorwf	??_set_pwm_duty^0,w,c
   935   002476  6EBD               	movwf	189,c	;volatile
   936   002478  0012               	return		;funcret
   937   00247A                     __end_of_set_pwm_duty:
   938                           	callstack 0
   939                           
   940 ;; *************** function ___xxtofl *****************
   941 ;; Defined at:
   942 ;;		line 10 in file "C:\Program Files\Microchip\xc8\v2.40\pic\sources\c99\common\xxtofl.c"
   943 ;; Parameters:    Size  Location     Type
   944 ;;  sign            1    wreg     unsigned char 
   945 ;;  val             4    0[COMRAM] long 
   946 ;; Auto vars:     Size  Location     Type
   947 ;;  sign            1    8[COMRAM] unsigned char 
   948 ;;  arg             4   10[COMRAM] unsigned long 
   949 ;;  exp             1    9[COMRAM] unsigned char 
   950 ;; Return value:  Size  Location     Type
   951 ;;                  4    0[COMRAM] unsigned char 
   952 ;; Registers used:
   953 ;;		wreg, status,2, status,0
   954 ;; Tracked objects:
   955 ;;		On entry : 0/0
   956 ;;		On exit  : 0/0
   957 ;;		Unchanged: 0/0
   958 ;; Data sizes:     COMRAM   BANK0   BANK1   BANK2   BANK3   BANK4   BANK5
   959 ;;      Params:         4       0       0       0       0       0       0
   960 ;;      Locals:         6       0       0       0       0       0       0
   961 ;;      Temps:          4       0       0       0       0       0       0
   962 ;;      Totals:        14       0       0       0       0       0       0
   963 ;;Total ram usage:       14 bytes
   964 ;; Hardware stack levels used: 1
   965 ;; This function calls:
   966 ;;		Nothing
   967 ;; This function is called by:
   968 ;;		_set_pwm_duty
   969 ;; This function uses a non-reentrant model
   970 ;;
   971                           
   972                           	psect	text5
   973   002688                     __ptext5:
   974                           	callstack 0
   975   002688                     ___xxtofl:
   976                           	callstack 28
   977                           
   978                           ;incstack = 0
   979                           ;___xxtofl@sign stored from wreg
   980   002688  6E09               	movwf	___xxtofl@sign^0,c
   981   00268A  5009               	movf	___xxtofl@sign^0,w,c
   982   00268C  B4D8               	btfsc	status,2,c
   983   00268E  EF4B  F013         	goto	u1311
   984   002692  EF4D  F013         	goto	u1310
   985   002696                     u1311:
   986   002696  EF6F  F013         	goto	l764
   987   00269A                     u1310:
   988   00269A  BE04               	btfsc	(___xxtofl@val+3)^0,7,c
   989   00269C  EF54  F013         	goto	u1320
   990   0026A0  EF52  F013         	goto	u1321
   991   0026A4                     u1321:
   992   0026A4  EF6F  F013         	goto	l764
   993   0026A8                     u1320:
   994   0026A8  C001  F005         	movff	___xxtofl@val,??___xxtofl
   995   0026AC  C002  F006         	movff	___xxtofl@val+1,??___xxtofl+1
   996   0026B0  C003  F007         	movff	___xxtofl@val+2,??___xxtofl+2
   997   0026B4  C004  F008         	movff	___xxtofl@val+3,??___xxtofl+3
   998   0026B8  1E05               	comf	??___xxtofl^0,f,c
   999   0026BA  1E06               	comf	(??___xxtofl+1)^0,f,c
  1000   0026BC  1E07               	comf	(??___xxtofl+2)^0,f,c
  1001   0026BE  1E08               	comf	(??___xxtofl+3)^0,f,c
  1002   0026C0  2A05               	incf	??___xxtofl^0,f,c
  1003   0026C2  0E00               	movlw	0
  1004   0026C4  2206               	addwfc	(??___xxtofl+1)^0,f,c
  1005   0026C6  2207               	addwfc	(??___xxtofl+2)^0,f,c
  1006   0026C8  2208               	addwfc	(??___xxtofl+3)^0,f,c
  1007   0026CA  C005  F00B         	movff	??___xxtofl,___xxtofl@arg
  1008   0026CE  C006  F00C         	movff	??___xxtofl+1,___xxtofl@arg+1
  1009   0026D2  C007  F00D         	movff	??___xxtofl+2,___xxtofl@arg+2
  1010   0026D6  C008  F00E         	movff	??___xxtofl+3,___xxtofl@arg+3
  1011   0026DA  EF77  F013         	goto	l1608
  1012   0026DE                     l764:
  1013   0026DE  C001  F00B         	movff	___xxtofl@val,___xxtofl@arg
  1014   0026E2  C002  F00C         	movff	___xxtofl@val+1,___xxtofl@arg+1
  1015   0026E6  C003  F00D         	movff	___xxtofl@val+2,___xxtofl@arg+2
  1016   0026EA  C004  F00E         	movff	___xxtofl@val+3,___xxtofl@arg+3
  1017   0026EE                     l1608:
  1018   0026EE  5001               	movf	___xxtofl@val^0,w,c
  1019   0026F0  1002               	iorwf	(___xxtofl@val+1)^0,w,c
  1020   0026F2  1003               	iorwf	(___xxtofl@val+2)^0,w,c
  1021   0026F4  1004               	iorwf	(___xxtofl@val+3)^0,w,c
  1022   0026F6  A4D8               	btfss	status,2,c
  1023   0026F8  EF80  F013         	goto	u1331
  1024   0026FC  EF82  F013         	goto	u1330
  1025   002700                     u1331:
  1026   002700  EF8C  F013         	goto	l1614
  1027   002704                     u1330:
  1028   002704  0E00               	movlw	0
  1029   002706  6E01               	movwf	?___xxtofl^0,c
  1030   002708  0E00               	movlw	0
  1031   00270A  6E02               	movwf	(?___xxtofl+1)^0,c
  1032   00270C  0E00               	movlw	0
  1033   00270E  6E03               	movwf	(?___xxtofl+2)^0,c
  1034   002710  0E00               	movlw	0
  1035   002712  6E04               	movwf	(?___xxtofl+3)^0,c
  1036   002714  EF1D  F014         	goto	l767
  1037   002718                     l1614:
  1038   002718  0E96               	movlw	150
  1039   00271A  6E0A               	movwf	___xxtofl@exp^0,c
  1040   00271C  EF96  F013         	goto	l1618
  1041   002720                     l1616:
  1042   002720  2A0A               	incf	___xxtofl@exp^0,f,c
  1043   002722  90D8               	bcf	status,0,c
  1044   002724  320E               	rrcf	(___xxtofl@arg+3)^0,f,c
  1045   002726  320D               	rrcf	(___xxtofl@arg+2)^0,f,c
  1046   002728  320C               	rrcf	(___xxtofl@arg+1)^0,f,c
  1047   00272A  320B               	rrcf	___xxtofl@arg^0,f,c
  1048   00272C                     l1618:
  1049   00272C  0E00               	movlw	0
  1050   00272E  140B               	andwf	___xxtofl@arg^0,w,c
  1051   002730  6E05               	movwf	??___xxtofl^0,c
  1052   002732  0E00               	movlw	0
  1053   002734  140C               	andwf	(___xxtofl@arg+1)^0,w,c
  1054   002736  6E06               	movwf	(??___xxtofl+1)^0,c
  1055   002738  0E00               	movlw	0
  1056   00273A  140D               	andwf	(___xxtofl@arg+2)^0,w,c
  1057   00273C  6E07               	movwf	(??___xxtofl+2)^0,c
  1058   00273E  0EFE               	movlw	254
  1059   002740  140E               	andwf	(___xxtofl@arg+3)^0,w,c
  1060   002742  6E08               	movwf	(??___xxtofl+3)^0,c
  1061   002744  5005               	movf	??___xxtofl^0,w,c
  1062   002746  1006               	iorwf	(??___xxtofl+1)^0,w,c
  1063   002748  1007               	iorwf	(??___xxtofl+2)^0,w,c
  1064   00274A  1008               	iorwf	(??___xxtofl+3)^0,w,c
  1065   00274C  A4D8               	btfss	status,2,c
  1066   00274E  EFAB  F013         	goto	u1341
  1067   002752  EFAD  F013         	goto	u1340
  1068   002756                     u1341:
  1069   002756  EF90  F013         	goto	l1616
  1070   00275A                     u1340:
  1071   00275A  EFBB  F013         	goto	l771
  1072   00275E                     l1620:
  1073   00275E  2A0A               	incf	___xxtofl@exp^0,f,c
  1074   002760  0E01               	movlw	1
  1075   002762  260B               	addwf	___xxtofl@arg^0,f,c
  1076   002764  0E00               	movlw	0
  1077   002766  220C               	addwfc	(___xxtofl@arg+1)^0,f,c
  1078   002768  220D               	addwfc	(___xxtofl@arg+2)^0,f,c
  1079   00276A  220E               	addwfc	(___xxtofl@arg+3)^0,f,c
  1080   00276C  90D8               	bcf	status,0,c
  1081   00276E  320E               	rrcf	(___xxtofl@arg+3)^0,f,c
  1082   002770  320D               	rrcf	(___xxtofl@arg+2)^0,f,c
  1083   002772  320C               	rrcf	(___xxtofl@arg+1)^0,f,c
  1084   002774  320B               	rrcf	___xxtofl@arg^0,f,c
  1085   002776                     l771:
  1086   002776  0E00               	movlw	0
  1087   002778  140B               	andwf	___xxtofl@arg^0,w,c
  1088   00277A  6E05               	movwf	??___xxtofl^0,c
  1089   00277C  0E00               	movlw	0
  1090   00277E  140C               	andwf	(___xxtofl@arg+1)^0,w,c
  1091   002780  6E06               	movwf	(??___xxtofl+1)^0,c
  1092   002782  0E00               	movlw	0
  1093   002784  140D               	andwf	(___xxtofl@arg+2)^0,w,c
  1094   002786  6E07               	movwf	(??___xxtofl+2)^0,c
  1095   002788  0EFF               	movlw	255
  1096   00278A  140E               	andwf	(___xxtofl@arg+3)^0,w,c
  1097   00278C  6E08               	movwf	(??___xxtofl+3)^0,c
  1098   00278E  5005               	movf	??___xxtofl^0,w,c
  1099   002790  1006               	iorwf	(??___xxtofl+1)^0,w,c
  1100   002792  1007               	iorwf	(??___xxtofl+2)^0,w,c
  1101   002794  1008               	iorwf	(??___xxtofl+3)^0,w,c
  1102   002796  A4D8               	btfss	status,2,c
  1103   002798  EFD0  F013         	goto	u1351
  1104   00279C  EFD2  F013         	goto	u1350
  1105   0027A0                     u1351:
  1106   0027A0  EFAF  F013         	goto	l1620
  1107   0027A4                     u1350:
  1108   0027A4  EFDA  F013         	goto	l1628
  1109   0027A8                     l1626:
  1110   0027A8  060A               	decf	___xxtofl@exp^0,f,c
  1111   0027AA  90D8               	bcf	status,0,c
  1112   0027AC  360B               	rlcf	___xxtofl@arg^0,f,c
  1113   0027AE  360C               	rlcf	(___xxtofl@arg+1)^0,f,c
  1114   0027B0  360D               	rlcf	(___xxtofl@arg+2)^0,f,c
  1115   0027B2  360E               	rlcf	(___xxtofl@arg+3)^0,f,c
  1116   0027B4                     l1628:
  1117   0027B4  BE0D               	btfsc	(___xxtofl@arg+2)^0,7,c
  1118   0027B6  EFDF  F013         	goto	u1361
  1119   0027BA  EFE1  F013         	goto	u1360
  1120   0027BE                     u1361:
  1121   0027BE  EFE9  F013         	goto	l778
  1122   0027C2                     u1360:
  1123   0027C2  0E02               	movlw	2
  1124   0027C4  600A               	cpfslt	___xxtofl@exp^0,c
  1125   0027C6  EFE7  F013         	goto	u1371
  1126   0027CA  EFE9  F013         	goto	u1370
  1127   0027CE                     u1371:
  1128   0027CE  EFD4  F013         	goto	l1626
  1129   0027D2                     u1370:
  1130   0027D2                     l778:
  1131   0027D2  B00A               	btfsc	___xxtofl@exp^0,0,c
  1132   0027D4  EFEE  F013         	goto	u1381
  1133   0027D8  EFF0  F013         	goto	u1380
  1134   0027DC                     u1381:
  1135   0027DC  EFF1  F013         	goto	l1634
  1136   0027E0                     u1380:
  1137   0027E0  9E0D               	bcf	(___xxtofl@arg+2)^0,7,c
  1138   0027E2                     l1634:
  1139   0027E2  90D8               	bcf	status,0,c
  1140   0027E4  320A               	rrcf	___xxtofl@exp^0,f,c
  1141   0027E6  C00A  F005         	movff	___xxtofl@exp,??___xxtofl
  1142   0027EA  6A06               	clrf	(??___xxtofl+1)^0,c
  1143   0027EC  6A07               	clrf	(??___xxtofl+2)^0,c
  1144   0027EE  6A08               	clrf	(??___xxtofl+3)^0,c
  1145   0027F0  C005  F008         	movff	??___xxtofl,??___xxtofl+3
  1146   0027F4  6A07               	clrf	(??___xxtofl+2)^0,c
  1147   0027F6  6A06               	clrf	(??___xxtofl+1)^0,c
  1148   0027F8  6A05               	clrf	??___xxtofl^0,c
  1149   0027FA  5005               	movf	??___xxtofl^0,w,c
  1150   0027FC  120B               	iorwf	___xxtofl@arg^0,f,c
  1151   0027FE  5006               	movf	(??___xxtofl+1)^0,w,c
  1152   002800  120C               	iorwf	(___xxtofl@arg+1)^0,f,c
  1153   002802  5007               	movf	(??___xxtofl+2)^0,w,c
  1154   002804  120D               	iorwf	(___xxtofl@arg+2)^0,f,c
  1155   002806  5008               	movf	(??___xxtofl+3)^0,w,c
  1156   002808  120E               	iorwf	(___xxtofl@arg+3)^0,f,c
  1157   00280A  5009               	movf	___xxtofl@sign^0,w,c
  1158   00280C  B4D8               	btfsc	status,2,c
  1159   00280E  EF0B  F014         	goto	u1391
  1160   002812  EF0D  F014         	goto	u1390
  1161   002816                     u1391:
  1162   002816  EF15  F014         	goto	l1644
  1163   00281A                     u1390:
  1164   00281A  BE04               	btfsc	(___xxtofl@val+3)^0,7,c
  1165   00281C  EF14  F014         	goto	u1400
  1166   002820  EF12  F014         	goto	u1401
  1167   002824                     u1401:
  1168   002824  EF15  F014         	goto	l1644
  1169   002828                     u1400:
  1170   002828  8E0E               	bsf	(___xxtofl@arg+3)^0,7,c
  1171   00282A                     l1644:
  1172   00282A  C00B  F001         	movff	___xxtofl@arg,?___xxtofl
  1173   00282E  C00C  F002         	movff	___xxtofl@arg+1,?___xxtofl+1
  1174   002832  C00D  F003         	movff	___xxtofl@arg+2,?___xxtofl+2
  1175   002836  C00E  F004         	movff	___xxtofl@arg+3,?___xxtofl+3
  1176   00283A                     l767:
  1177   00283A  0012               	return		;funcret
  1178   00283C                     __end_of___xxtofl:
  1179                           	callstack 0
  1180                           
  1181 ;; *************** function ___fltol *****************
  1182 ;; Defined at:
  1183 ;;		line 43 in file "C:\Program Files\Microchip\xc8\v2.40\pic\sources\c99\common\fltol.c"
  1184 ;; Parameters:    Size  Location     Type
  1185 ;;  f1              4   64[COMRAM] unsigned char 
  1186 ;; Auto vars:     Size  Location     Type
  1187 ;;  exp1            1   73[COMRAM] unsigned char 
  1188 ;;  sign1           1   72[COMRAM] unsigned char 
  1189 ;; Return value:  Size  Location     Type
  1190 ;;                  4   64[COMRAM] long 
  1191 ;; Registers used:
  1192 ;;		wreg, status,2, status,0
  1193 ;; Tracked objects:
  1194 ;;		On entry : 0/0
  1195 ;;		On exit  : 0/0
  1196 ;;		Unchanged: 0/0
  1197 ;; Data sizes:     COMRAM   BANK0   BANK1   BANK2   BANK3   BANK4   BANK5
  1198 ;;      Params:         4       0       0       0       0       0       0
  1199 ;;      Locals:         2       0       0       0       0       0       0
  1200 ;;      Temps:          4       0       0       0       0       0       0
  1201 ;;      Totals:        10       0       0       0       0       0       0
  1202 ;;Total ram usage:       10 bytes
  1203 ;; Hardware stack levels used: 1
  1204 ;; This function calls:
  1205 ;;		Nothing
  1206 ;; This function is called by:
  1207 ;;		_set_pwm_duty
  1208 ;; This function uses a non-reentrant model
  1209 ;;
  1210                           
  1211                           	psect	text6
  1212   00247A                     __ptext6:
  1213                           	callstack 0
  1214   00247A                     ___fltol:
  1215                           	callstack 28
  1216   00247A  3443               	rlcf	(___fltol@f1+2)^0,w,c
  1217   00247C  3444               	rlcf	(___fltol@f1+3)^0,w,c
  1218   00247E  6E4A               	movwf	___fltol@exp1^0,c
  1219   002480  504A               	movf	___fltol@exp1^0,w,c
  1220   002482  A4D8               	btfss	status,2,c
  1221   002484  EF46  F012         	goto	u1241
  1222   002488  EF48  F012         	goto	u1240
  1223   00248C                     u1241:
  1224   00248C  EF52  F012         	goto	l1564
  1225   002490                     u1240:
  1226   002490                     l1560:
  1227   002490  0E00               	movlw	0
  1228   002492  6E41               	movwf	?___fltol^0,c
  1229   002494  0E00               	movlw	0
  1230   002496  6E42               	movwf	(?___fltol+1)^0,c
  1231   002498  0E00               	movlw	0
  1232   00249A  6E43               	movwf	(?___fltol+2)^0,c
  1233   00249C  0E00               	movlw	0
  1234   00249E  6E44               	movwf	(?___fltol+3)^0,c
  1235   0024A0  EFBF  F012         	goto	l406
  1236   0024A4                     l1564:
  1237   0024A4  C041  F045         	movff	___fltol@f1,??___fltol
  1238   0024A8  C042  F046         	movff	___fltol@f1+1,??___fltol+1
  1239   0024AC  C043  F047         	movff	___fltol@f1+2,??___fltol+2
  1240   0024B0  C044  F048         	movff	___fltol@f1+3,??___fltol+3
  1241   0024B4  0E20               	movlw	32
  1242   0024B6  EF62  F012         	goto	u1250
  1243   0024BA                     u1255:
  1244   0024BA  90D8               	bcf	status,0,c
  1245   0024BC  3248               	rrcf	(??___fltol+3)^0,f,c
  1246   0024BE  3247               	rrcf	(??___fltol+2)^0,f,c
  1247   0024C0  3246               	rrcf	(??___fltol+1)^0,f,c
  1248   0024C2  3245               	rrcf	??___fltol^0,f,c
  1249   0024C4                     u1250:
  1250   0024C4  2EE8               	decfsz	wreg,f,c
  1251   0024C6  EF5D  F012         	goto	u1255
  1252   0024CA  5045               	movf	??___fltol^0,w,c
  1253   0024CC  6E49               	movwf	___fltol@sign1^0,c
  1254   0024CE  8E43               	bsf	(___fltol@f1+2)^0,7,c
  1255   0024D0  0EFF               	movlw	255
  1256   0024D2  1641               	andwf	___fltol@f1^0,f,c
  1257   0024D4  0EFF               	movlw	255
  1258   0024D6  1642               	andwf	(___fltol@f1+1)^0,f,c
  1259   0024D8  0EFF               	movlw	255
  1260   0024DA  1643               	andwf	(___fltol@f1+2)^0,f,c
  1261   0024DC  0E00               	movlw	0
  1262   0024DE  1644               	andwf	(___fltol@f1+3)^0,f,c
  1263   0024E0  0E96               	movlw	150
  1264   0024E2  5E4A               	subwf	___fltol@exp1^0,f,c
  1265   0024E4  BE4A               	btfsc	___fltol@exp1^0,7,c
  1266   0024E6  EF79  F012         	goto	u1260
  1267   0024EA  EF77  F012         	goto	u1261
  1268   0024EE                     u1261:
  1269   0024EE  EF8F  F012         	goto	l1584
  1270   0024F2                     u1260:
  1271   0024F2  504A               	movf	___fltol@exp1^0,w,c
  1272   0024F4  0A80               	xorlw	128
  1273   0024F6  0F97               	addlw	151
  1274   0024F8  B0D8               	btfsc	status,0,c
  1275   0024FA  EF81  F012         	goto	u1271
  1276   0024FE  EF83  F012         	goto	u1270
  1277   002502                     u1271:
  1278   002502  EF85  F012         	goto	l1580
  1279   002506                     u1270:
  1280   002506  EF48  F012         	goto	l1560
  1281   00250A                     l1580:
  1282   00250A  90D8               	bcf	status,0,c
  1283   00250C  3244               	rrcf	(___fltol@f1+3)^0,f,c
  1284   00250E  3243               	rrcf	(___fltol@f1+2)^0,f,c
  1285   002510  3242               	rrcf	(___fltol@f1+1)^0,f,c
  1286   002512  3241               	rrcf	___fltol@f1^0,f,c
  1287   002514  3E4A               	incfsz	___fltol@exp1^0,f,c
  1288   002516  EF85  F012         	goto	l1580
  1289   00251A  EFA7  F012         	goto	l1594
  1290   00251E                     l1584:
  1291   00251E  0E1F               	movlw	31
  1292   002520  644A               	cpfsgt	___fltol@exp1^0,c
  1293   002522  EF95  F012         	goto	u1281
  1294   002526  EF97  F012         	goto	u1280
  1295   00252A                     u1281:
  1296   00252A  EF9F  F012         	goto	l1592
  1297   00252E                     u1280:
  1298   00252E  EF48  F012         	goto	l1560
  1299   002532                     l1590:
  1300   002532  90D8               	bcf	status,0,c
  1301   002534  3641               	rlcf	___fltol@f1^0,f,c
  1302   002536  3642               	rlcf	(___fltol@f1+1)^0,f,c
  1303   002538  3643               	rlcf	(___fltol@f1+2)^0,f,c
  1304   00253A  3644               	rlcf	(___fltol@f1+3)^0,f,c
  1305   00253C  064A               	decf	___fltol@exp1^0,f,c
  1306   00253E                     l1592:
  1307   00253E  504A               	movf	___fltol@exp1^0,w,c
  1308   002540  A4D8               	btfss	status,2,c
  1309   002542  EFA5  F012         	goto	u1291
  1310   002546  EFA7  F012         	goto	u1290
  1311   00254A                     u1291:
  1312   00254A  EF99  F012         	goto	l1590
  1313   00254E                     u1290:
  1314   00254E                     l1594:
  1315   00254E  5049               	movf	___fltol@sign1^0,w,c
  1316   002550  B4D8               	btfsc	status,2,c
  1317   002552  EFAD  F012         	goto	u1301
  1318   002556  EFAF  F012         	goto	u1300
  1319   00255A                     u1301:
  1320   00255A  EFB7  F012         	goto	l1598
  1321   00255E                     u1300:
  1322   00255E  1E44               	comf	(___fltol@f1+3)^0,f,c
  1323   002560  1E43               	comf	(___fltol@f1+2)^0,f,c
  1324   002562  1E42               	comf	(___fltol@f1+1)^0,f,c
  1325   002564  6C41               	negf	___fltol@f1^0,c
  1326   002566  0E00               	movlw	0
  1327   002568  2242               	addwfc	(___fltol@f1+1)^0,f,c
  1328   00256A  2243               	addwfc	(___fltol@f1+2)^0,f,c
  1329   00256C  2244               	addwfc	(___fltol@f1+3)^0,f,c
  1330   00256E                     l1598:
  1331   00256E  C041  F041         	movff	___fltol@f1,?___fltol
  1332   002572  C042  F042         	movff	___fltol@f1+1,?___fltol+1
  1333   002576  C043  F043         	movff	___fltol@f1+2,?___fltol+2
  1334   00257A  C044  F044         	movff	___fltol@f1+3,?___fltol+3
  1335   00257E                     l406:
  1336   00257E  0012               	return		;funcret
  1337   002580                     __end_of___fltol:
  1338                           	callstack 0
  1339                           
  1340 ;; *************** function ___flmul *****************
  1341 ;; Defined at:
  1342 ;;		line 8 in file "C:\Program Files\Microchip\xc8\v2.40\pic\sources\c99\common\sprcmul.c"
  1343 ;; Parameters:    Size  Location     Type
  1344 ;;  b               4   39[COMRAM] long 
  1345 ;;  a               4   43[COMRAM] long 
  1346 ;; Auto vars:     Size  Location     Type
  1347 ;;  prod            4   58[COMRAM] struct .
  1348 ;;  grs             4   52[COMRAM] unsigned long 
  1349 ;;  temp            2   62[COMRAM] struct .
  1350 ;;  bexp            1   57[COMRAM] unsigned char 
  1351 ;;  aexp            1   56[COMRAM] unsigned char 
  1352 ;;  sign            1   51[COMRAM] unsigned char 
  1353 ;; Return value:  Size  Location     Type
  1354 ;;                  4   39[COMRAM] unsigned char 
  1355 ;; Registers used:
  1356 ;;		wreg, status,2, status,0, prodl, prodh
  1357 ;; Tracked objects:
  1358 ;;		On entry : 0/0
  1359 ;;		On exit  : 0/0
  1360 ;;		Unchanged: 0/0
  1361 ;; Data sizes:     COMRAM   BANK0   BANK1   BANK2   BANK3   BANK4   BANK5
  1362 ;;      Params:         8       0       0       0       0       0       0
  1363 ;;      Locals:        13       0       0       0       0       0       0
  1364 ;;      Temps:          4       0       0       0       0       0       0
  1365 ;;      Totals:        25       0       0       0       0       0       0
  1366 ;;Total ram usage:       25 bytes
  1367 ;; Hardware stack levels used: 1
  1368 ;; This function calls:
  1369 ;;		Nothing
  1370 ;; This function is called by:
  1371 ;;		_set_pwm_duty
  1372 ;; This function uses a non-reentrant model
  1373 ;;
  1374                           
  1375                           	psect	text7
  1376   002BD6                     __ptext7:
  1377                           	callstack 0
  1378   002BD6                     ___flmul:
  1379                           	callstack 28
  1380   002BD6  502B               	movf	(___flmul@b+3)^0,w,c
  1381   002BD8  0B80               	andlw	128
  1382   002BDA  6E34               	movwf	___flmul@sign^0,c
  1383   002BDC  502B               	movf	(___flmul@b+3)^0,w,c
  1384   002BDE  242B               	addwf	(___flmul@b+3)^0,w,c
  1385   002BE0  6E3A               	movwf	___flmul@bexp^0,c
  1386   002BE2  AE2A               	btfss	(___flmul@b+2)^0,7,c
  1387   002BE4  EFF6  F015         	goto	u1051
  1388   002BE8  EFF8  F015         	goto	u1050
  1389   002BEC                     u1051:
  1390   002BEC  EFF9  F015         	goto	l1434
  1391   002BF0                     u1050:
  1392   002BF0  803A               	bsf	___flmul@bexp^0,0,c
  1393   002BF2                     l1434:
  1394   002BF2  503A               	movf	___flmul@bexp^0,w,c
  1395   002BF4  B4D8               	btfsc	status,2,c
  1396   002BF6  EFFF  F015         	goto	u1061
  1397   002BFA  EF01  F016         	goto	u1060
  1398   002BFE                     u1061:
  1399   002BFE  EF14  F016         	goto	l1442
  1400   002C02                     u1060:
  1401   002C02  283A               	incf	___flmul@bexp^0,w,c
  1402   002C04  A4D8               	btfss	status,2,c
  1403   002C06  EF07  F016         	goto	u1071
  1404   002C0A  EF09  F016         	goto	u1070
  1405   002C0E                     u1071:
  1406   002C0E  EF11  F016         	goto	l1440
  1407   002C12                     u1070:
  1408   002C12  0E00               	movlw	0
  1409   002C14  6E28               	movwf	___flmul@b^0,c
  1410   002C16  0E00               	movlw	0
  1411   002C18  6E29               	movwf	(___flmul@b+1)^0,c
  1412   002C1A  0E00               	movlw	0
  1413   002C1C  6E2A               	movwf	(___flmul@b+2)^0,c
  1414   002C1E  0E00               	movlw	0
  1415   002C20  6E2B               	movwf	(___flmul@b+3)^0,c
  1416   002C22                     l1440:
  1417   002C22  8E2A               	bsf	(___flmul@b+2)^0,7,c
  1418   002C24  EF1C  F016         	goto	l1444
  1419   002C28                     l1442:
  1420   002C28  0E00               	movlw	0
  1421   002C2A  6E28               	movwf	___flmul@b^0,c
  1422   002C2C  0E00               	movlw	0
  1423   002C2E  6E29               	movwf	(___flmul@b+1)^0,c
  1424   002C30  0E00               	movlw	0
  1425   002C32  6E2A               	movwf	(___flmul@b+2)^0,c
  1426   002C34  0E00               	movlw	0
  1427   002C36  6E2B               	movwf	(___flmul@b+3)^0,c
  1428   002C38                     l1444:
  1429   002C38  502F               	movf	(___flmul@a+3)^0,w,c
  1430   002C3A  0B80               	andlw	128
  1431   002C3C  1A34               	xorwf	___flmul@sign^0,f,c
  1432   002C3E  502F               	movf	(___flmul@a+3)^0,w,c
  1433   002C40  242F               	addwf	(___flmul@a+3)^0,w,c
  1434   002C42  6E39               	movwf	___flmul@aexp^0,c
  1435   002C44  AE2E               	btfss	(___flmul@a+2)^0,7,c
  1436   002C46  EF27  F016         	goto	u1081
  1437   002C4A  EF29  F016         	goto	u1080
  1438   002C4E                     u1081:
  1439   002C4E  EF2A  F016         	goto	l1452
  1440   002C52                     u1080:
  1441   002C52  8039               	bsf	___flmul@aexp^0,0,c
  1442   002C54                     l1452:
  1443   002C54  5039               	movf	___flmul@aexp^0,w,c
  1444   002C56  B4D8               	btfsc	status,2,c
  1445   002C58  EF30  F016         	goto	u1091
  1446   002C5C  EF32  F016         	goto	u1090
  1447   002C60                     u1091:
  1448   002C60  EF45  F016         	goto	l1460
  1449   002C64                     u1090:
  1450   002C64  2839               	incf	___flmul@aexp^0,w,c
  1451   002C66  A4D8               	btfss	status,2,c
  1452   002C68  EF38  F016         	goto	u1101
  1453   002C6C  EF3A  F016         	goto	u1100
  1454   002C70                     u1101:
  1455   002C70  EF42  F016         	goto	l1458
  1456   002C74                     u1100:
  1457   002C74  0E00               	movlw	0
  1458   002C76  6E2C               	movwf	___flmul@a^0,c
  1459   002C78  0E00               	movlw	0
  1460   002C7A  6E2D               	movwf	(___flmul@a+1)^0,c
  1461   002C7C  0E00               	movlw	0
  1462   002C7E  6E2E               	movwf	(___flmul@a+2)^0,c
  1463   002C80  0E00               	movlw	0
  1464   002C82  6E2F               	movwf	(___flmul@a+3)^0,c
  1465   002C84                     l1458:
  1466   002C84  8E2E               	bsf	(___flmul@a+2)^0,7,c
  1467   002C86  EF4D  F016         	goto	l723
  1468   002C8A                     l1460:
  1469   002C8A  0E00               	movlw	0
  1470   002C8C  6E2C               	movwf	___flmul@a^0,c
  1471   002C8E  0E00               	movlw	0
  1472   002C90  6E2D               	movwf	(___flmul@a+1)^0,c
  1473   002C92  0E00               	movlw	0
  1474   002C94  6E2E               	movwf	(___flmul@a+2)^0,c
  1475   002C96  0E00               	movlw	0
  1476   002C98  6E2F               	movwf	(___flmul@a+3)^0,c
  1477   002C9A                     l723:
  1478   002C9A  5039               	movf	___flmul@aexp^0,w,c
  1479   002C9C  B4D8               	btfsc	status,2,c
  1480   002C9E  EF53  F016         	goto	u1111
  1481   002CA2  EF55  F016         	goto	u1110
  1482   002CA6                     u1111:
  1483   002CA6  EF5D  F016         	goto	l1464
  1484   002CAA                     u1110:
  1485   002CAA  503A               	movf	___flmul@bexp^0,w,c
  1486   002CAC  A4D8               	btfss	status,2,c
  1487   002CAE  EF5B  F016         	goto	u1121
  1488   002CB2  EF5D  F016         	goto	u1120
  1489   002CB6                     u1121:
  1490   002CB6  EF67  F016         	goto	l1468
  1491   002CBA                     u1120:
  1492   002CBA                     l1464:
  1493   002CBA  0E00               	movlw	0
  1494   002CBC  6E28               	movwf	?___flmul^0,c
  1495   002CBE  0E00               	movlw	0
  1496   002CC0  6E29               	movwf	(?___flmul+1)^0,c
  1497   002CC2  0E00               	movlw	0
  1498   002CC4  6E2A               	movwf	(?___flmul+2)^0,c
  1499   002CC6  0E00               	movlw	0
  1500   002CC8  6E2B               	movwf	(?___flmul+3)^0,c
  1501   002CCA  EFFF  F017         	goto	l727
  1502   002CCE                     l1468:
  1503   002CCE  502E               	movf	(___flmul@a+2)^0,w,c
  1504   002CD0  0228               	mulwf	___flmul@b^0,c
  1505   002CD2  CFF3 F03F          	movff	prodl,___flmul@temp
  1506   002CD6  CFF4 F040          	movff	prodh,___flmul@temp+1
  1507   002CDA  503F               	movf	___flmul@temp^0,w,c
  1508   002CDC  6E35               	movwf	___flmul@grs^0,c
  1509   002CDE  6A36               	clrf	(___flmul@grs+1)^0,c
  1510   002CE0  6A37               	clrf	(___flmul@grs+2)^0,c
  1511   002CE2  6A38               	clrf	(___flmul@grs+3)^0,c
  1512   002CE4  5040               	movf	(___flmul@temp+1)^0,w,c
  1513   002CE6  6E3B               	movwf	___flmul@prod^0,c
  1514   002CE8  6A3C               	clrf	(___flmul@prod+1)^0,c
  1515   002CEA  6A3D               	clrf	(___flmul@prod+2)^0,c
  1516   002CEC  6A3E               	clrf	(___flmul@prod+3)^0,c
  1517   002CEE  502D               	movf	(___flmul@a+1)^0,w,c
  1518   002CF0  0229               	mulwf	(___flmul@b+1)^0,c
  1519   002CF2  CFF3 F03F          	movff	prodl,___flmul@temp
  1520   002CF6  CFF4 F040          	movff	prodh,___flmul@temp+1
  1521   002CFA  503F               	movf	___flmul@temp^0,w,c
  1522   002CFC  2635               	addwf	___flmul@grs^0,f,c
  1523   002CFE  0E00               	movlw	0
  1524   002D00  2236               	addwfc	(___flmul@grs+1)^0,f,c
  1525   002D02  2237               	addwfc	(___flmul@grs+2)^0,f,c
  1526   002D04  2238               	addwfc	(___flmul@grs+3)^0,f,c
  1527   002D06  5040               	movf	(___flmul@temp+1)^0,w,c
  1528   002D08  263B               	addwf	___flmul@prod^0,f,c
  1529   002D0A  0E00               	movlw	0
  1530   002D0C  223C               	addwfc	(___flmul@prod+1)^0,f,c
  1531   002D0E  223D               	addwfc	(___flmul@prod+2)^0,f,c
  1532   002D10  223E               	addwfc	(___flmul@prod+3)^0,f,c
  1533   002D12  502C               	movf	___flmul@a^0,w,c
  1534   002D14  022A               	mulwf	(___flmul@b+2)^0,c
  1535   002D16  CFF3 F03F          	movff	prodl,___flmul@temp
  1536   002D1A  CFF4 F040          	movff	prodh,___flmul@temp+1
  1537   002D1E  503F               	movf	___flmul@temp^0,w,c
  1538   002D20  2635               	addwf	___flmul@grs^0,f,c
  1539   002D22  0E00               	movlw	0
  1540   002D24  2236               	addwfc	(___flmul@grs+1)^0,f,c
  1541   002D26  2237               	addwfc	(___flmul@grs+2)^0,f,c
  1542   002D28  2238               	addwfc	(___flmul@grs+3)^0,f,c
  1543   002D2A  5040               	movf	(___flmul@temp+1)^0,w,c
  1544   002D2C  263B               	addwf	___flmul@prod^0,f,c
  1545   002D2E  0E00               	movlw	0
  1546   002D30  223C               	addwfc	(___flmul@prod+1)^0,f,c
  1547   002D32  223D               	addwfc	(___flmul@prod+2)^0,f,c
  1548   002D34  223E               	addwfc	(___flmul@prod+3)^0,f,c
  1549   002D36  C037  F038         	movff	___flmul@grs+2,___flmul@grs+3
  1550   002D3A  C036  F037         	movff	___flmul@grs+1,___flmul@grs+2
  1551   002D3E  C035  F036         	movff	___flmul@grs,___flmul@grs+1
  1552   002D42  6A35               	clrf	___flmul@grs^0,c
  1553   002D44  502C               	movf	___flmul@a^0,w,c
  1554   002D46  0229               	mulwf	(___flmul@b+1)^0,c
  1555   002D48  CFF3 F03F          	movff	prodl,___flmul@temp
  1556   002D4C  CFF4 F040          	movff	prodh,___flmul@temp+1
  1557   002D50  503F               	movf	___flmul@temp^0,w,c
  1558   002D52  2635               	addwf	___flmul@grs^0,f,c
  1559   002D54  5040               	movf	(___flmul@temp+1)^0,w,c
  1560   002D56  2236               	addwfc	(___flmul@grs+1)^0,f,c
  1561   002D58  0E00               	movlw	0
  1562   002D5A  2237               	addwfc	(___flmul@grs+2)^0,f,c
  1563   002D5C  0E00               	movlw	0
  1564   002D5E  2238               	addwfc	(___flmul@grs+3)^0,f,c
  1565   002D60  502D               	movf	(___flmul@a+1)^0,w,c
  1566   002D62  0228               	mulwf	___flmul@b^0,c
  1567   002D64  CFF3 F03F          	movff	prodl,___flmul@temp
  1568   002D68  CFF4 F040          	movff	prodh,___flmul@temp+1
  1569   002D6C  503F               	movf	___flmul@temp^0,w,c
  1570   002D6E  2635               	addwf	___flmul@grs^0,f,c
  1571   002D70  5040               	movf	(___flmul@temp+1)^0,w,c
  1572   002D72  2236               	addwfc	(___flmul@grs+1)^0,f,c
  1573   002D74  0E00               	movlw	0
  1574   002D76  2237               	addwfc	(___flmul@grs+2)^0,f,c
  1575   002D78  0E00               	movlw	0
  1576   002D7A  2238               	addwfc	(___flmul@grs+3)^0,f,c
  1577   002D7C  C037  F038         	movff	___flmul@grs+2,___flmul@grs+3
  1578   002D80  C036  F037         	movff	___flmul@grs+1,___flmul@grs+2
  1579   002D84  C035  F036         	movff	___flmul@grs,___flmul@grs+1
  1580   002D88  6A35               	clrf	___flmul@grs^0,c
  1581   002D8A  502C               	movf	___flmul@a^0,w,c
  1582   002D8C  0228               	mulwf	___flmul@b^0,c
  1583   002D8E  CFF3 F03F          	movff	prodl,___flmul@temp
  1584   002D92  CFF4 F040          	movff	prodh,___flmul@temp+1
  1585   002D96  503F               	movf	___flmul@temp^0,w,c
  1586   002D98  2635               	addwf	___flmul@grs^0,f,c
  1587   002D9A  5040               	movf	(___flmul@temp+1)^0,w,c
  1588   002D9C  2236               	addwfc	(___flmul@grs+1)^0,f,c
  1589   002D9E  0E00               	movlw	0
  1590   002DA0  2237               	addwfc	(___flmul@grs+2)^0,f,c
  1591   002DA2  0E00               	movlw	0
  1592   002DA4  2238               	addwfc	(___flmul@grs+3)^0,f,c
  1593   002DA6  502E               	movf	(___flmul@a+2)^0,w,c
  1594   002DA8  0229               	mulwf	(___flmul@b+1)^0,c
  1595   002DAA  CFF3 F03F          	movff	prodl,___flmul@temp
  1596   002DAE  CFF4 F040          	movff	prodh,___flmul@temp+1
  1597   002DB2  503F               	movf	___flmul@temp^0,w,c
  1598   002DB4  263B               	addwf	___flmul@prod^0,f,c
  1599   002DB6  5040               	movf	(___flmul@temp+1)^0,w,c
  1600   002DB8  223C               	addwfc	(___flmul@prod+1)^0,f,c
  1601   002DBA  0E00               	movlw	0
  1602   002DBC  223D               	addwfc	(___flmul@prod+2)^0,f,c
  1603   002DBE  0E00               	movlw	0
  1604   002DC0  223E               	addwfc	(___flmul@prod+3)^0,f,c
  1605   002DC2  502D               	movf	(___flmul@a+1)^0,w,c
  1606   002DC4  022A               	mulwf	(___flmul@b+2)^0,c
  1607   002DC6  CFF3 F03F          	movff	prodl,___flmul@temp
  1608   002DCA  CFF4 F040          	movff	prodh,___flmul@temp+1
  1609   002DCE  503F               	movf	___flmul@temp^0,w,c
  1610   002DD0  263B               	addwf	___flmul@prod^0,f,c
  1611   002DD2  5040               	movf	(___flmul@temp+1)^0,w,c
  1612   002DD4  223C               	addwfc	(___flmul@prod+1)^0,f,c
  1613   002DD6  0E00               	movlw	0
  1614   002DD8  223D               	addwfc	(___flmul@prod+2)^0,f,c
  1615   002DDA  0E00               	movlw	0
  1616   002DDC  223E               	addwfc	(___flmul@prod+3)^0,f,c
  1617   002DDE  502E               	movf	(___flmul@a+2)^0,w,c
  1618   002DE0  022A               	mulwf	(___flmul@b+2)^0,c
  1619   002DE2  CFF3 F03F          	movff	prodl,___flmul@temp
  1620   002DE6  CFF4 F040          	movff	prodh,___flmul@temp+1
  1621   002DEA  503F               	movf	___flmul@temp^0,w,c
  1622   002DEC  6E30               	movwf	??___flmul^0,c
  1623   002DEE  5040               	movf	(___flmul@temp+1)^0,w,c
  1624   002DF0  6E31               	movwf	(??___flmul+1)^0,c
  1625   002DF2  6A32               	clrf	(??___flmul+2)^0,c
  1626   002DF4  6A33               	clrf	(??___flmul+3)^0,c
  1627   002DF6  C032  F033         	movff	??___flmul+2,??___flmul+3
  1628   002DFA  C031  F032         	movff	??___flmul+1,??___flmul+2
  1629   002DFE  C030  F031         	movff	??___flmul,??___flmul+1
  1630   002E02  6A30               	clrf	??___flmul^0,c
  1631   002E04  5030               	movf	??___flmul^0,w,c
  1632   002E06  263B               	addwf	___flmul@prod^0,f,c
  1633   002E08  5031               	movf	(??___flmul+1)^0,w,c
  1634   002E0A  223C               	addwfc	(___flmul@prod+1)^0,f,c
  1635   002E0C  5032               	movf	(??___flmul+2)^0,w,c
  1636   002E0E  223D               	addwfc	(___flmul@prod+2)^0,f,c
  1637   002E10  5033               	movf	(??___flmul+3)^0,w,c
  1638   002E12  223E               	addwfc	(___flmul@prod+3)^0,f,c
  1639   002E14  C035  F030         	movff	___flmul@grs,??___flmul
  1640   002E18  C036  F031         	movff	___flmul@grs+1,??___flmul+1
  1641   002E1C  C037  F032         	movff	___flmul@grs+2,??___flmul+2
  1642   002E20  C038  F033         	movff	___flmul@grs+3,??___flmul+3
  1643   002E24  0E19               	movlw	25
  1644   002E26  EF1A  F017         	goto	u1130
  1645   002E2A                     u1135:
  1646   002E2A  90D8               	bcf	status,0,c
  1647   002E2C  3233               	rrcf	(??___flmul+3)^0,f,c
  1648   002E2E  3232               	rrcf	(??___flmul+2)^0,f,c
  1649   002E30  3231               	rrcf	(??___flmul+1)^0,f,c
  1650   002E32  3230               	rrcf	??___flmul^0,f,c
  1651   002E34                     u1130:
  1652   002E34  2EE8               	decfsz	wreg,f,c
  1653   002E36  EF15  F017         	goto	u1135
  1654   002E3A  5030               	movf	??___flmul^0,w,c
  1655   002E3C  263B               	addwf	___flmul@prod^0,f,c
  1656   002E3E  5031               	movf	(??___flmul+1)^0,w,c
  1657   002E40  223C               	addwfc	(___flmul@prod+1)^0,f,c
  1658   002E42  5032               	movf	(??___flmul+2)^0,w,c
  1659   002E44  223D               	addwfc	(___flmul@prod+2)^0,f,c
  1660   002E46  5033               	movf	(??___flmul+3)^0,w,c
  1661   002E48  223E               	addwfc	(___flmul@prod+3)^0,f,c
  1662   002E4A  C037  F038         	movff	___flmul@grs+2,___flmul@grs+3
  1663   002E4E  C036  F037         	movff	___flmul@grs+1,___flmul@grs+2
  1664   002E52  C035  F036         	movff	___flmul@grs,___flmul@grs+1
  1665   002E56  6A35               	clrf	___flmul@grs^0,c
  1666   002E58  5039               	movf	___flmul@aexp^0,w,c
  1667   002E5A  C03A  F030         	movff	___flmul@bexp,??___flmul
  1668   002E5E  6A31               	clrf	(??___flmul+1)^0,c
  1669   002E60  2630               	addwf	??___flmul^0,f,c
  1670   002E62  0E00               	movlw	0
  1671   002E64  2231               	addwfc	(??___flmul+1)^0,f,c
  1672   002E66  0E82               	movlw	130
  1673   002E68  2430               	addwf	??___flmul^0,w,c
  1674   002E6A  6E3F               	movwf	___flmul@temp^0,c
  1675   002E6C  0EFF               	movlw	255
  1676   002E6E  2031               	addwfc	(??___flmul+1)^0,w,c
  1677   002E70  6E40               	movwf	(___flmul@temp+1)^0,c
  1678   002E72  EF50  F017         	goto	l1516
  1679   002E76                     l1510:
  1680   002E76  90D8               	bcf	status,0,c
  1681   002E78  363B               	rlcf	___flmul@prod^0,f,c
  1682   002E7A  363C               	rlcf	(___flmul@prod+1)^0,f,c
  1683   002E7C  363D               	rlcf	(___flmul@prod+2)^0,f,c
  1684   002E7E  363E               	rlcf	(___flmul@prod+3)^0,f,c
  1685   002E80  AE38               	btfss	(___flmul@grs+3)^0,7,c
  1686   002E82  EF45  F017         	goto	u1141
  1687   002E86  EF47  F017         	goto	u1140
  1688   002E8A                     u1141:
  1689   002E8A  EF48  F017         	goto	l730
  1690   002E8E                     u1140:
  1691   002E8E  803B               	bsf	___flmul@prod^0,0,c
  1692   002E90                     l730:
  1693   002E90  90D8               	bcf	status,0,c
  1694   002E92  3635               	rlcf	___flmul@grs^0,f,c
  1695   002E94  3636               	rlcf	(___flmul@grs+1)^0,f,c
  1696   002E96  3637               	rlcf	(___flmul@grs+2)^0,f,c
  1697   002E98  3638               	rlcf	(___flmul@grs+3)^0,f,c
  1698   002E9A  063F               	decf	___flmul@temp^0,f,c
  1699   002E9C  A0D8               	btfss	status,0,c
  1700   002E9E  0640               	decf	(___flmul@temp+1)^0,f,c
  1701   002EA0                     l1516:
  1702   002EA0  AE3D               	btfss	(___flmul@prod+2)^0,7,c
  1703   002EA2  EF55  F017         	goto	u1151
  1704   002EA6  EF57  F017         	goto	u1150
  1705   002EAA                     u1151:
  1706   002EAA  EF3B  F017         	goto	l1510
  1707   002EAE                     u1150:
  1708   002EAE  0E00               	movlw	0
  1709   002EB0  6E39               	movwf	___flmul@aexp^0,c
  1710   002EB2  AE38               	btfss	(___flmul@grs+3)^0,7,c
  1711   002EB4  EF5E  F017         	goto	u1161
  1712   002EB8  EF60  F017         	goto	u1160
  1713   002EBC                     u1161:
  1714   002EBC  EF84  F017         	goto	l732
  1715   002EC0                     u1160:
  1716   002EC0  0EFF               	movlw	255
  1717   002EC2  1435               	andwf	___flmul@grs^0,w,c
  1718   002EC4  6E30               	movwf	??___flmul^0,c
  1719   002EC6  0EFF               	movlw	255
  1720   002EC8  1436               	andwf	(___flmul@grs+1)^0,w,c
  1721   002ECA  6E31               	movwf	(??___flmul+1)^0,c
  1722   002ECC  0EFF               	movlw	255
  1723   002ECE  1437               	andwf	(___flmul@grs+2)^0,w,c
  1724   002ED0  6E32               	movwf	(??___flmul+2)^0,c
  1725   002ED2  0E7F               	movlw	127
  1726   002ED4  1438               	andwf	(___flmul@grs+3)^0,w,c
  1727   002ED6  6E33               	movwf	(??___flmul+3)^0,c
  1728   002ED8  5030               	movf	??___flmul^0,w,c
  1729   002EDA  1031               	iorwf	(??___flmul+1)^0,w,c
  1730   002EDC  1032               	iorwf	(??___flmul+2)^0,w,c
  1731   002EDE  1033               	iorwf	(??___flmul+3)^0,w,c
  1732   002EE0  B4D8               	btfsc	status,2,c
  1733   002EE2  EF75  F017         	goto	u1171
  1734   002EE6  EF77  F017         	goto	u1170
  1735   002EEA                     u1171:
  1736   002EEA  EF7B  F017         	goto	l733
  1737   002EEE                     u1170:
  1738   002EEE                     l1524:
  1739   002EEE  0E01               	movlw	1
  1740   002EF0  6E39               	movwf	___flmul@aexp^0,c
  1741   002EF2  EF84  F017         	goto	l732
  1742   002EF6                     l733:
  1743   002EF6  A03B               	btfss	___flmul@prod^0,0,c
  1744   002EF8  EF80  F017         	goto	u1181
  1745   002EFC  EF82  F017         	goto	u1180
  1746   002F00                     u1181:
  1747   002F00  EF84  F017         	goto	l732
  1748   002F04                     u1180:
  1749   002F04  EF77  F017         	goto	l1524
  1750   002F08                     l732:
  1751   002F08  5039               	movf	___flmul@aexp^0,w,c
  1752   002F0A  B4D8               	btfsc	status,2,c
  1753   002F0C  EF8A  F017         	goto	u1191
  1754   002F10  EF8C  F017         	goto	u1190
  1755   002F14                     u1191:
  1756   002F14  EFB0  F017         	goto	l1536
  1757   002F18                     u1190:
  1758   002F18  0E01               	movlw	1
  1759   002F1A  263B               	addwf	___flmul@prod^0,f,c
  1760   002F1C  0E00               	movlw	0
  1761   002F1E  223C               	addwfc	(___flmul@prod+1)^0,f,c
  1762   002F20  223D               	addwfc	(___flmul@prod+2)^0,f,c
  1763   002F22  223E               	addwfc	(___flmul@prod+3)^0,f,c
  1764   002F24  A03E               	btfss	(___flmul@prod+3)^0,0,c
  1765   002F26  EF97  F017         	goto	u1201
  1766   002F2A  EF99  F017         	goto	u1200
  1767   002F2E                     u1201:
  1768   002F2E  EFB0  F017         	goto	l1536
  1769   002F32                     u1200:
  1770   002F32  C03B  F030         	movff	___flmul@prod,??___flmul
  1771   002F36  C03C  F031         	movff	___flmul@prod+1,??___flmul+1
  1772   002F3A  C03D  F032         	movff	___flmul@prod+2,??___flmul+2
  1773   002F3E  C03E  F033         	movff	___flmul@prod+3,??___flmul+3
  1774   002F42  3433               	rlcf	(??___flmul+3)^0,w,c
  1775   002F44  3233               	rrcf	(??___flmul+3)^0,f,c
  1776   002F46  3232               	rrcf	(??___flmul+2)^0,f,c
  1777   002F48  3231               	rrcf	(??___flmul+1)^0,f,c
  1778   002F4A  3230               	rrcf	??___flmul^0,f,c
  1779   002F4C  C030  F03B         	movff	??___flmul,___flmul@prod
  1780   002F50  C031  F03C         	movff	??___flmul+1,___flmul@prod+1
  1781   002F54  C032  F03D         	movff	??___flmul+2,___flmul@prod+2
  1782   002F58  C033  F03E         	movff	??___flmul+3,___flmul@prod+3
  1783   002F5C  4A3F               	infsnz	___flmul@temp^0,f,c
  1784   002F5E  2A40               	incf	(___flmul@temp+1)^0,f,c
  1785   002F60                     l1536:
  1786   002F60  BE40               	btfsc	(___flmul@temp+1)^0,7,c
  1787   002F62  EFBB  F017         	goto	u1211
  1788   002F66  5040               	movf	(___flmul@temp+1)^0,w,c
  1789   002F68  E108               	bnz	u1210
  1790   002F6A  283F               	incf	___flmul@temp^0,w,c
  1791   002F6C  A0D8               	btfss	status,0,c
  1792   002F6E  EFBB  F017         	goto	u1211
  1793   002F72  EFBD  F017         	goto	u1210
  1794   002F76                     u1211:
  1795   002F76  EFC7  F017         	goto	l1540
  1796   002F7A                     u1210:
  1797   002F7A  0E00               	movlw	0
  1798   002F7C  6E3B               	movwf	___flmul@prod^0,c
  1799   002F7E  0E00               	movlw	0
  1800   002F80  6E3C               	movwf	(___flmul@prod+1)^0,c
  1801   002F82  0E80               	movlw	128
  1802   002F84  6E3D               	movwf	(___flmul@prod+2)^0,c
  1803   002F86  0E7F               	movlw	127
  1804   002F88  6E3E               	movwf	(___flmul@prod+3)^0,c
  1805   002F8A  EFF5  F017         	goto	l1552
  1806   002F8E                     l1540:
  1807   002F8E  BE40               	btfsc	(___flmul@temp+1)^0,7,c
  1808   002F90  EFD4  F017         	goto	u1220
  1809   002F94  5040               	movf	(___flmul@temp+1)^0,w,c
  1810   002F96  E106               	bnz	u1221
  1811   002F98  043F               	decf	___flmul@temp^0,w,c
  1812   002F9A  B0D8               	btfsc	status,0,c
  1813   002F9C  EFD2  F017         	goto	u1221
  1814   002FA0  EFD4  F017         	goto	u1220
  1815   002FA4                     u1221:
  1816   002FA4  EFE0  F017         	goto	l740
  1817   002FA8                     u1220:
  1818   002FA8  0E00               	movlw	0
  1819   002FAA  6E3B               	movwf	___flmul@prod^0,c
  1820   002FAC  0E00               	movlw	0
  1821   002FAE  6E3C               	movwf	(___flmul@prod+1)^0,c
  1822   002FB0  0E00               	movlw	0
  1823   002FB2  6E3D               	movwf	(___flmul@prod+2)^0,c
  1824   002FB4  0E00               	movlw	0
  1825   002FB6  6E3E               	movwf	(___flmul@prod+3)^0,c
  1826   002FB8  0E00               	movlw	0
  1827   002FBA  6E34               	movwf	___flmul@sign^0,c
  1828   002FBC  EFF5  F017         	goto	l1552
  1829   002FC0                     l740:
  1830   002FC0  C03F  F03A         	movff	___flmul@temp,___flmul@bexp
  1831   002FC4  0EFF               	movlw	255
  1832   002FC6  163B               	andwf	___flmul@prod^0,f,c
  1833   002FC8  0EFF               	movlw	255
  1834   002FCA  163C               	andwf	(___flmul@prod+1)^0,f,c
  1835   002FCC  0E7F               	movlw	127
  1836   002FCE  163D               	andwf	(___flmul@prod+2)^0,f,c
  1837   002FD0  0E00               	movlw	0
  1838   002FD2  163E               	andwf	(___flmul@prod+3)^0,f,c
  1839   002FD4  A03A               	btfss	___flmul@bexp^0,0,c
  1840   002FD6  EFEF  F017         	goto	u1231
  1841   002FDA  EFF1  F017         	goto	u1230
  1842   002FDE                     u1231:
  1843   002FDE  EFF2  F017         	goto	l1550
  1844   002FE2                     u1230:
  1845   002FE2  8E3D               	bsf	(___flmul@prod+2)^0,7,c
  1846   002FE4                     l1550:
  1847   002FE4  90D8               	bcf	status,0,c
  1848   002FE6  303A               	rrcf	___flmul@bexp^0,w,c
  1849   002FE8  6E3E               	movwf	(___flmul@prod+3)^0,c
  1850   002FEA                     l1552:
  1851   002FEA  5034               	movf	___flmul@sign^0,w,c
  1852   002FEC  123E               	iorwf	(___flmul@prod+3)^0,f,c
  1853   002FEE  C03B  F028         	movff	___flmul@prod,?___flmul
  1854   002FF2  C03C  F029         	movff	___flmul@prod+1,?___flmul+1
  1855   002FF6  C03D  F02A         	movff	___flmul@prod+2,?___flmul+2
  1856   002FFA  C03E  F02B         	movff	___flmul@prod+3,?___flmul+3
  1857   002FFE                     l727:
  1858   002FFE  0012               	return		;funcret
  1859   003000                     __end_of___flmul:
  1860                           	callstack 0
  1861                           
  1862 ;; *************** function ___fldiv *****************
  1863 ;; Defined at:
  1864 ;;		line 11 in file "C:\Program Files\Microchip\xc8\v2.40\pic\sources\c99\common\sprcdiv.c"
  1865 ;; Parameters:    Size  Location     Type
  1866 ;;  b               4   14[COMRAM] unsigned char 
  1867 ;;  a               4   18[COMRAM] unsigned char 
  1868 ;; Auto vars:     Size  Location     Type
  1869 ;;  grs             4   33[COMRAM] unsigned long 
  1870 ;;  rem             4   26[COMRAM] unsigned long 
  1871 ;;  new_exp         2   31[COMRAM] short 
  1872 ;;  aexp            1   38[COMRAM] unsigned char 
  1873 ;;  bexp            1   37[COMRAM] unsigned char 
  1874 ;;  sign            1   30[COMRAM] unsigned char 
  1875 ;; Return value:  Size  Location     Type
  1876 ;;                  4   14[COMRAM] unsigned char 
  1877 ;; Registers used:
  1878 ;;		wreg, status,2, status,0
  1879 ;; Tracked objects:
  1880 ;;		On entry : 0/0
  1881 ;;		On exit  : 0/0
  1882 ;;		Unchanged: 0/0
  1883 ;; Data sizes:     COMRAM   BANK0   BANK1   BANK2   BANK3   BANK4   BANK5
  1884 ;;      Params:         8       0       0       0       0       0       0
  1885 ;;      Locals:        13       0       0       0       0       0       0
  1886 ;;      Temps:          4       0       0       0       0       0       0
  1887 ;;      Totals:        25       0       0       0       0       0       0
  1888 ;;Total ram usage:       25 bytes
  1889 ;; Hardware stack levels used: 1
  1890 ;; This function calls:
  1891 ;;		Nothing
  1892 ;; This function is called by:
  1893 ;;		_set_pwm_duty
  1894 ;; This function uses a non-reentrant model
  1895 ;;
  1896                           
  1897                           	psect	text8
  1898   00283C                     __ptext8:
  1899                           	callstack 0
  1900   00283C                     ___fldiv:
  1901                           	callstack 28
  1902   00283C  5012               	movf	(___fldiv@b+3)^0,w,c
  1903   00283E  0B80               	andlw	128
  1904   002840  6E1F               	movwf	___fldiv@sign^0,c
  1905   002842  5012               	movf	(___fldiv@b+3)^0,w,c
  1906   002844  2412               	addwf	(___fldiv@b+3)^0,w,c
  1907   002846  6E26               	movwf	___fldiv@bexp^0,c
  1908   002848  AE11               	btfss	(___fldiv@b+2)^0,7,c
  1909   00284A  EF29  F014         	goto	u821
  1910   00284E  EF2B  F014         	goto	u820
  1911   002852                     u821:
  1912   002852  EF2C  F014         	goto	l1296
  1913   002856                     u820:
  1914   002856  8026               	bsf	___fldiv@bexp^0,0,c
  1915   002858                     l1296:
  1916   002858  5026               	movf	___fldiv@bexp^0,w,c
  1917   00285A  B4D8               	btfsc	status,2,c
  1918   00285C  EF32  F014         	goto	u831
  1919   002860  EF34  F014         	goto	u830
  1920   002864                     u831:
  1921   002864  EF49  F014         	goto	l1306
  1922   002868                     u830:
  1923   002868  2826               	incf	___fldiv@bexp^0,w,c
  1924   00286A  A4D8               	btfss	status,2,c
  1925   00286C  EF3A  F014         	goto	u841
  1926   002870  EF3C  F014         	goto	u840
  1927   002874                     u841:
  1928   002874  EF44  F014         	goto	l1302
  1929   002878                     u840:
  1930   002878  0E00               	movlw	0
  1931   00287A  6E0F               	movwf	___fldiv@b^0,c
  1932   00287C  0E00               	movlw	0
  1933   00287E  6E10               	movwf	(___fldiv@b+1)^0,c
  1934   002880  0E00               	movlw	0
  1935   002882  6E11               	movwf	(___fldiv@b+2)^0,c
  1936   002884  0E00               	movlw	0
  1937   002886  6E12               	movwf	(___fldiv@b+3)^0,c
  1938   002888                     l1302:
  1939   002888  8E11               	bsf	(___fldiv@b+2)^0,7,c
  1940   00288A  0E00               	movlw	0
  1941   00288C  6E12               	movwf	(___fldiv@b+3)^0,c
  1942   00288E  EF51  F014         	goto	l1308
  1943   002892                     l1306:
  1944   002892  0E00               	movlw	0
  1945   002894  6E0F               	movwf	___fldiv@b^0,c
  1946   002896  0E00               	movlw	0
  1947   002898  6E10               	movwf	(___fldiv@b+1)^0,c
  1948   00289A  0E00               	movlw	0
  1949   00289C  6E11               	movwf	(___fldiv@b+2)^0,c
  1950   00289E  0E00               	movlw	0
  1951   0028A0  6E12               	movwf	(___fldiv@b+3)^0,c
  1952   0028A2                     l1308:
  1953   0028A2  5016               	movf	(___fldiv@a+3)^0,w,c
  1954   0028A4  0B80               	andlw	128
  1955   0028A6  1A1F               	xorwf	___fldiv@sign^0,f,c
  1956   0028A8  5016               	movf	(___fldiv@a+3)^0,w,c
  1957   0028AA  2416               	addwf	(___fldiv@a+3)^0,w,c
  1958   0028AC  6E27               	movwf	___fldiv@aexp^0,c
  1959   0028AE  AE15               	btfss	(___fldiv@a+2)^0,7,c
  1960   0028B0  EF5C  F014         	goto	u851
  1961   0028B4  EF5E  F014         	goto	u850
  1962   0028B8                     u851:
  1963   0028B8  EF5F  F014         	goto	l1316
  1964   0028BC                     u850:
  1965   0028BC  8027               	bsf	___fldiv@aexp^0,0,c
  1966   0028BE                     l1316:
  1967   0028BE  5027               	movf	___fldiv@aexp^0,w,c
  1968   0028C0  B4D8               	btfsc	status,2,c
  1969   0028C2  EF65  F014         	goto	u861
  1970   0028C6  EF67  F014         	goto	u860
  1971   0028CA                     u861:
  1972   0028CA  EF7C  F014         	goto	l1326
  1973   0028CE                     u860:
  1974   0028CE  2827               	incf	___fldiv@aexp^0,w,c
  1975   0028D0  A4D8               	btfss	status,2,c
  1976   0028D2  EF6D  F014         	goto	u871
  1977   0028D6  EF6F  F014         	goto	u870
  1978   0028DA                     u871:
  1979   0028DA  EF77  F014         	goto	l1322
  1980   0028DE                     u870:
  1981   0028DE  0E00               	movlw	0
  1982   0028E0  6E13               	movwf	___fldiv@a^0,c
  1983   0028E2  0E00               	movlw	0
  1984   0028E4  6E14               	movwf	(___fldiv@a+1)^0,c
  1985   0028E6  0E00               	movlw	0
  1986   0028E8  6E15               	movwf	(___fldiv@a+2)^0,c
  1987   0028EA  0E00               	movlw	0
  1988   0028EC  6E16               	movwf	(___fldiv@a+3)^0,c
  1989   0028EE                     l1322:
  1990   0028EE  8E15               	bsf	(___fldiv@a+2)^0,7,c
  1991   0028F0  0E00               	movlw	0
  1992   0028F2  6E16               	movwf	(___fldiv@a+3)^0,c
  1993   0028F4  EF84  F014         	goto	l1328
  1994   0028F8                     l1326:
  1995   0028F8  0E00               	movlw	0
  1996   0028FA  6E13               	movwf	___fldiv@a^0,c
  1997   0028FC  0E00               	movlw	0
  1998   0028FE  6E14               	movwf	(___fldiv@a+1)^0,c
  1999   002900  0E00               	movlw	0
  2000   002902  6E15               	movwf	(___fldiv@a+2)^0,c
  2001   002904  0E00               	movlw	0
  2002   002906  6E16               	movwf	(___fldiv@a+3)^0,c
  2003   002908                     l1328:
  2004   002908  5013               	movf	___fldiv@a^0,w,c
  2005   00290A  1014               	iorwf	(___fldiv@a+1)^0,w,c
  2006   00290C  1015               	iorwf	(___fldiv@a+2)^0,w,c
  2007   00290E  1016               	iorwf	(___fldiv@a+3)^0,w,c
  2008   002910  A4D8               	btfss	status,2,c
  2009   002912  EF8D  F014         	goto	u881
  2010   002916  EF8F  F014         	goto	u880
  2011   00291A                     u881:
  2012   00291A  EFA7  F014         	goto	l1340
  2013   00291E                     u880:
  2014   00291E  0E00               	movlw	0
  2015   002920  6E0F               	movwf	___fldiv@b^0,c
  2016   002922  0E00               	movlw	0
  2017   002924  6E10               	movwf	(___fldiv@b+1)^0,c
  2018   002926  0E00               	movlw	0
  2019   002928  6E11               	movwf	(___fldiv@b+2)^0,c
  2020   00292A  0E00               	movlw	0
  2021   00292C  6E12               	movwf	(___fldiv@b+3)^0,c
  2022   00292E  0E80               	movlw	128
  2023   002930  1211               	iorwf	(___fldiv@b+2)^0,f,c
  2024   002932  0E7F               	movlw	127
  2025   002934  1212               	iorwf	(___fldiv@b+3)^0,f,c
  2026   002936                     l1334:
  2027   002936  501F               	movf	___fldiv@sign^0,w,c
  2028   002938  1212               	iorwf	(___fldiv@b+3)^0,f,c
  2029   00293A  C00F  F00F         	movff	___fldiv@b,?___fldiv
  2030   00293E  C010  F010         	movff	___fldiv@b+1,?___fldiv+1
  2031   002942  C011  F011         	movff	___fldiv@b+2,?___fldiv+2
  2032   002946  C012  F012         	movff	___fldiv@b+3,?___fldiv+3
  2033   00294A  EFEA  F015         	goto	l691
  2034   00294E                     l1340:
  2035   00294E  5026               	movf	___fldiv@bexp^0,w,c
  2036   002950  A4D8               	btfss	status,2,c
  2037   002952  EFAD  F014         	goto	u891
  2038   002956  EFAF  F014         	goto	u890
  2039   00295A                     u891:
  2040   00295A  EFB9  F014         	goto	l1348
  2041   00295E                     u890:
  2042   00295E  0E00               	movlw	0
  2043   002960  6E0F               	movwf	?___fldiv^0,c
  2044   002962  0E00               	movlw	0
  2045   002964  6E10               	movwf	(?___fldiv+1)^0,c
  2046   002966  0E00               	movlw	0
  2047   002968  6E11               	movwf	(?___fldiv+2)^0,c
  2048   00296A  0E00               	movlw	0
  2049   00296C  6E12               	movwf	(?___fldiv+3)^0,c
  2050   00296E  EFEA  F015         	goto	l691
  2051   002972                     l1348:
  2052   002972  5027               	movf	___fldiv@aexp^0,w,c
  2053   002974  C026  F017         	movff	___fldiv@bexp,??___fldiv
  2054   002978  6A18               	clrf	(??___fldiv+1)^0,c
  2055   00297A  5E17               	subwf	??___fldiv^0,f,c
  2056   00297C  0E00               	movlw	0
  2057   00297E  5A18               	subwfb	(??___fldiv+1)^0,f,c
  2058   002980  0E7F               	movlw	127
  2059   002982  2417               	addwf	??___fldiv^0,w,c
  2060   002984  6E20               	movwf	___fldiv@new_exp^0,c
  2061   002986  0E00               	movlw	0
  2062   002988  2018               	addwfc	(??___fldiv+1)^0,w,c
  2063   00298A  6E21               	movwf	(___fldiv@new_exp+1)^0,c
  2064   00298C  C00F  F01B         	movff	___fldiv@b,___fldiv@rem
  2065   002990  C010  F01C         	movff	___fldiv@b+1,___fldiv@rem+1
  2066   002994  C011  F01D         	movff	___fldiv@b+2,___fldiv@rem+2
  2067   002998  C012  F01E         	movff	___fldiv@b+3,___fldiv@rem+3
  2068   00299C  0E00               	movlw	0
  2069   00299E  6E0F               	movwf	___fldiv@b^0,c
  2070   0029A0  0E00               	movlw	0
  2071   0029A2  6E10               	movwf	(___fldiv@b+1)^0,c
  2072   0029A4  0E00               	movlw	0
  2073   0029A6  6E11               	movwf	(___fldiv@b+2)^0,c
  2074   0029A8  0E00               	movlw	0
  2075   0029AA  6E12               	movwf	(___fldiv@b+3)^0,c
  2076   0029AC  0E00               	movlw	0
  2077   0029AE  6E22               	movwf	___fldiv@grs^0,c
  2078   0029B0  0E00               	movlw	0
  2079   0029B2  6E23               	movwf	(___fldiv@grs+1)^0,c
  2080   0029B4  0E00               	movlw	0
  2081   0029B6  6E24               	movwf	(___fldiv@grs+2)^0,c
  2082   0029B8  0E00               	movlw	0
  2083   0029BA  6E25               	movwf	(___fldiv@grs+3)^0,c
  2084   0029BC  0E00               	movlw	0
  2085   0029BE  6E27               	movwf	___fldiv@aexp^0,c
  2086   0029C0  EF1A  F015         	goto	l693
  2087   0029C4                     l1358:
  2088   0029C4  5027               	movf	___fldiv@aexp^0,w,c
  2089   0029C6  B4D8               	btfsc	status,2,c
  2090   0029C8  EFE8  F014         	goto	u901
  2091   0029CC  EFEA  F014         	goto	u900
  2092   0029D0                     u901:
  2093   0029D0  EF01  F015         	goto	l1366
  2094   0029D4                     u900:
  2095   0029D4  90D8               	bcf	status,0,c
  2096   0029D6  361B               	rlcf	___fldiv@rem^0,f,c
  2097   0029D8  361C               	rlcf	(___fldiv@rem+1)^0,f,c
  2098   0029DA  361D               	rlcf	(___fldiv@rem+2)^0,f,c
  2099   0029DC  361E               	rlcf	(___fldiv@rem+3)^0,f,c
  2100   0029DE  90D8               	bcf	status,0,c
  2101   0029E0  360F               	rlcf	___fldiv@b^0,f,c
  2102   0029E2  3610               	rlcf	(___fldiv@b+1)^0,f,c
  2103   0029E4  3611               	rlcf	(___fldiv@b+2)^0,f,c
  2104   0029E6  3612               	rlcf	(___fldiv@b+3)^0,f,c
  2105   0029E8  AE25               	btfss	(___fldiv@grs+3)^0,7,c
  2106   0029EA  EFF9  F014         	goto	u911
  2107   0029EE  EFFB  F014         	goto	u910
  2108   0029F2                     u911:
  2109   0029F2  EFFC  F014         	goto	l696
  2110   0029F6                     u910:
  2111   0029F6  800F               	bsf	___fldiv@b^0,0,c
  2112   0029F8                     l696:
  2113   0029F8  90D8               	bcf	status,0,c
  2114   0029FA  3622               	rlcf	___fldiv@grs^0,f,c
  2115   0029FC  3623               	rlcf	(___fldiv@grs+1)^0,f,c
  2116   0029FE  3624               	rlcf	(___fldiv@grs+2)^0,f,c
  2117   002A00  3625               	rlcf	(___fldiv@grs+3)^0,f,c
  2118   002A02                     l1366:
  2119   002A02  5013               	movf	___fldiv@a^0,w,c
  2120   002A04  5C1B               	subwf	___fldiv@rem^0,w,c
  2121   002A06  5014               	movf	(___fldiv@a+1)^0,w,c
  2122   002A08  581C               	subwfb	(___fldiv@rem+1)^0,w,c
  2123   002A0A  5015               	movf	(___fldiv@a+2)^0,w,c
  2124   002A0C  581D               	subwfb	(___fldiv@rem+2)^0,w,c
  2125   002A0E  5016               	movf	(___fldiv@a+3)^0,w,c
  2126   002A10  581E               	subwfb	(___fldiv@rem+3)^0,w,c
  2127   002A12  A0D8               	btfss	status,0,c
  2128   002A14  EF0E  F015         	goto	u921
  2129   002A18  EF10  F015         	goto	u920
  2130   002A1C                     u921:
  2131   002A1C  EF19  F015         	goto	l1372
  2132   002A20                     u920:
  2133   002A20  8C25               	bsf	(___fldiv@grs+3)^0,6,c
  2134   002A22  5013               	movf	___fldiv@a^0,w,c
  2135   002A24  5E1B               	subwf	___fldiv@rem^0,f,c
  2136   002A26  5014               	movf	(___fldiv@a+1)^0,w,c
  2137   002A28  5A1C               	subwfb	(___fldiv@rem+1)^0,f,c
  2138   002A2A  5015               	movf	(___fldiv@a+2)^0,w,c
  2139   002A2C  5A1D               	subwfb	(___fldiv@rem+2)^0,f,c
  2140   002A2E  5016               	movf	(___fldiv@a+3)^0,w,c
  2141   002A30  5A1E               	subwfb	(___fldiv@rem+3)^0,f,c
  2142   002A32                     l1372:
  2143   002A32  2A27               	incf	___fldiv@aexp^0,f,c
  2144   002A34                     l693:
  2145   002A34  0E19               	movlw	25
  2146   002A36  6427               	cpfsgt	___fldiv@aexp^0,c
  2147   002A38  EF20  F015         	goto	u931
  2148   002A3C  EF22  F015         	goto	u930
  2149   002A40                     u931:
  2150   002A40  EFE2  F014         	goto	l1358
  2151   002A44                     u930:
  2152   002A44  501B               	movf	___fldiv@rem^0,w,c
  2153   002A46  101C               	iorwf	(___fldiv@rem+1)^0,w,c
  2154   002A48  101D               	iorwf	(___fldiv@rem+2)^0,w,c
  2155   002A4A  101E               	iorwf	(___fldiv@rem+3)^0,w,c
  2156   002A4C  B4D8               	btfsc	status,2,c
  2157   002A4E  EF2B  F015         	goto	u941
  2158   002A52  EF2D  F015         	goto	u940
  2159   002A56                     u941:
  2160   002A56  EF45  F015         	goto	l1384
  2161   002A5A                     u940:
  2162   002A5A  8022               	bsf	___fldiv@grs^0,0,c
  2163   002A5C  EF45  F015         	goto	l1384
  2164   002A60                     l1378:
  2165   002A60  90D8               	bcf	status,0,c
  2166   002A62  360F               	rlcf	___fldiv@b^0,f,c
  2167   002A64  3610               	rlcf	(___fldiv@b+1)^0,f,c
  2168   002A66  3611               	rlcf	(___fldiv@b+2)^0,f,c
  2169   002A68  3612               	rlcf	(___fldiv@b+3)^0,f,c
  2170   002A6A  AE25               	btfss	(___fldiv@grs+3)^0,7,c
  2171   002A6C  EF3A  F015         	goto	u951
  2172   002A70  EF3C  F015         	goto	u950
  2173   002A74                     u951:
  2174   002A74  EF3D  F015         	goto	l702
  2175   002A78                     u950:
  2176   002A78  800F               	bsf	___fldiv@b^0,0,c
  2177   002A7A                     l702:
  2178   002A7A  90D8               	bcf	status,0,c
  2179   002A7C  3622               	rlcf	___fldiv@grs^0,f,c
  2180   002A7E  3623               	rlcf	(___fldiv@grs+1)^0,f,c
  2181   002A80  3624               	rlcf	(___fldiv@grs+2)^0,f,c
  2182   002A82  3625               	rlcf	(___fldiv@grs+3)^0,f,c
  2183   002A84  0620               	decf	___fldiv@new_exp^0,f,c
  2184   002A86  A0D8               	btfss	status,0,c
  2185   002A88  0621               	decf	(___fldiv@new_exp+1)^0,f,c
  2186   002A8A                     l1384:
  2187   002A8A  AE11               	btfss	(___fldiv@b+2)^0,7,c
  2188   002A8C  EF4A  F015         	goto	u961
  2189   002A90  EF4C  F015         	goto	u960
  2190   002A94                     u961:
  2191   002A94  EF30  F015         	goto	l1378
  2192   002A98                     u960:
  2193   002A98  0E00               	movlw	0
  2194   002A9A  6E27               	movwf	___fldiv@aexp^0,c
  2195   002A9C  AE25               	btfss	(___fldiv@grs+3)^0,7,c
  2196   002A9E  EF53  F015         	goto	u971
  2197   002AA2  EF55  F015         	goto	u970
  2198   002AA6                     u971:
  2199   002AA6  EF79  F015         	goto	l704
  2200   002AAA                     u970:
  2201   002AAA  0EFF               	movlw	255
  2202   002AAC  1422               	andwf	___fldiv@grs^0,w,c
  2203   002AAE  6E17               	movwf	??___fldiv^0,c
  2204   002AB0  0EFF               	movlw	255
  2205   002AB2  1423               	andwf	(___fldiv@grs+1)^0,w,c
  2206   002AB4  6E18               	movwf	(??___fldiv+1)^0,c
  2207   002AB6  0EFF               	movlw	255
  2208   002AB8  1424               	andwf	(___fldiv@grs+2)^0,w,c
  2209   002ABA  6E19               	movwf	(??___fldiv+2)^0,c
  2210   002ABC  0E7F               	movlw	127
  2211   002ABE  1425               	andwf	(___fldiv@grs+3)^0,w,c
  2212   002AC0  6E1A               	movwf	(??___fldiv+3)^0,c
  2213   002AC2  5017               	movf	??___fldiv^0,w,c
  2214   002AC4  1018               	iorwf	(??___fldiv+1)^0,w,c
  2215   002AC6  1019               	iorwf	(??___fldiv+2)^0,w,c
  2216   002AC8  101A               	iorwf	(??___fldiv+3)^0,w,c
  2217   002ACA  B4D8               	btfsc	status,2,c
  2218   002ACC  EF6A  F015         	goto	u981
  2219   002AD0  EF6C  F015         	goto	u980
  2220   002AD4                     u981:
  2221   002AD4  EF70  F015         	goto	l705
  2222   002AD8                     u980:
  2223   002AD8                     l1392:
  2224   002AD8  0E01               	movlw	1
  2225   002ADA  6E27               	movwf	___fldiv@aexp^0,c
  2226   002ADC  EF79  F015         	goto	l704
  2227   002AE0                     l705:
  2228   002AE0  A00F               	btfss	___fldiv@b^0,0,c
  2229   002AE2  EF75  F015         	goto	u991
  2230   002AE6  EF77  F015         	goto	u990
  2231   002AEA                     u991:
  2232   002AEA  EF79  F015         	goto	l704
  2233   002AEE                     u990:
  2234   002AEE  EF6C  F015         	goto	l1392
  2235   002AF2                     l704:
  2236   002AF2  5027               	movf	___fldiv@aexp^0,w,c
  2237   002AF4  B4D8               	btfsc	status,2,c
  2238   002AF6  EF7F  F015         	goto	u1001
  2239   002AFA  EF81  F015         	goto	u1000
  2240   002AFE                     u1001:
  2241   002AFE  EFA5  F015         	goto	l1404
  2242   002B02                     u1000:
  2243   002B02  0E01               	movlw	1
  2244   002B04  260F               	addwf	___fldiv@b^0,f,c
  2245   002B06  0E00               	movlw	0
  2246   002B08  2210               	addwfc	(___fldiv@b+1)^0,f,c
  2247   002B0A  2211               	addwfc	(___fldiv@b+2)^0,f,c
  2248   002B0C  2212               	addwfc	(___fldiv@b+3)^0,f,c
  2249   002B0E  A012               	btfss	(___fldiv@b+3)^0,0,c
  2250   002B10  EF8C  F015         	goto	u1011
  2251   002B14  EF8E  F015         	goto	u1010
  2252   002B18                     u1011:
  2253   002B18  EFA5  F015         	goto	l1404
  2254   002B1C                     u1010:
  2255   002B1C  C00F  F017         	movff	___fldiv@b,??___fldiv
  2256   002B20  C010  F018         	movff	___fldiv@b+1,??___fldiv+1
  2257   002B24  C011  F019         	movff	___fldiv@b+2,??___fldiv+2
  2258   002B28  C012  F01A         	movff	___fldiv@b+3,??___fldiv+3
  2259   002B2C  341A               	rlcf	(??___fldiv+3)^0,w,c
  2260   002B2E  321A               	rrcf	(??___fldiv+3)^0,f,c
  2261   002B30  3219               	rrcf	(??___fldiv+2)^0,f,c
  2262   002B32  3218               	rrcf	(??___fldiv+1)^0,f,c
  2263   002B34  3217               	rrcf	??___fldiv^0,f,c
  2264   002B36  C017  F00F         	movff	??___fldiv,___fldiv@b
  2265   002B3A  C018  F010         	movff	??___fldiv+1,___fldiv@b+1
  2266   002B3E  C019  F011         	movff	??___fldiv+2,___fldiv@b+2
  2267   002B42  C01A  F012         	movff	??___fldiv+3,___fldiv@b+3
  2268   002B46  4A20               	infsnz	___fldiv@new_exp^0,f,c
  2269   002B48  2A21               	incf	(___fldiv@new_exp+1)^0,f,c
  2270   002B4A                     l1404:
  2271   002B4A  BE21               	btfsc	(___fldiv@new_exp+1)^0,7,c
  2272   002B4C  EFB0  F015         	goto	u1021
  2273   002B50  5021               	movf	(___fldiv@new_exp+1)^0,w,c
  2274   002B52  E108               	bnz	u1020
  2275   002B54  2820               	incf	___fldiv@new_exp^0,w,c
  2276   002B56  A0D8               	btfss	status,0,c
  2277   002B58  EFB0  F015         	goto	u1021
  2278   002B5C  EFB2  F015         	goto	u1020
  2279   002B60                     u1021:
  2280   002B60  EFBD  F015         	goto	l1408
  2281   002B64                     u1020:
  2282   002B64  0E00               	movlw	0
  2283   002B66  6E21               	movwf	(___fldiv@new_exp+1)^0,c
  2284   002B68  6820               	setf	___fldiv@new_exp^0,c
  2285   002B6A  0E00               	movlw	0
  2286   002B6C  6E0F               	movwf	___fldiv@b^0,c
  2287   002B6E  0E00               	movlw	0
  2288   002B70  6E10               	movwf	(___fldiv@b+1)^0,c
  2289   002B72  0E00               	movlw	0
  2290   002B74  6E11               	movwf	(___fldiv@b+2)^0,c
  2291   002B76  0E00               	movlw	0
  2292   002B78  6E12               	movwf	(___fldiv@b+3)^0,c
  2293   002B7A                     l1408:
  2294   002B7A  BE21               	btfsc	(___fldiv@new_exp+1)^0,7,c
  2295   002B7C  EFCA  F015         	goto	u1030
  2296   002B80  5021               	movf	(___fldiv@new_exp+1)^0,w,c
  2297   002B82  E106               	bnz	u1031
  2298   002B84  0420               	decf	___fldiv@new_exp^0,w,c
  2299   002B86  B0D8               	btfsc	status,0,c
  2300   002B88  EFC8  F015         	goto	u1031
  2301   002B8C  EFCA  F015         	goto	u1030
  2302   002B90                     u1031:
  2303   002B90  EFD8  F015         	goto	l1412
  2304   002B94                     u1030:
  2305   002B94  0E00               	movlw	0
  2306   002B96  6E21               	movwf	(___fldiv@new_exp+1)^0,c
  2307   002B98  0E00               	movlw	0
  2308   002B9A  6E20               	movwf	___fldiv@new_exp^0,c
  2309   002B9C  0E00               	movlw	0
  2310   002B9E  6E0F               	movwf	___fldiv@b^0,c
  2311   002BA0  0E00               	movlw	0
  2312   002BA2  6E10               	movwf	(___fldiv@b+1)^0,c
  2313   002BA4  0E00               	movlw	0
  2314   002BA6  6E11               	movwf	(___fldiv@b+2)^0,c
  2315   002BA8  0E00               	movlw	0
  2316   002BAA  6E12               	movwf	(___fldiv@b+3)^0,c
  2317   002BAC  0E00               	movlw	0
  2318   002BAE  6E1F               	movwf	___fldiv@sign^0,c
  2319   002BB0                     l1412:
  2320   002BB0  C020  F026         	movff	___fldiv@new_exp,___fldiv@bexp
  2321   002BB4  A026               	btfss	___fldiv@bexp^0,0,c
  2322   002BB6  EFDF  F015         	goto	u1041
  2323   002BBA  EFE1  F015         	goto	u1040
  2324   002BBE                     u1041:
  2325   002BBE  EFE4  F015         	goto	l1418
  2326   002BC2                     u1040:
  2327   002BC2  8E11               	bsf	(___fldiv@b+2)^0,7,c
  2328   002BC4  EFE5  F015         	goto	l1420
  2329   002BC8                     l1418:
  2330   002BC8  9E11               	bcf	(___fldiv@b+2)^0,7,c
  2331   002BCA                     l1420:
  2332   002BCA  90D8               	bcf	status,0,c
  2333   002BCC  3026               	rrcf	___fldiv@bexp^0,w,c
  2334   002BCE  6E12               	movwf	(___fldiv@b+3)^0,c
  2335   002BD0  EF9B  F014         	goto	l1334
  2336   002BD4                     l691:
  2337   002BD4  0012               	return		;funcret
  2338   002BD6                     __end_of___fldiv:
  2339                           	callstack 0
  2340                           
  2341 ;; *************** function _init_config *****************
  2342 ;; Defined at:
  2343 ;;		line 40 in file "main.c"
  2344 ;; Parameters:    Size  Location     Type
  2345 ;;		None
  2346 ;; Auto vars:     Size  Location     Type
  2347 ;;		None
  2348 ;; Return value:  Size  Location     Type
  2349 ;;                  1    wreg      void 
  2350 ;; Registers used:
  2351 ;;		wreg, status,2, status,0, cstack
  2352 ;; Tracked objects:
  2353 ;;		On entry : 0/0
  2354 ;;		On exit  : 0/0
  2355 ;;		Unchanged: 0/0
  2356 ;; Data sizes:     COMRAM   BANK0   BANK1   BANK2   BANK3   BANK4   BANK5
  2357 ;;      Params:         0       0       0       0       0       0       0
  2358 ;;      Locals:         0       0       0       0       0       0       0
  2359 ;;      Temps:          0       0       0       0       0       0       0
  2360 ;;      Totals:         0       0       0       0       0       0       0
  2361 ;;Total ram usage:        0 bytes
  2362 ;; Hardware stack levels used: 1
  2363 ;; Hardware stack levels required when called: 1
  2364 ;; This function calls:
  2365 ;;		_init_matrix_keypad
  2366 ;;		_init_pwm
  2367 ;; This function is called by:
  2368 ;;		_main
  2369 ;; This function uses a non-reentrant model
  2370 ;;
  2371                           
  2372                           	psect	text9
  2373   002258                     __ptext9:
  2374                           	callstack 0
  2375   002258                     _init_config:
  2376                           	callstack 29
  2377   002258                     
  2378                           ;main.c: 42:     PORTB = 0x00;
  2379   002258  0E00               	movlw	0
  2380   00225A  6E81               	movwf	129,c	;volatile
  2381                           
  2382                           ;main.c: 43:     TRISB = 0x00;
  2383   00225C  0E00               	movlw	0
  2384   00225E  6E93               	movwf	147,c	;volatile
  2385   002260                     
  2386                           ;main.c: 44:     TRISC2 = 0;
  2387   002260  9494               	bcf	3988,2,c	;volatile
  2388   002262                     
  2389                           ;main.c: 45:     init_matrix_keypad();
  2390   002262  EC23  F011         	call	_init_matrix_keypad	;wreg free
  2391   002266                     
  2392                           ;main.c: 46:     init_pwm();
  2393   002266  EC1B  F011         	call	_init_pwm	;wreg free
  2394   00226A  0012               	return		;funcret
  2395   00226C                     __end_of_init_config:
  2396                           	callstack 0
  2397                           
  2398 ;; *************** function _init_pwm *****************
  2399 ;; Defined at:
  2400 ;;		line 3 in file "pwm.c"
  2401 ;; Parameters:    Size  Location     Type
  2402 ;;		None
  2403 ;; Auto vars:     Size  Location     Type
  2404 ;;		None
  2405 ;; Return value:  Size  Location     Type
  2406 ;;                  1    wreg      void 
  2407 ;; Registers used:
  2408 ;;		wreg, status,2
  2409 ;; Tracked objects:
  2410 ;;		On entry : 0/0
  2411 ;;		On exit  : 0/0
  2412 ;;		Unchanged: 0/0
  2413 ;; Data sizes:     COMRAM   BANK0   BANK1   BANK2   BANK3   BANK4   BANK5
  2414 ;;      Params:         0       0       0       0       0       0       0
  2415 ;;      Locals:         0       0       0       0       0       0       0
  2416 ;;      Temps:          0       0       0       0       0       0       0
  2417 ;;      Totals:         0       0       0       0       0       0       0
  2418 ;;Total ram usage:        0 bytes
  2419 ;; Hardware stack levels used: 1
  2420 ;; This function calls:
  2421 ;;		Nothing
  2422 ;; This function is called by:
  2423 ;;		_init_config
  2424 ;; This function uses a non-reentrant model
  2425 ;;
  2426                           
  2427                           	psect	text10
  2428   002236                     __ptext10:
  2429                           	callstack 0
  2430   002236                     _init_pwm:
  2431                           	callstack 29
  2432   002236                     
  2433                           ;pwm.c: 6:     PR2 = 249;
  2434   002236  0EF9               	movlw	249
  2435   002238  6ECB               	movwf	203,c	;volatile
  2436   00223A                     
  2437                           ;pwm.c: 9:     T2CKPS0 = 1;
  2438   00223A  80CA               	bsf	4042,0,c	;volatile
  2439   00223C                     
  2440                           ;pwm.c: 10:     T2CKPS1 = 0;
  2441   00223C  92CA               	bcf	4042,1,c	;volatile
  2442   00223E                     
  2443                           ;pwm.c: 13:     TMR2ON = 1;
  2444   00223E  84CA               	bsf	4042,2,c	;volatile
  2445                           
  2446                           ;pwm.c: 16:     CCP1CON = 0x0C;
  2447   002240  0E0C               	movlw	12
  2448   002242  6EBD               	movwf	189,c	;volatile
  2449   002244  0012               	return		;funcret
  2450   002246                     __end_of_init_pwm:
  2451                           	callstack 0
  2452                           
  2453 ;; *************** function _init_matrix_keypad *****************
  2454 ;; Defined at:
  2455 ;;		line 5 in file "matrix_keypad.c"
  2456 ;; Parameters:    Size  Location     Type
  2457 ;;		None
  2458 ;; Auto vars:     Size  Location     Type
  2459 ;;		None
  2460 ;; Return value:  Size  Location     Type
  2461 ;;                  1    wreg      void 
  2462 ;; Registers used:
  2463 ;;		wreg, status,2, status,0
  2464 ;; Tracked objects:
  2465 ;;		On entry : 0/0
  2466 ;;		On exit  : 0/0
  2467 ;;		Unchanged: 0/0
  2468 ;; Data sizes:     COMRAM   BANK0   BANK1   BANK2   BANK3   BANK4   BANK5
  2469 ;;      Params:         0       0       0       0       0       0       0
  2470 ;;      Locals:         0       0       0       0       0       0       0
  2471 ;;      Temps:          0       0       0       0       0       0       0
  2472 ;;      Totals:         0       0       0       0       0       0       0
  2473 ;;Total ram usage:        0 bytes
  2474 ;; Hardware stack levels used: 1
  2475 ;; This function calls:
  2476 ;;		Nothing
  2477 ;; This function is called by:
  2478 ;;		_init_config
  2479 ;; This function uses a non-reentrant model
  2480 ;;
  2481                           
  2482                           	psect	text11
  2483   002246                     __ptext11:
  2484                           	callstack 0
  2485   002246                     _init_matrix_keypad:
  2486                           	callstack 29
  2487   002246                     
  2488                           ;matrix_keypad.c: 8:  ADCON1 = 0x0F;
  2489   002246  0E0F               	movlw	15
  2490   002248  6EC1               	movwf	193,c	;volatile
  2491                           
  2492                           ;matrix_keypad.c: 11:  TRISB = 0x1E;
  2493   00224A  0E1E               	movlw	30
  2494   00224C  6E93               	movwf	147,c	;volatile
  2495   00224E                     
  2496                           ;matrix_keypad.c: 14:  RBPU = 0;
  2497   00224E  9EF1               	bcf	4081,7,c	;volatile
  2498   002250                     
  2499                           ;matrix_keypad.c: 16:  PORTB = PORTB | 0xE0;
  2500   002250  5081               	movf	129,w,c	;volatile
  2501   002252  09E0               	iorlw	224
  2502   002254  6E81               	movwf	129,c	;volatile
  2503   002256  0012               	return		;funcret
  2504   002258                     __end_of_init_matrix_keypad:
  2505                           	callstack 0
  2506   000000                     
  2507                           	psect	rparam
  2508   000000                     
  2509                           	psect	idloc
  2510                           
  2511                           ;Config register IDLOC0 @ 0x200000
  2512                           ;	unspecified, using default values
  2513   200000                     	org	2097152
  2514   200000  FF                 	db	255
  2515                           
  2516                           ;Config register IDLOC1 @ 0x200001
  2517                           ;	unspecified, using default values
  2518   200001                     	org	2097153
  2519   200001  FF                 	db	255
  2520                           
  2521                           ;Config register IDLOC2 @ 0x200002
  2522                           ;	unspecified, using default values
  2523   200002                     	org	2097154
  2524   200002  FF                 	db	255
  2525                           
  2526                           ;Config register IDLOC3 @ 0x200003
  2527                           ;	unspecified, using default values
  2528   200003                     	org	2097155
  2529   200003  FF                 	db	255
  2530                           
  2531                           ;Config register IDLOC4 @ 0x200004
  2532                           ;	unspecified, using default values
  2533   200004                     	org	2097156
  2534   200004  FF                 	db	255
  2535                           
  2536                           ;Config register IDLOC5 @ 0x200005
  2537                           ;	unspecified, using default values
  2538   200005                     	org	2097157
  2539   200005  FF                 	db	255
  2540                           
  2541                           ;Config register IDLOC6 @ 0x200006
  2542                           ;	unspecified, using default values
  2543   200006                     	org	2097158
  2544   200006  FF                 	db	255
  2545                           
  2546                           ;Config register IDLOC7 @ 0x200007
  2547                           ;	unspecified, using default values
  2548   200007                     	org	2097159
  2549   200007  FF                 	db	255
  2550                           
  2551                           	psect	config
  2552                           
  2553                           ; Padding undefined space
  2554   300000                     	org	3145728
  2555   300000  FF                 	db	255
  2556                           
  2557                           ;Config register CONFIG1H @ 0x300001
  2558                           ;	unspecified, using default values
  2559                           ;	Oscillator Selection bits
  2560                           ;	OSC = 0x7, unprogrammed default
  2561                           ;	Fail-Safe Clock Monitor Enable bit
  2562                           ;	FCMEN = 0x0, unprogrammed default
  2563                           ;	Internal/External Oscillator Switchover bit
  2564                           ;	IESO = 0x0, unprogrammed default
  2565   300001                     	org	3145729
  2566   300001  07                 	db	7
  2567                           
  2568                           ;Config register CONFIG2L @ 0x300002
  2569                           ;	unspecified, using default values
  2570                           ;	Power-up Timer Enable bit
  2571                           ;	PWRT = 0x1, unprogrammed default
  2572                           ;	Brown-out Reset Enable bits
  2573                           ;	BOREN = 0x3, unprogrammed default
  2574                           ;	Brown-out Reset Voltage bits
  2575                           ;	BORV = 0x3, unprogrammed default
  2576   300002                     	org	3145730
  2577   300002  1F                 	db	31
  2578                           
  2579                           ;Config register CONFIG2H @ 0x300003
  2580                           ;	unspecified, using default values
  2581                           ;	Watchdog Timer Enable bit
  2582                           ;	WDT = 0x1, unprogrammed default
  2583                           ;	Watchdog Timer Postscale Select bits
  2584                           ;	WDTPS = 0xF, unprogrammed default
  2585   300003                     	org	3145731
  2586   300003  1F                 	db	31
  2587                           
  2588                           ; Padding undefined space
  2589   300004                     	org	3145732
  2590   300004  FF                 	db	255
  2591                           
  2592                           ;Config register CONFIG3H @ 0x300005
  2593                           ;	unspecified, using default values
  2594                           ;	PORTB A/D Enable bit
  2595                           ;	PBADEN = 0x1, unprogrammed default
  2596                           ;	Low-Power Timer 1 Oscillator Enable bit
  2597                           ;	LPT1OSC = 0x0, unprogrammed default
  2598                           ;	MCLR Pin Enable bit
  2599                           ;	MCLRE = 0x1, unprogrammed default
  2600   300005                     	org	3145733
  2601   300005  82                 	db	130
  2602                           
  2603                           ;Config register CONFIG4L @ 0x300006
  2604                           ;	unspecified, using default values
  2605                           ;	Stack Full/Underflow Reset Enable bit
  2606                           ;	STVREN = 0x1, unprogrammed default
  2607                           ;	Single-Supply ICSP Enable bit
  2608                           ;	LVP = 0x1, unprogrammed default
  2609                           ;	Boot Block Size Select bit
  2610                           ;	BBSIZ = 0x0, unprogrammed default
  2611                           ;	Extended Instruction Set Enable bit
  2612                           ;	XINST = 0x0, unprogrammed default
  2613                           ;	Background Debugger Enable bit
  2614                           ;	DEBUG = 0x1, unprogrammed default
  2615   300006                     	org	3145734
  2616   300006  85                 	db	133
  2617                           
  2618                           ; Padding undefined space
  2619   300007                     	org	3145735
  2620   300007  FF                 	db	255
  2621                           
  2622                           ;Config register CONFIG5L @ 0x300008
  2623                           ;	unspecified, using default values
  2624                           ;	Code Protection bit
  2625                           ;	CP0 = 0x1, unprogrammed default
  2626                           ;	Code Protection bit
  2627                           ;	CP1 = 0x1, unprogrammed default
  2628                           ;	Code Protection bit
  2629                           ;	CP2 = 0x1, unprogrammed default
  2630                           ;	Code Protection bit
  2631                           ;	CP3 = 0x1, unprogrammed default
  2632   300008                     	org	3145736
  2633   300008  0F                 	db	15
  2634                           
  2635                           ;Config register CONFIG5H @ 0x300009
  2636                           ;	unspecified, using default values
  2637                           ;	Boot Block Code Protection bit
  2638                           ;	CPB = 0x1, unprogrammed default
  2639                           ;	Data EEPROM Code Protection bit
  2640                           ;	CPD = 0x1, unprogrammed default
  2641   300009                     	org	3145737
  2642   300009  C0                 	db	192
  2643                           
  2644                           ;Config register CONFIG6L @ 0x30000A
  2645                           ;	unspecified, using default values
  2646                           ;	Write Protection bit
  2647                           ;	WRT0 = 0x1, unprogrammed default
  2648                           ;	Write Protection bit
  2649                           ;	WRT1 = 0x1, unprogrammed default
  2650                           ;	Write Protection bit
  2651                           ;	WRT2 = 0x1, unprogrammed default
  2652                           ;	Write Protection bit
  2653                           ;	WRT3 = 0x1, unprogrammed default
  2654   30000A                     	org	3145738
  2655   30000A  0F                 	db	15
  2656                           
  2657                           ;Config register CONFIG6H @ 0x30000B
  2658                           ;	unspecified, using default values
  2659                           ;	Configuration Register Write Protection bit
  2660                           ;	WRTC = 0x1, unprogrammed default
  2661                           ;	Boot Block Write Protection bit
  2662                           ;	WRTB = 0x1, unprogrammed default
  2663                           ;	Data EEPROM Write Protection bit
  2664                           ;	WRTD = 0x1, unprogrammed default
  2665   30000B                     	org	3145739
  2666   30000B  E0                 	db	224
  2667                           
  2668                           ;Config register CONFIG7L @ 0x30000C
  2669                           ;	unspecified, using default values
  2670                           ;	Table Read Protection bit
  2671                           ;	EBTR0 = 0x1, unprogrammed default
  2672                           ;	Table Read Protection bit
  2673                           ;	EBTR1 = 0x1, unprogrammed default
  2674                           ;	Table Read Protection bit
  2675                           ;	EBTR2 = 0x1, unprogrammed default
  2676                           ;	Table Read Protection bit
  2677                           ;	EBTR3 = 0x1, unprogrammed default
  2678   30000C                     	org	3145740
  2679   30000C  0F                 	db	15
  2680                           
  2681                           ;Config register CONFIG7H @ 0x30000D
  2682                           ;	unspecified, using default values
  2683                           ;	Boot Block Table Read Protection bit
  2684                           ;	EBTRB = 0x1, unprogrammed default
  2685   30000D                     	org	3145741
  2686   30000D  40                 	db	64
  2687                           tosu	equ	0xFFF
  2688                           tosh	equ	0xFFE
  2689                           tosl	equ	0xFFD
  2690                           stkptr	equ	0xFFC
  2691                           pclatu	equ	0xFFB
  2692                           pclath	equ	0xFFA
  2693                           pcl	equ	0xFF9
  2694                           tblptru	equ	0xFF8
  2695                           tblptrh	equ	0xFF7
  2696                           tblptrl	equ	0xFF6
  2697                           tablat	equ	0xFF5
  2698                           prodh	equ	0xFF4
  2699                           prodl	equ	0xFF3
  2700                           indf0	equ	0xFEF
  2701                           postinc0	equ	0xFEE
  2702                           postdec0	equ	0xFED
  2703                           preinc0	equ	0xFEC
  2704                           plusw0	equ	0xFEB
  2705                           fsr0h	equ	0xFEA
  2706                           fsr0l	equ	0xFE9
  2707                           wreg	equ	0xFE8
  2708                           indf1	equ	0xFE7
  2709                           postinc1	equ	0xFE6
  2710                           postdec1	equ	0xFE5
  2711                           preinc1	equ	0xFE4
  2712                           plusw1	equ	0xFE3
  2713                           fsr1h	equ	0xFE2
  2714                           fsr1l	equ	0xFE1
  2715                           bsr	equ	0xFE0
  2716                           indf2	equ	0xFDF
  2717                           postinc2	equ	0xFDE
  2718                           postdec2	equ	0xFDD
  2719                           preinc2	equ	0xFDC
  2720                           plusw2	equ	0xFDB
  2721                           fsr2h	equ	0xFDA
  2722                           fsr2l	equ	0xFD9
  2723                           status	equ	0xFD8

Data Sizes:
    Strings     0
    Constant    0
    Data        4
    BSS         1
    Persistent  0
    Stack       0

Auto Spaces:
    Space          Size  Autos    Used
    COMRAM           95     85      90
    BANK0           160      0       0
    BANK1           256      0       0
    BANK2           256      0       0
    BANK3           256      0       0
    BANK4           256      0       0
    BANK5           256      0       0

Pointer List with Targets:

    None.

Critical Paths under _main in COMRAM

    _main->_pwm_control
    _pwm_control->_set_pwm_duty
    _set_pwm_duty->___fltol
    ___fltol->___flmul
    ___flmul->___fldiv
    ___fldiv->___xxtofl

Critical Paths under _main in BANK0

    None.

Critical Paths under _main in BANK1

    None.

Critical Paths under _main in BANK2

    None.

Critical Paths under _main in BANK3

    None.

Critical Paths under _main in BANK4

    None.

Critical Paths under _main in BANK5

    None.

Call Graph Tables:

 ---------------------------------------------------------------------------------
 (Depth) Function   	        Calls       Base Space   Used Autos Params    Refs
 ---------------------------------------------------------------------------------
 (0) _main                                                 1     1      0    4185
                                             84 COMRAM     1     1      0
                        _init_config
                        _pwm_control
                      _read_switches
 ---------------------------------------------------------------------------------
 (1) _read_switches                                        1     1      0      30
                                              0 COMRAM     1     1      0
                           _scan_key
 ---------------------------------------------------------------------------------
 (2) _scan_key                                             0     0      0       0
 ---------------------------------------------------------------------------------
 (1) _pwm_control                                          1     1      0    4132
                                             83 COMRAM     1     1      0
                       _set_pwm_duty
 ---------------------------------------------------------------------------------
 (2) _set_pwm_duty                                         9     9      0    4088
                                             74 COMRAM     9     9      0
                            ___fldiv
                            ___flmul
                            ___fltol
                           ___xxtofl
 ---------------------------------------------------------------------------------
 (3) ___xxtofl                                            14    10      4     398
                                              0 COMRAM    14    10      4
 ---------------------------------------------------------------------------------
 (3) ___fltol                                             10     6      4     305
                                             64 COMRAM    10     6      4
                            ___fldiv (ARG)
                            ___flmul (ARG)
                           ___xxtofl (ARG)
 ---------------------------------------------------------------------------------
 (3) ___flmul                                             25    17      8    1896
                                             39 COMRAM    25    17      8
                            ___fldiv (ARG)
                           ___xxtofl (ARG)
 ---------------------------------------------------------------------------------
 (3) ___fldiv                                             25    17      8    1399
                                             14 COMRAM    25    17      8
                           ___xxtofl (ARG)
 ---------------------------------------------------------------------------------
 (1) _init_config                                          0     0      0       0
                 _init_matrix_keypad
                           _init_pwm
 ---------------------------------------------------------------------------------
 (2) _init_pwm                                             0     0      0       0
 ---------------------------------------------------------------------------------
 (2) _init_matrix_keypad                                   0     0      0       0
 ---------------------------------------------------------------------------------
 Estimated maximum stack depth 3
 ---------------------------------------------------------------------------------

 Call Graph Graphs:

 _main (ROOT)
   _init_config
     _init_matrix_keypad
     _init_pwm
   _pwm_control
     _set_pwm_duty
       ___fldiv
         ___xxtofl (ARG)
       ___flmul
         ___fldiv (ARG)
         ___xxtofl (ARG)
       ___fltol
         ___fldiv (ARG)
         ___flmul (ARG)
         ___xxtofl (ARG)
       ___xxtofl
   _read_switches
     _scan_key

 Address spaces:
Name               Size   Autos  Total    Cost      Usage
BIGRAM             5FF      0       0      24        0.0%
BITBIGSFRl         281      0       0      22        0.0%
EEDATA             100      0       0       0        0.0%
BITBANK5           100      0       0      14        0.0%
BANK5              100      0       0      15        0.0%
BITBANK4           100      0       0      12        0.0%
BANK4              100      0       0      13        0.0%
BITBANK3           100      0       0      10        0.0%
BANK3              100      0       0      11        0.0%
BITBANK2           100      0       0       8        0.0%
BANK2              100      0       0       9        0.0%
BITBANK1           100      0       0       6        0.0%
BANK1              100      0       0       7        0.0%
BITBANK0            A0      0       0       4        0.0%
BANK0               A0      0       0       5        0.0%
BITCOMRAM           5F      0       0       0        0.0%
COMRAM              5F     55      5A       1       94.7%
BITBIGSFRhhll       28      0       0      20        0.0%
BITBIGSFRhhhlh      25      0       0      17        0.0%
BITBIGSFRhl         11      0       0      21        0.0%
BITBIGSFRhhhh        E      0       0      16        0.0%
BITBIGSFRhhhll       8      0       0      18        0.0%
BITBIGSFRhhlh        2      0       0      19        0.0%
BIGSFR               0      0       0     200        0.0%
BITSFR_3             0      0       0     200        0.0%
SFR_3                0      0       0     200        0.0%
BITSFR_2             0      0       0     200        0.0%
SFR_2                0      0       0     200        0.0%
BITSFR_1             0      0       0     200        0.0%
SFR_1                0      0       0     200        0.0%
BITSFR               0      0       0     200        0.0%
SFR                  0      0       0     200        0.0%
STACK                0      0       0       2        0.0%
NULL                 0      0       0       0        0.0%
ABS                  0      0      5A      23        0.0%
DATA                 0      0      5A       3        0.0%
CODE                 0      0       0       0        0.0%


Microchip Technology PIC18 Macro Assembler V2.40 build 20220703182018 
Symbol Table                                                                                   Tue Aug 29 15:43:27 2023

                _pwm_control 2324                 ___fldiv@aexp 0027                 ___fldiv@bexp 0026  
               ___fldiv@sign 001F                           l30 226A                           l24 2398  
                         l51 2256                           l27 239E                           l35 2270  
                         l62 25F0                           l54 259A                           l71 265C  
                         l63 262C                           l55 2686                           l72 2684  
                         l64 2604                           l56 25D6                           l73 2670  
                         l57 25AE                           l66 2618                           l59 25C2  
                         l84 2322                           l69 2648           _init_matrix_keypad 2246  
                        l103 2244                          l106 2478                          l406 257E  
                        l702 2A7A                          l704 2AF2                          l705 2AE0  
                        l730 2E90                          l723 2C9A                          l740 2FC0  
                        l732 2F08                          l733 2EF6                          l727 2FFE  
                        l691 2BD4                          l771 2776                          l764 26DE  
                        l693 2A34                          l767 283A                          l696 29F8  
                        l778 27D2                          _PR2 000FCB                          u600 2594  
                        u601 2590                          u610 25A8                          u611 25A4  
                        u700 266A                          u620 25BC                          u701 2666  
                        u621 25B8                          u710 267E                          u630 25D0  
                        u711 267A                          u631 25CC                          u640 25EA  
                        u800 2300                          u641 25E6                          u801 22FC  
                        u650 25FE                          u810 2318                          u651 25FA  
                        u811 2314                          u900 29D4                          u820 2856  
                        u660 2612                          u901 29D0                          u821 2852  
                        u661 260E                          u910 29F6                          u830 2868  
                        u670 2626                          u911 29F2                          u831 2864  
                        u671 2622                          u920 2A20                          u840 2878  
                        u680 2642                          u921 2A1C                          u841 2874  
                        u681 263E                          u930 2A44                          u850 28BC  
                        u690 2656                          u770 22C0                          u931 2A40  
                        u851 28B8                          u691 2652                          u771 22BC  
                        u940 2A5A                          u860 28CE                          u780 22D6  
                        u941 2A56                          u861 28CA                          u781 22D2  
                        u950 2A78                          u870 28DE                          u790 22E6  
                        u951 2A74                          u871 28DA                          u791 22E2  
                        u960 2A98                          u880 291E                          u961 2A94  
                        u881 291A                          u970 2AAA                          u890 295E  
                        u971 2AA6                          u891 295A                          u980 2AD8  
                        u981 2AD4                          u990 2AEE                          u991 2AEA  
                        wreg 000FE8                 ___flmul@aexp 0039                 ___flmul@bexp 003A  
               ___flmul@sign 0034                 ___flmul@temp 003F                 ___flmul@prod 003B  
        ?_init_matrix_keypad 0001                 ___fltol@exp1 004A                         l1202 2626  
                       l1300 2878                         l1212 2656                         l1150 2250  
                       l1310 28A8                         l1302 2888                         l1206 2642  
                       l1152 2236                         l1400 2B1C                         l1320 28DE  
                       l1312 28AE                         l1304 288A                         l1224 267E  
                       l1160 2580                         l1146 2246                         l1154 223A  
                       l1250 2258                         l1410 2B94                         l1402 2B46  
                       l1330 291E                         l1322 28EE                         l1314 28BC  
                       l1306 2892                         l1218 266A                         l1162 2594  
                       l1148 224E                         l1156 223C                         l1252 2260  
                       l1420 2BCA                         l1412 2BB0                         l1404 2B4A  
                       l1332 292E                         l1340 294E                         l1324 28F0  
                       l1316 28BE                         l1308 28A2                         l1500 2DCE  
                       l1228 2684                         l1180 25D0                         l1260 22C0  
                       l1158 223E                         l1254 2262                         l1414 2BB4  
                       l1406 2B64                         l1350 298C                         l1342 295E  
                       l1334 2936                         l1318 28CE                         l1326 28F8  
                       l1510 2E76                         l1502 2DEA                         l1430 2BE2  
                       l1190 25FE                         l1174 25BC                         l1262 22C6  
                       l1256 2266                         l1416 2BC2                         l1408 2B7A  
                       l1360 29D4                         l1352 299C                         l1344 295E  
                       l1336 293A                         l1328 2908                         l1520 2EB2  
                       l1512 2E80                         l1504 2E14                         l1440 2C22  
                       l1432 2BF0                         l1184 25EA                         l1168 25A8  
                       l1264 22D6                         l1272 22F0                         l1418 2BC8  
                       l1370 2A22                         l1362 29E8                         l1354 29AC  
                       l1290 283C                         l1530 2F24                         l1522 2EC0  
                       l1514 2E8E                         l1506 2E4A                         l1450 2C52  
                       l1442 2C28                         l1434 2BF2                         l1610 2704  
                       l1602 268A                         l1274 2300                         l1282 2320  
                       l1266 22E6                         l1258 22B0                         l1380 2A6A  
                       l1372 2A32                         l1364 29F6                         l1356 29BC  
                       l1348 2972                         l1292 2848                         l1540 2F8E  
                       l1532 2F32                         l1524 2EEE                         l1516 2EA0  
                       l1508 2E58                         l1460 2C8A                         l1452 2C54  
                       l1444 2C38                         l1436 2C02                         l1428 2BD6  
                       l1620 275E                         l1604 269A                         l1196 2612  
                       l1276 2308                         l1390 2AAA                         l1382 2A78  
                       l1374 2A44                         l1366 2A02                         l1358 29C4  
                       l1294 2856                         l1550 2FE4                         l1542 2FA8  
                       l1534 2F5C                         l1518 2EAE                         l1470 2CDA  
                       l1462 2CAA                         l1454 2C64                         l1446 2C3E  
                       l1438 2C12                         l1630 27C2                         l1622 2760  
                       l1614 2718                         l1606 26A8                         l1278 2318  
                       l1392 2AD8                         l1376 2A5A                         l1384 2A8A  
                       l1368 2A20                         l1296 2858                         l1544 2FC4  
                       l1552 2FEA                         l1528 2F18                         l1536 2F60  
                       l1480 2D2A                         l1472 2CE4                         l1464 2CBA  
                       l1456 2C74                         l1448 2C44                         l1560 2490  
                       l1640 281A                         l1632 27E0                         l1624 276C  
                       l1616 2720                         l1608 26EE                         l1386 2A98  
                       l1378 2A60                         l1298 2868                         l1554 2FEE  
                       l1546 2FD4                         l1538 2F7A                         l1490 2D6C  
                       l1482 2D36                         l1474 2CFA                         l1458 2C84  
                       l1570 24E0                         l1642 2828                         l1634 27E2  
                       l1626 27A8                         l1618 272C                         l1650 244A  
                       l1396 2B02                         l1388 2A9C                         l1548 2FE2  
                       l1492 2D7C                         l1484 2D44                         l1476 2D06  
                       l1468 2CCE                         l1580 250A                         l1572 24E4  
                       l1564 24A4                         l1644 282A                         l1636 27E6  
                       l1628 27B4                         l1652 2462                         l1660 2358  
                       l1398 2B0E                         l1494 2D96                         l1486 2D50  
                       l1478 2D1E                         l1590 2532                         l1582 2514  
                       l1574 24F2                         l1566 24CE                         l1558 247A  
                       l1638 280A                         l1662 236A                         l1670 2398  
                       l1654 2326                         l1496 2DA6                         l1488 2D60  
                       l1592 253E                         l1584 251E                         l1568 24D0  
                       l1648 23A2                         l1664 2370                         l1656 2340  
                       l1672 226C                         l1498 2DC2                         l1594 254E  
                       l1666 2382                         l1658 2348                         l1674 2278  
                       l1596 255E                         l1668 2392                         l1598 256E  
                       u1000 2B02                         u1001 2AFE                         u1010 2B1C  
                       u1011 2B18                         u1020 2B64                         u1100 2C74  
                       u1021 2B60                         u1101 2C70                         u1030 2B94  
                       u1110 2CAA                         u1031 2B90                         u1111 2CA6  
                       u1040 2BC2                         u1200 2F32                         u1120 2CBA  
                       u1041 2BBE                         u1201 2F2E                         u1121 2CB6  
                       u1210 2F7A                         u1130 2E34                         u1050 2BF0  
                       u1211 2F76                         u1051 2BEC                         u1220 2FA8  
                       u1140 2E8E                         u1060 2C02                         u1300 255E  
                       u1221 2FA4                         u1141 2E8A                         u1061 2BFE  
                       u1301 255A                         u1230 2FE2                         u1150 2EAE  
                       u1070 2C12                         u1310 269A                         u1231 2FDE  
                       u1151 2EAA                         u1135 2E2A                         u1071 2C0E  
                       u1311 2696                         u1160 2EC0                         u1080 2C52  
                       u1240 2490                         u1400 2828                         u1320 26A8  
                       u1161 2EBC                         u1081 2C4E                         u1241 248C  
                       u1401 2824                         u1321 26A4                         u1170 2EEE  
                       u1090 2C64                         u1250 24C4                         u1330 2704  
                       u1410 2340                         u1171 2EEA                         u1091 2C60  
                       u1331 2700                         u1411 233C                         u1180 2F04  
                       u1260 24F2                         u1340 275A                         u1420 2358  
                       u1181 2F00                         u1261 24EE                         u1341 2756  
                       u1421 2354                         u1190 2F18                         u1270 2506  
                       u1350 27A4                         u1430 236A                         u1191 2F14  
                       u1271 2502                         u1255 24BA                         u1351 27A0  
                       u1431 2366                         u1280 252E                         u1360 27C2  
                       u1440 2382                         u1281 252A                         u1361 27BE  
                       u1441 237E                         u1290 254E                         u1370 27D2  
                       u1450 2392                         u1291 254A                         u1371 27CE  
                       u1451 238E                         u1380 27E0                         u1381 27DC  
                       u1390 281A                         u1391 2816                         _RBPU 007F8F  
                       _main 226C                         fsr1l 000FE1                         prodh 000FF4  
                       prodl 000FF3                         start 0000              ___fldiv@new_exp 0020  
       ??_init_matrix_keypad 0001                 ___param_bank 000000                ___fltol@sign1 0049  
                      ?_main 0001              __end_of___fldiv 2BD6              __end_of___flmul 3000  
            __end_of___fltol 2580                 ?_init_config 0001                        _PORTB 000F81  
                      _TRISB 000F93                        tablat 000FF5                        status 000FD8  
            __initialization 2286                 __end_of_main 2286                       ??_main 0055  
              __activetblptr 000000        pwm_control@duty_cycle 0059                       _ADCON1 000FC1  
           read_switches@key 005A                       _CCPR1L 000FBE                       _TMR2ON 007E52  
                     _TRISC2 007CA2             __end_of___xxtofl 283C              pwm_control@wait 0056  
                  ??___fldiv 0017                    ??___flmul 0030                    ??___fltol 0045  
           __end_of_init_pwm 2246                       isa$std 000001             __end_of_scan_key 2688  
               __pdataCOMRAM 0056                       tblptrh 000FF7                       tblptrl 000FF6  
                     tblptru 000FF8                 ___xxtofl@arg 000B                 ___xxtofl@exp 000A  
               ___xxtofl@val 0001                   __accesstop 0060      __end_of__initialization 22A8  
              ___rparam_used 000001                   ___fltol@f1 0041               __pcstackCOMRAM 0001  
               ?_pwm_control 0001             _set_pwm_duty$770 004D                      _CCP1CON 000FBD  
          read_switches@once 0058                      _T2CKPS0 007E50                      _T2CKPS1 007E51  
                  ?___xxtofl 0001                _read_switches 22AE                    ?_init_pwm 0001  
                  ?_scan_key 0001                      __Hparam 0000                      __Lparam 0000  
                    ___fldiv 283C                      ___flmul 2BD6                      ___fltol 247A  
                    __pcinit 2286                      __ramtop 0600                      __ptext0 226C  
                    __ptext1 22AE                      __ptext2 2580                      __ptext3 2324  
                    __ptext4 23A0                      __ptext5 2688                      __ptext6 247A  
                    __ptext7 2BD6                      __ptext8 283C                      __ptext9 2258  
              ?_set_pwm_duty 0001                   ??___xxtofl 0005               ?_read_switches 0001  
                    main@key 0055         end_of_initialization 22A8                   ??_init_pwm 0001  
                 ??_scan_key 0001                      postdec1 000FE5                      postinc0 000FEE  
                  _PORTBbits 000F81               ??_set_pwm_duty 004B                ___xxtofl@sign 0009  
                ___fldiv@grs 0022                  ___fldiv@rem 001B                  ___flmul@grs 0035  
              __pidataCOMRAM 2232          start_initialization 2286              ??_read_switches 0001  
             pwm_control@key 0054  read_switches@detection_type 0001                ??_init_config 0001  
                  ___fldiv@a 0013                    ___fldiv@b 000F                    ___flmul@a 002C  
                  ___flmul@b 0028                  __pbssCOMRAM 005A         __end_of_set_pwm_duty 247A  
                   ?___fldiv 000F                     ?___flmul 0028                     ?___fltol 0041  
        __end_of_init_config 226C   __end_of_init_matrix_keypad 2258             set_pwm_duty@duty 0051  
                  copy_data0 229A                     __Hrparam 0000                     __Lrparam 0000  
              ??_pwm_control 0054                  _init_config 2258                     ___xxtofl 2688  
                   __ptext10 2236                     __ptext11 2246                     _init_pwm 2236  
                   _scan_key 2580                     isa$xinst 000000          __end_of_pwm_control 23A0  
               _set_pwm_duty 23A0        __end_of_read_switches 2324          set_pwm_duty@reg_val 0052  
