

Microchip MPLAB XC8 Assembler V3.10 build 20250813170317 
                                                                                               Wed Apr 22 19:48:20 2026

Microchip MPLAB XC8 C Compiler v3.10 (Free license) build 20250813170317 Og1 
     1                           	processor	18F4580
     2                           	fnconf	rparam,??,?,0
     3                           	pagewidth 120
     4                           	opt	flic
     5                           	psect	idataCOMRAM,global,class=CODE,space=0,delta=1,noexec
     6                           	psect	cinit,global,reloc=2,class=CODE,space=0,delta=1
     7                           	psect	bssCOMRAM,global,class=COMRAM,space=1,delta=1,lowdata,noexec
     8                           	psect	dataCOMRAM,global,class=COMRAM,space=1,delta=1,lowdata,noexec
     9                           	psect	cstackCOMRAM,global,class=COMRAM,space=1,delta=1,lowdata,noexec
    10                           	psect	text0,global,reloc=2,class=CODE,space=0,delta=1
    11                           	psect	text1,global,reloc=2,class=CODE,space=0,delta=1
    12                           	psect	text2,global,reloc=2,class=CODE,space=0,delta=1
    13                           	psect	text3,global,reloc=2,class=CODE,space=0,delta=1
    14                           	psect	text4,global,reloc=2,class=CODE,space=0,delta=1,group=1
    15                           	psect	text5,global,reloc=2,class=CODE,space=0,delta=1,group=1
    16                           	psect	smallconst,global,reloc=2,class=SMALLCONST,space=0,delta=1,noexec
    17                           	psect	intsave_regs,global,class=BIGRAM,space=1,delta=1,noexec
    18                           	psect	rparam,global,class=COMRAM,space=1,delta=1,noexec
    19                           	psect	idloc,global,abs,ovrld,class=IDLOC,space=5,delta=1,noexec
    20                           	psect	config,global,abs,ovrld,class=CONFIG,space=4,delta=1,noexec
    21   000000                     
    22                           ; Version 2.20
    23                           ; Generated 12/02/2020 GMT
    24                           ; 
    25                           ; Copyright © 2020, Microchip Technology Inc. and its subsidiaries ("Microchip")
    26                           ; All rights reserved.
    27                           ; 
    28                           ; This software is developed by Microchip Technology Inc. and its subsidiaries ("Microch
      +                          ip").
    29                           ; 
    30                           ; Redistribution and use in source and binary forms, with or without modification, are
    31                           ; permitted provided that the following conditions are met:
    32                           ; 
    33                           ;     1. Redistributions of source code must retain the above copyright notice, this lis
      +                          t of
    34                           ;        conditions and the following disclaimer.
    35                           ; 
    36                           ;     2. Redistributions in binary form must reproduce the above copyright notice, this 
      +                          list
    37                           ;        of conditions and the following disclaimer in the documentation and/or other
    38                           ;        materials provided with the distribution.
    39                           ; 
    40                           ;     3. Microchip's name may not be used to endorse or promote products derived from th
      +                          is
    41                           ;        software without specific prior written permission.
    42                           ; 
    43                           ; THIS SOFTWARE IS PROVIDED BY MICROCHIP "AS IS" AND ANY EXPRESS OR IMPLIED WARRANTIES,
    44                           ; INCLUDING, BUT NOT LIMITED TO, THE IMPLIED WARRANTIES OF MERCHANTABILITY AND FITNESS F
      +                          OR
    45                           ; PURPOSE ARE DISCLAIMED.  IN NO EVENT SHALL MICROCHIP BE LIABLE FOR ANY DIRECT, INDIREC
      +                          T,
    46                           ; INCIDENTAL, SPECIAL, EXEMPLARY, OR CONSEQUENTIAL DAMAGES (INCLUDING BUT NOT LIMITED TO
    47                           ; PROCUREMENT OF SUBSTITUTE GOODS OR SERVICES; LOSS OF USE, DATA OR PROFITS; OR BUSINESS
    48                           ; INTERRUPTION) HOWSOEVER CAUSED AND ON ANY THEORY OF LIABILITY, WHETHER IN CONTRACT, ST
      +                          RICT
    49                           ; LIABILITY, OR TORT (INCLUDING NEGLIGENCE OR OTHERWISE) ARISING IN ANY WAY OUT OF THE U
      +                          SE OF
    50                           ; THIS SOFTWARE, EVEN IF ADVISED OF THE POSSIBILITY OF SUCH DAMAGE.
    51                           ; 
    52                           ; 
    53                           ; Code-generator required, PIC18F4580 Definitions
    54                           ; 
    55                           ; SFR Addresses
    56   000FE0                     bsr             equ	4064
    57   000FE9                     fsr0            equ	4073
    58   000FEA                     fsr0h           equ	4074
    59   000FE9                     fsr0l           equ	4073
    60   000FE1                     fsr1            equ	4065
    61   000FE2                     fsr1h           equ	4066
    62   000FE1                     fsr1l           equ	4065
    63   000FD9                     fsr2            equ	4057
    64   000FDA                     fsr2h           equ	4058
    65   000FD9                     fsr2l           equ	4057
    66   000FEF                     indf0           equ	4079
    67   000FE7                     indf1           equ	4071
    68   000FDF                     indf2           equ	4063
    69   000FF2                     intcon          equ	4082
    70   000000                     nvmcon          equ	0
    71   000FF9                     pcl             equ	4089
    72   000FFA                     pclath          equ	4090
    73   000FFB                     pclatu          equ	4091
    74   000FEB                     plusw0          equ	4075
    75   000FE3                     plusw1          equ	4067
    76   000FDB                     plusw2          equ	4059
    77   000FED                     postdec0        equ	4077
    78   000FE5                     postdec1        equ	4069
    79   000FDD                     postdec2        equ	4061
    80   000FEE                     postinc0        equ	4078
    81   000FE6                     postinc1        equ	4070
    82   000FDE                     postinc2        equ	4062
    83   000FEC                     preinc0         equ	4076
    84   000FE4                     preinc1         equ	4068
    85   000FDC                     preinc2         equ	4060
    86   000FF3                     prod            equ	4083
    87   000FF4                     prodh           equ	4084
    88   000FF3                     prodl           equ	4083
    89   000FD8                     status          equ	4056
    90   000FF5                     tablat          equ	4085
    91   000FF6                     tblptr          equ	4086
    92   000FF7                     tblptrh         equ	4087
    93   000FF6                     tblptrl         equ	4086
    94   000FF8                     tblptru         equ	4088
    95   000FFD                     tosl            equ	4093
    96   000FE8                     wreg            equ	4072
    97   000D60                     RXF6SIDH        equ	3424	;# 
    98   000D61                     RXF6SIDL        equ	3425	;# 
    99   000D62                     RXF6EIDH        equ	3426	;# 
   100   000D63                     RXF6EIDL        equ	3427	;# 
   101   000D64                     RXF7SIDH        equ	3428	;# 
   102   000D65                     RXF7SIDL        equ	3429	;# 
   103   000D66                     RXF7EIDH        equ	3430	;# 
   104   000D67                     RXF7EIDL        equ	3431	;# 
   105   000D68                     RXF8SIDH        equ	3432	;# 
   106   000D69                     RXF8SIDL        equ	3433	;# 
   107   000D6A                     RXF8EIDH        equ	3434	;# 
   108   000D6B                     RXF8EIDL        equ	3435	;# 
   109   000D70                     RXF9SIDH        equ	3440	;# 
   110   000D71                     RXF9SIDL        equ	3441	;# 
   111   000D72                     RXF9EIDH        equ	3442	;# 
   112   000D73                     RXF9EIDL        equ	3443	;# 
   113   000D74                     RXF10SIDH       equ	3444	;# 
   114   000D75                     RXF10SIDL       equ	3445	;# 
   115   000D76                     RXF10EIDH       equ	3446	;# 
   116   000D77                     RXF10EIDL       equ	3447	;# 
   117   000D78                     RXF11SIDH       equ	3448	;# 
   118   000D79                     RXF11SIDL       equ	3449	;# 
   119   000D7A                     RXF11EIDH       equ	3450	;# 
   120   000D7B                     RXF11EIDL       equ	3451	;# 
   121   000D80                     RXF12SIDH       equ	3456	;# 
   122   000D81                     RXF12SIDL       equ	3457	;# 
   123   000D82                     RXF12EIDH       equ	3458	;# 
   124   000D83                     RXF12EIDL       equ	3459	;# 
   125   000D84                     RXF13SIDH       equ	3460	;# 
   126   000D85                     RXF13SIDL       equ	3461	;# 
   127   000D86                     RXF13EIDH       equ	3462	;# 
   128   000D87                     RXF13EIDL       equ	3463	;# 
   129   000D88                     RXF14SIDH       equ	3464	;# 
   130   000D89                     RXF14SIDL       equ	3465	;# 
   131   000D8A                     RXF14EIDH       equ	3466	;# 
   132   000D8B                     RXF14EIDL       equ	3467	;# 
   133   000D90                     RXF15SIDH       equ	3472	;# 
   134   000D91                     RXF15SIDL       equ	3473	;# 
   135   000D92                     RXF15EIDH       equ	3474	;# 
   136   000D93                     RXF15EIDL       equ	3475	;# 
   137   000DD4                     RXFCON0         equ	3540	;# 
   138   000DD5                     RXFCON1         equ	3541	;# 
   139   000DD8                     SDFLC           equ	3544	;# 
   140   000DE0                     RXFBCON0        equ	3552	;# 
   141   000DE1                     RXFBCON1        equ	3553	;# 
   142   000DE2                     RXFBCON2        equ	3554	;# 
   143   000DE3                     RXFBCON3        equ	3555	;# 
   144   000DE4                     RXFBCON4        equ	3556	;# 
   145   000DE5                     RXFBCON5        equ	3557	;# 
   146   000DE6                     RXFBCON6        equ	3558	;# 
   147   000DE7                     RXFBCON7        equ	3559	;# 
   148   000DF0                     MSEL0           equ	3568	;# 
   149   000DF1                     MSEL1           equ	3569	;# 
   150   000DF2                     MSEL2           equ	3570	;# 
   151   000DF3                     MSEL3           equ	3571	;# 
   152   000DF8                     BSEL0           equ	3576	;# 
   153   000DFA                     BIE0            equ	3578	;# 
   154   000DFC                     TXBIE           equ	3580	;# 
   155   000E20                     B0CON           equ	3616	;# 
   156   000E21                     B0SIDH          equ	3617	;# 
   157   000E22                     B0SIDL          equ	3618	;# 
   158   000E23                     B0EIDH          equ	3619	;# 
   159   000E24                     B0EIDL          equ	3620	;# 
   160   000E25                     B0DLC           equ	3621	;# 
   161   000E26                     B0D0            equ	3622	;# 
   162   000E27                     B0D1            equ	3623	;# 
   163   000E28                     B0D2            equ	3624	;# 
   164   000E29                     B0D3            equ	3625	;# 
   165   000E2A                     B0D4            equ	3626	;# 
   166   000E2B                     B0D5            equ	3627	;# 
   167   000E2C                     B0D6            equ	3628	;# 
   168   000E2D                     B0D7            equ	3629	;# 
   169   000E2E                     CANSTAT_RO9     equ	3630	;# 
   170   000E2F                     CANCON_RO9      equ	3631	;# 
   171   000E30                     B1CON           equ	3632	;# 
   172   000E31                     B1SIDH          equ	3633	;# 
   173   000E32                     B1SIDL          equ	3634	;# 
   174   000E33                     B1EIDH          equ	3635	;# 
   175   000E34                     B1EIDL          equ	3636	;# 
   176   000E35                     B1DLC           equ	3637	;# 
   177   000E36                     B1D0            equ	3638	;# 
   178   000E37                     B1D1            equ	3639	;# 
   179   000E38                     B1D2            equ	3640	;# 
   180   000E39                     B1D3            equ	3641	;# 
   181   000E3A                     B1D4            equ	3642	;# 
   182   000E3B                     B1D5            equ	3643	;# 
   183   000E3C                     B1D6            equ	3644	;# 
   184   000E3D                     B1D7            equ	3645	;# 
   185   000E3E                     CANSTAT_RO8     equ	3646	;# 
   186   000E3F                     CANCON_RO8      equ	3647	;# 
   187   000E40                     B2CON           equ	3648	;# 
   188   000E41                     B2SIDH          equ	3649	;# 
   189   000E42                     B2SIDL          equ	3650	;# 
   190   000E43                     B2EIDH          equ	3651	;# 
   191   000E44                     B2EIDL          equ	3652	;# 
   192   000E45                     B2DLC           equ	3653	;# 
   193   000E46                     B2D0            equ	3654	;# 
   194   000E47                     B2D1            equ	3655	;# 
   195   000E48                     B2D2            equ	3656	;# 
   196   000E49                     B2D3            equ	3657	;# 
   197   000E4A                     B2D4            equ	3658	;# 
   198   000E4B                     B2D5            equ	3659	;# 
   199   000E4C                     B2D6            equ	3660	;# 
   200   000E4D                     B2D7            equ	3661	;# 
   201   000E4E                     CANSTAT_RO7     equ	3662	;# 
   202   000E4F                     CANCON_RO7      equ	3663	;# 
   203   000E50                     B3CON           equ	3664	;# 
   204   000E51                     B3SIDH          equ	3665	;# 
   205   000E52                     B3SIDL          equ	3666	;# 
   206   000E53                     B3EIDH          equ	3667	;# 
   207   000E54                     B3EIDL          equ	3668	;# 
   208   000E55                     B3DLC           equ	3669	;# 
   209   000E56                     B3D0            equ	3670	;# 
   210   000E57                     B3D1            equ	3671	;# 
   211   000E58                     B3D2            equ	3672	;# 
   212   000E59                     B3D3            equ	3673	;# 
   213   000E5A                     B3D4            equ	3674	;# 
   214   000E5B                     B3D5            equ	3675	;# 
   215   000E5C                     B3D6            equ	3676	;# 
   216   000E5D                     B3D7            equ	3677	;# 
   217   000E5E                     CANSTAT_RO6     equ	3678	;# 
   218   000E5F                     CANCON_RO6      equ	3679	;# 
   219   000E60                     B4CON           equ	3680	;# 
   220   000E61                     B4SIDH          equ	3681	;# 
   221   000E62                     B4SIDL          equ	3682	;# 
   222   000E63                     B4EIDH          equ	3683	;# 
   223   000E64                     B4EIDL          equ	3684	;# 
   224   000E65                     B4DLC           equ	3685	;# 
   225   000E66                     B4D0            equ	3686	;# 
   226   000E67                     B4D1            equ	3687	;# 
   227   000E68                     B4D2            equ	3688	;# 
   228   000E69                     B4D3            equ	3689	;# 
   229   000E6A                     B4D4            equ	3690	;# 
   230   000E6B                     B4D5            equ	3691	;# 
   231   000E6C                     B4D6            equ	3692	;# 
   232   000E6D                     B4D7            equ	3693	;# 
   233   000E6E                     CANSTAT_RO5     equ	3694	;# 
   234   000E6F                     CANCON_RO5      equ	3695	;# 
   235   000E70                     B5CON           equ	3696	;# 
   236   000E71                     B5SIDH          equ	3697	;# 
   237   000E72                     B5SIDL          equ	3698	;# 
   238   000E73                     B5EIDH          equ	3699	;# 
   239   000E74                     B5EIDL          equ	3700	;# 
   240   000E75                     B5DLC           equ	3701	;# 
   241   000E76                     B5D0            equ	3702	;# 
   242   000E77                     B5D1            equ	3703	;# 
   243   000E78                     B5D2            equ	3704	;# 
   244   000E79                     B5D3            equ	3705	;# 
   245   000E7A                     B5D4            equ	3706	;# 
   246   000E7B                     B5D5            equ	3707	;# 
   247   000E7C                     B5D6            equ	3708	;# 
   248   000E7D                     B5D7            equ	3709	;# 
   249   000E7E                     CANSTAT_RO4     equ	3710	;# 
   250   000E7F                     CANCON_RO4      equ	3711	;# 
   251   000F00                     RXF0SIDH        equ	3840	;# 
   252   000F01                     RXF0SIDL        equ	3841	;# 
   253   000F02                     RXF0EIDH        equ	3842	;# 
   254   000F03                     RXF0EIDL        equ	3843	;# 
   255   000F04                     RXF1SIDH        equ	3844	;# 
   256   000F05                     RXF1SIDL        equ	3845	;# 
   257   000F06                     RXF1EIDH        equ	3846	;# 
   258   000F07                     RXF1EIDL        equ	3847	;# 
   259   000F08                     RXF2SIDH        equ	3848	;# 
   260   000F09                     RXF2SIDL        equ	3849	;# 
   261   000F0A                     RXF2EIDH        equ	3850	;# 
   262   000F0B                     RXF2EIDL        equ	3851	;# 
   263   000F0C                     RXF3SIDH        equ	3852	;# 
   264   000F0D                     RXF3SIDL        equ	3853	;# 
   265   000F0E                     RXF3EIDH        equ	3854	;# 
   266   000F0F                     RXF3EIDL        equ	3855	;# 
   267   000F10                     RXF4SIDH        equ	3856	;# 
   268   000F11                     RXF4SIDL        equ	3857	;# 
   269   000F12                     RXF4EIDH        equ	3858	;# 
   270   000F13                     RXF4EIDL        equ	3859	;# 
   271   000F14                     RXF5SIDH        equ	3860	;# 
   272   000F15                     RXF5SIDL        equ	3861	;# 
   273   000F16                     RXF5EIDH        equ	3862	;# 
   274   000F17                     RXF5EIDL        equ	3863	;# 
   275   000F18                     RXM0SIDH        equ	3864	;# 
   276   000F19                     RXM0SIDL        equ	3865	;# 
   277   000F1A                     RXM0EIDH        equ	3866	;# 
   278   000F1B                     RXM0EIDL        equ	3867	;# 
   279   000F1C                     RXM1SIDH        equ	3868	;# 
   280   000F1D                     RXM1SIDL        equ	3869	;# 
   281   000F1E                     RXM1EIDH        equ	3870	;# 
   282   000F1F                     RXM1EIDL        equ	3871	;# 
   283   000F20                     TXB2CON         equ	3872	;# 
   284   000F21                     TXB2SIDH        equ	3873	;# 
   285   000F22                     TXB2SIDL        equ	3874	;# 
   286   000F23                     TXB2EIDH        equ	3875	;# 
   287   000F24                     TXB2EIDL        equ	3876	;# 
   288   000F25                     TXB2DLC         equ	3877	;# 
   289   000F26                     TXB2D0          equ	3878	;# 
   290   000F27                     TXB2D1          equ	3879	;# 
   291   000F28                     TXB2D2          equ	3880	;# 
   292   000F29                     TXB2D3          equ	3881	;# 
   293   000F2A                     TXB2D4          equ	3882	;# 
   294   000F2B                     TXB2D5          equ	3883	;# 
   295   000F2C                     TXB2D6          equ	3884	;# 
   296   000F2D                     TXB2D7          equ	3885	;# 
   297   000F2E                     CANSTAT_RO3     equ	3886	;# 
   298   000F2F                     CANCON_RO3      equ	3887	;# 
   299   000F30                     TXB1CON         equ	3888	;# 
   300   000F31                     TXB1SIDH        equ	3889	;# 
   301   000F32                     TXB1SIDL        equ	3890	;# 
   302   000F33                     TXB1EIDH        equ	3891	;# 
   303   000F34                     TXB1EIDL        equ	3892	;# 
   304   000F35                     TXB1DLC         equ	3893	;# 
   305   000F36                     TXB1D0          equ	3894	;# 
   306   000F37                     TXB1D1          equ	3895	;# 
   307   000F38                     TXB1D2          equ	3896	;# 
   308   000F39                     TXB1D3          equ	3897	;# 
   309   000F3A                     TXB1D4          equ	3898	;# 
   310   000F3B                     TXB1D5          equ	3899	;# 
   311   000F3C                     TXB1D6          equ	3900	;# 
   312   000F3D                     TXB1D7          equ	3901	;# 
   313   000F3E                     CANSTAT_RO2     equ	3902	;# 
   314   000F3F                     CANCON_RO2      equ	3903	;# 
   315   000F40                     TXB0CON         equ	3904	;# 
   316   000F41                     TXB0SIDH        equ	3905	;# 
   317   000F42                     TXB0SIDL        equ	3906	;# 
   318   000F43                     TXB0EIDH        equ	3907	;# 
   319   000F44                     TXB0EIDL        equ	3908	;# 
   320   000F45                     TXB0DLC         equ	3909	;# 
   321   000F46                     TXB0D0          equ	3910	;# 
   322   000F47                     TXB0D1          equ	3911	;# 
   323   000F48                     TXB0D2          equ	3912	;# 
   324   000F49                     TXB0D3          equ	3913	;# 
   325   000F4A                     TXB0D4          equ	3914	;# 
   326   000F4B                     TXB0D5          equ	3915	;# 
   327   000F4C                     TXB0D6          equ	3916	;# 
   328   000F4D                     TXB0D7          equ	3917	;# 
   329   000F4E                     CANSTAT_RO1     equ	3918	;# 
   330   000F4F                     CANCON_RO1      equ	3919	;# 
   331   000F50                     RXB1CON         equ	3920	;# 
   332   000F51                     RXB1SIDH        equ	3921	;# 
   333   000F52                     RXB1SIDL        equ	3922	;# 
   334   000F53                     RXB1EIDH        equ	3923	;# 
   335   000F54                     RXB1EIDL        equ	3924	;# 
   336   000F55                     RXB1DLC         equ	3925	;# 
   337   000F56                     RXB1D0          equ	3926	;# 
   338   000F57                     RXB1D1          equ	3927	;# 
   339   000F58                     RXB1D2          equ	3928	;# 
   340   000F59                     RXB1D3          equ	3929	;# 
   341   000F5A                     RXB1D4          equ	3930	;# 
   342   000F5B                     RXB1D5          equ	3931	;# 
   343   000F5C                     RXB1D6          equ	3932	;# 
   344   000F5D                     RXB1D7          equ	3933	;# 
   345   000F5E                     CANSTAT_RO0     equ	3934	;# 
   346   000F5F                     CANCON_RO0      equ	3935	;# 
   347   000F60                     RXB0CON         equ	3936	;# 
   348   000F61                     RXB0SIDH        equ	3937	;# 
   349   000F62                     RXB0SIDL        equ	3938	;# 
   350   000F63                     RXB0EIDH        equ	3939	;# 
   351   000F64                     RXB0EIDL        equ	3940	;# 
   352   000F65                     RXB0DLC         equ	3941	;# 
   353   000F66                     RXB0D0          equ	3942	;# 
   354   000F67                     RXB0D1          equ	3943	;# 
   355   000F68                     RXB0D2          equ	3944	;# 
   356   000F69                     RXB0D3          equ	3945	;# 
   357   000F6A                     RXB0D4          equ	3946	;# 
   358   000F6B                     RXB0D5          equ	3947	;# 
   359   000F6C                     RXB0D6          equ	3948	;# 
   360   000F6D                     RXB0D7          equ	3949	;# 
   361   000F6E                     CANSTAT         equ	3950	;# 
   362   000F6F                     CANCON          equ	3951	;# 
   363   000F70                     BRGCON1         equ	3952	;# 
   364   000F71                     BRGCON2         equ	3953	;# 
   365   000F72                     BRGCON3         equ	3954	;# 
   366   000F73                     CIOCON          equ	3955	;# 
   367   000F74                     COMSTAT         equ	3956	;# 
   368   000F75                     RXERRCNT        equ	3957	;# 
   369   000F76                     TXERRCNT        equ	3958	;# 
   370   000F77                     ECANCON         equ	3959	;# 
   371   000F80                     PORTA           equ	3968	;# 
   372   000F81                     PORTB           equ	3969	;# 
   373   000F82                     PORTC           equ	3970	;# 
   374   000F83                     PORTD           equ	3971	;# 
   375   000F84                     PORTE           equ	3972	;# 
   376   000F89                     LATA            equ	3977	;# 
   377   000F8A                     LATB            equ	3978	;# 
   378   000F8B                     LATC            equ	3979	;# 
   379   000F8C                     LATD            equ	3980	;# 
   380   000F8D                     LATE            equ	3981	;# 
   381   000F92                     TRISA           equ	3986	;# 
   382   000F92                     DDRA            equ	3986	;# 
   383   000F93                     TRISB           equ	3987	;# 
   384   000F93                     DDRB            equ	3987	;# 
   385   000F94                     TRISC           equ	3988	;# 
   386   000F94                     DDRC            equ	3988	;# 
   387   000F95                     TRISD           equ	3989	;# 
   388   000F95                     DDRD            equ	3989	;# 
   389   000F96                     TRISE           equ	3990	;# 
   390   000F96                     DDRE            equ	3990	;# 
   391   000F9B                     OSCTUNE         equ	3995	;# 
   392   000F9D                     PIE1            equ	3997	;# 
   393   000F9E                     PIR1            equ	3998	;# 
   394   000F9F                     IPR1            equ	3999	;# 
   395   000FA0                     PIE2            equ	4000	;# 
   396   000FA1                     PIR2            equ	4001	;# 
   397   000FA2                     IPR2            equ	4002	;# 
   398   000FA3                     PIE3            equ	4003	;# 
   399   000FA4                     PIR3            equ	4004	;# 
   400   000FA5                     IPR3            equ	4005	;# 
   401   000FA6                     EECON1          equ	4006	;# 
   402   000FA7                     EECON2          equ	4007	;# 
   403   000FA8                     EEDATA          equ	4008	;# 
   404   000FA9                     EEADR           equ	4009	;# 
   405   000FAB                     RCSTA           equ	4011	;# 
   406   000FAB                     RCSTA1          equ	4011	;# 
   407   000FAC                     TXSTA           equ	4012	;# 
   408   000FAC                     TXSTA1          equ	4012	;# 
   409   000FAD                     TXREG           equ	4013	;# 
   410   000FAD                     TXREG1          equ	4013	;# 
   411   000FAE                     RCREG           equ	4014	;# 
   412   000FAE                     RCREG1          equ	4014	;# 
   413   000FAF                     SPBRG           equ	4015	;# 
   414   000FAF                     SPBRG1          equ	4015	;# 
   415   000FB0                     SPBRGH          equ	4016	;# 
   416   000FB1                     T3CON           equ	4017	;# 
   417   000FB2                     TMR3            equ	4018	;# 
   418   000FB2                     TMR3L           equ	4018	;# 
   419   000FB3                     TMR3H           equ	4019	;# 
   420   000FB4                     CMCON           equ	4020	;# 
   421   000FB5                     CVRCON          equ	4021	;# 
   422   000FB6                     ECCP1AS         equ	4022	;# 
   423   000FB7                     ECCP1DEL        equ	4023	;# 
   424   000FB8                     BAUDCON         equ	4024	;# 
   425   000FB8                     BAUDCTL         equ	4024	;# 
   426   000FBA                     ECCP1CON        equ	4026	;# 
   427   000FBB                     ECCPR1          equ	4027	;# 
   428   000FBB                     ECCPR1L         equ	4027	;# 
   429   000FBC                     ECCPR1H         equ	4028	;# 
   430   000FBD                     CCP1CON         equ	4029	;# 
   431   000FBE                     CCPR1           equ	4030	;# 
   432   000FBE                     CCPR1L          equ	4030	;# 
   433   000FBF                     CCPR1H          equ	4031	;# 
   434   000FC0                     ADCON2          equ	4032	;# 
   435   000FC1                     ADCON1          equ	4033	;# 
   436   000FC2                     ADCON0          equ	4034	;# 
   437   000FC3                     ADRES           equ	4035	;# 
   438   000FC3                     ADRESL          equ	4035	;# 
   439   000FC4                     ADRESH          equ	4036	;# 
   440   000FC5                     SSPCON2         equ	4037	;# 
   441   000FC6                     SSPCON1         equ	4038	;# 
   442   000FC7                     SSPSTAT         equ	4039	;# 
   443   000FC8                     SSPADD          equ	4040	;# 
   444   000FC9                     SSPBUF          equ	4041	;# 
   445   000FCA                     T2CON           equ	4042	;# 
   446   000FCB                     PR2             equ	4043	;# 
   447   000FCB                     MEMCON          equ	4043	;# 
   448   000FCC                     TMR2            equ	4044	;# 
   449   000FCD                     T1CON           equ	4045	;# 
   450   000FCE                     TMR1            equ	4046	;# 
   451   000FCE                     TMR1L           equ	4046	;# 
   452   000FCF                     TMR1H           equ	4047	;# 
   453   000FD0                     RCON            equ	4048	;# 
   454   000FD1                     WDTCON          equ	4049	;# 
   455   000FD2                     HLVDCON         equ	4050	;# 
   456   000FD2                     LVDCON          equ	4050	;# 
   457   000FD3                     OSCCON          equ	4051	;# 
   458   000FD5                     T0CON           equ	4053	;# 
   459   000FD6                     TMR0            equ	4054	;# 
   460   000FD6                     TMR0L           equ	4054	;# 
   461   000FD7                     TMR0H           equ	4055	;# 
   462   000FD8                     STATUS          equ	4056	;# 
   463   000FD9                     FSR2            equ	4057	;# 
   464   000FD9                     FSR2L           equ	4057	;# 
   465   000FDA                     FSR2H           equ	4058	;# 
   466   000FDB                     PLUSW2          equ	4059	;# 
   467   000FDC                     PREINC2         equ	4060	;# 
   468   000FDD                     POSTDEC2        equ	4061	;# 
   469   000FDE                     POSTINC2        equ	4062	;# 
   470   000FDF                     INDF2           equ	4063	;# 
   471   000FE0                     BSR             equ	4064	;# 
   472   000FE1                     FSR1            equ	4065	;# 
   473   000FE1                     FSR1L           equ	4065	;# 
   474   000FE2                     FSR1H           equ	4066	;# 
   475   000FE3                     PLUSW1          equ	4067	;# 
   476   000FE4                     PREINC1         equ	4068	;# 
   477   000FE5                     POSTDEC1        equ	4069	;# 
   478   000FE6                     POSTINC1        equ	4070	;# 
   479   000FE7                     INDF1           equ	4071	;# 
   480   000FE8                     WREG            equ	4072	;# 
   481   000FE9                     FSR0            equ	4073	;# 
   482   000FE9                     FSR0L           equ	4073	;# 
   483   000FEA                     FSR0H           equ	4074	;# 
   484   000FEB                     PLUSW0          equ	4075	;# 
   485   000FEC                     PREINC0         equ	4076	;# 
   486   000FED                     POSTDEC0        equ	4077	;# 
   487   000FEE                     POSTINC0        equ	4078	;# 
   488   000FEF                     INDF0           equ	4079	;# 
   489   000FF0                     INTCON3         equ	4080	;# 
   490   000FF1                     INTCON2         equ	4081	;# 
   491   000FF2                     INTCON          equ	4082	;# 
   492   000FF3                     PROD            equ	4083	;# 
   493   000FF3                     PRODL           equ	4083	;# 
   494   000FF4                     PRODH           equ	4084	;# 
   495   000FF5                     TABLAT          equ	4085	;# 
   496   000FF6                     TBLPTR          equ	4086	;# 
   497   000FF6                     TBLPTRL         equ	4086	;# 
   498   000FF7                     TBLPTRH         equ	4087	;# 
   499   000FF8                     TBLPTRU         equ	4088	;# 
   500   000FF9                     PCLAT           equ	4089	;# 
   501   000FF9                     PC              equ	4089	;# 
   502   000FF9                     PCL             equ	4089	;# 
   503   000FFA                     PCLATH          equ	4090	;# 
   504   000FFB                     PCLATU          equ	4091	;# 
   505   000FFC                     STKPTR          equ	4092	;# 
   506   000FFD                     TOS             equ	4093	;# 
   507   000FFD                     TOSL            equ	4093	;# 
   508   000FFE                     TOSH            equ	4094	;# 
   509   000FFF                     TOSU            equ	4095	;# 
   510   000D60                     RXF6SIDH        equ	3424	;# 
   511   000D61                     RXF6SIDL        equ	3425	;# 
   512   000D62                     RXF6EIDH        equ	3426	;# 
   513   000D63                     RXF6EIDL        equ	3427	;# 
   514   000D64                     RXF7SIDH        equ	3428	;# 
   515   000D65                     RXF7SIDL        equ	3429	;# 
   516   000D66                     RXF7EIDH        equ	3430	;# 
   517   000D67                     RXF7EIDL        equ	3431	;# 
   518   000D68                     RXF8SIDH        equ	3432	;# 
   519   000D69                     RXF8SIDL        equ	3433	;# 
   520   000D6A                     RXF8EIDH        equ	3434	;# 
   521   000D6B                     RXF8EIDL        equ	3435	;# 
   522   000D70                     RXF9SIDH        equ	3440	;# 
   523   000D71                     RXF9SIDL        equ	3441	;# 
   524   000D72                     RXF9EIDH        equ	3442	;# 
   525   000D73                     RXF9EIDL        equ	3443	;# 
   526   000D74                     RXF10SIDH       equ	3444	;# 
   527   000D75                     RXF10SIDL       equ	3445	;# 
   528   000D76                     RXF10EIDH       equ	3446	;# 
   529   000D77                     RXF10EIDL       equ	3447	;# 
   530   000D78                     RXF11SIDH       equ	3448	;# 
   531   000D79                     RXF11SIDL       equ	3449	;# 
   532   000D7A                     RXF11EIDH       equ	3450	;# 
   533   000D7B                     RXF11EIDL       equ	3451	;# 
   534   000D80                     RXF12SIDH       equ	3456	;# 
   535   000D81                     RXF12SIDL       equ	3457	;# 
   536   000D82                     RXF12EIDH       equ	3458	;# 
   537   000D83                     RXF12EIDL       equ	3459	;# 
   538   000D84                     RXF13SIDH       equ	3460	;# 
   539   000D85                     RXF13SIDL       equ	3461	;# 
   540   000D86                     RXF13EIDH       equ	3462	;# 
   541   000D87                     RXF13EIDL       equ	3463	;# 
   542   000D88                     RXF14SIDH       equ	3464	;# 
   543   000D89                     RXF14SIDL       equ	3465	;# 
   544   000D8A                     RXF14EIDH       equ	3466	;# 
   545   000D8B                     RXF14EIDL       equ	3467	;# 
   546   000D90                     RXF15SIDH       equ	3472	;# 
   547   000D91                     RXF15SIDL       equ	3473	;# 
   548   000D92                     RXF15EIDH       equ	3474	;# 
   549   000D93                     RXF15EIDL       equ	3475	;# 
   550   000DD4                     RXFCON0         equ	3540	;# 
   551   000DD5                     RXFCON1         equ	3541	;# 
   552   000DD8                     SDFLC           equ	3544	;# 
   553   000DE0                     RXFBCON0        equ	3552	;# 
   554   000DE1                     RXFBCON1        equ	3553	;# 
   555   000DE2                     RXFBCON2        equ	3554	;# 
   556   000DE3                     RXFBCON3        equ	3555	;# 
   557   000DE4                     RXFBCON4        equ	3556	;# 
   558   000DE5                     RXFBCON5        equ	3557	;# 
   559   000DE6                     RXFBCON6        equ	3558	;# 
   560   000DE7                     RXFBCON7        equ	3559	;# 
   561   000DF0                     MSEL0           equ	3568	;# 
   562   000DF1                     MSEL1           equ	3569	;# 
   563   000DF2                     MSEL2           equ	3570	;# 
   564   000DF3                     MSEL3           equ	3571	;# 
   565   000DF8                     BSEL0           equ	3576	;# 
   566   000DFA                     BIE0            equ	3578	;# 
   567   000DFC                     TXBIE           equ	3580	;# 
   568   000E20                     B0CON           equ	3616	;# 
   569   000E21                     B0SIDH          equ	3617	;# 
   570   000E22                     B0SIDL          equ	3618	;# 
   571   000E23                     B0EIDH          equ	3619	;# 
   572   000E24                     B0EIDL          equ	3620	;# 
   573   000E25                     B0DLC           equ	3621	;# 
   574   000E26                     B0D0            equ	3622	;# 
   575   000E27                     B0D1            equ	3623	;# 
   576   000E28                     B0D2            equ	3624	;# 
   577   000E29                     B0D3            equ	3625	;# 
   578   000E2A                     B0D4            equ	3626	;# 
   579   000E2B                     B0D5            equ	3627	;# 
   580   000E2C                     B0D6            equ	3628	;# 
   581   000E2D                     B0D7            equ	3629	;# 
   582   000E2E                     CANSTAT_RO9     equ	3630	;# 
   583   000E2F                     CANCON_RO9      equ	3631	;# 
   584   000E30                     B1CON           equ	3632	;# 
   585   000E31                     B1SIDH          equ	3633	;# 
   586   000E32                     B1SIDL          equ	3634	;# 
   587   000E33                     B1EIDH          equ	3635	;# 
   588   000E34                     B1EIDL          equ	3636	;# 
   589   000E35                     B1DLC           equ	3637	;# 
   590   000E36                     B1D0            equ	3638	;# 
   591   000E37                     B1D1            equ	3639	;# 
   592   000E38                     B1D2            equ	3640	;# 
   593   000E39                     B1D3            equ	3641	;# 
   594   000E3A                     B1D4            equ	3642	;# 
   595   000E3B                     B1D5            equ	3643	;# 
   596   000E3C                     B1D6            equ	3644	;# 
   597   000E3D                     B1D7            equ	3645	;# 
   598   000E3E                     CANSTAT_RO8     equ	3646	;# 
   599   000E3F                     CANCON_RO8      equ	3647	;# 
   600   000E40                     B2CON           equ	3648	;# 
   601   000E41                     B2SIDH          equ	3649	;# 
   602   000E42                     B2SIDL          equ	3650	;# 
   603   000E43                     B2EIDH          equ	3651	;# 
   604   000E44                     B2EIDL          equ	3652	;# 
   605   000E45                     B2DLC           equ	3653	;# 
   606   000E46                     B2D0            equ	3654	;# 
   607   000E47                     B2D1            equ	3655	;# 
   608   000E48                     B2D2            equ	3656	;# 
   609   000E49                     B2D3            equ	3657	;# 
   610   000E4A                     B2D4            equ	3658	;# 
   611   000E4B                     B2D5            equ	3659	;# 
   612   000E4C                     B2D6            equ	3660	;# 
   613   000E4D                     B2D7            equ	3661	;# 
   614   000E4E                     CANSTAT_RO7     equ	3662	;# 
   615   000E4F                     CANCON_RO7      equ	3663	;# 
   616   000E50                     B3CON           equ	3664	;# 
   617   000E51                     B3SIDH          equ	3665	;# 
   618   000E52                     B3SIDL          equ	3666	;# 
   619   000E53                     B3EIDH          equ	3667	;# 
   620   000E54                     B3EIDL          equ	3668	;# 
   621   000E55                     B3DLC           equ	3669	;# 
   622   000E56                     B3D0            equ	3670	;# 
   623   000E57                     B3D1            equ	3671	;# 
   624   000E58                     B3D2            equ	3672	;# 
   625   000E59                     B3D3            equ	3673	;# 
   626   000E5A                     B3D4            equ	3674	;# 
   627   000E5B                     B3D5            equ	3675	;# 
   628   000E5C                     B3D6            equ	3676	;# 
   629   000E5D                     B3D7            equ	3677	;# 
   630   000E5E                     CANSTAT_RO6     equ	3678	;# 
   631   000E5F                     CANCON_RO6      equ	3679	;# 
   632   000E60                     B4CON           equ	3680	;# 
   633   000E61                     B4SIDH          equ	3681	;# 
   634   000E62                     B4SIDL          equ	3682	;# 
   635   000E63                     B4EIDH          equ	3683	;# 
   636   000E64                     B4EIDL          equ	3684	;# 
   637   000E65                     B4DLC           equ	3685	;# 
   638   000E66                     B4D0            equ	3686	;# 
   639   000E67                     B4D1            equ	3687	;# 
   640   000E68                     B4D2            equ	3688	;# 
   641   000E69                     B4D3            equ	3689	;# 
   642   000E6A                     B4D4            equ	3690	;# 
   643   000E6B                     B4D5            equ	3691	;# 
   644   000E6C                     B4D6            equ	3692	;# 
   645   000E6D                     B4D7            equ	3693	;# 
   646   000E6E                     CANSTAT_RO5     equ	3694	;# 
   647   000E6F                     CANCON_RO5      equ	3695	;# 
   648   000E70                     B5CON           equ	3696	;# 
   649   000E71                     B5SIDH          equ	3697	;# 
   650   000E72                     B5SIDL          equ	3698	;# 
   651   000E73                     B5EIDH          equ	3699	;# 
   652   000E74                     B5EIDL          equ	3700	;# 
   653   000E75                     B5DLC           equ	3701	;# 
   654   000E76                     B5D0            equ	3702	;# 
   655   000E77                     B5D1            equ	3703	;# 
   656   000E78                     B5D2            equ	3704	;# 
   657   000E79                     B5D3            equ	3705	;# 
   658   000E7A                     B5D4            equ	3706	;# 
   659   000E7B                     B5D5            equ	3707	;# 
   660   000E7C                     B5D6            equ	3708	;# 
   661   000E7D                     B5D7            equ	3709	;# 
   662   000E7E                     CANSTAT_RO4     equ	3710	;# 
   663   000E7F                     CANCON_RO4      equ	3711	;# 
   664   000F00                     RXF0SIDH        equ	3840	;# 
   665   000F01                     RXF0SIDL        equ	3841	;# 
   666   000F02                     RXF0EIDH        equ	3842	;# 
   667   000F03                     RXF0EIDL        equ	3843	;# 
   668   000F04                     RXF1SIDH        equ	3844	;# 
   669   000F05                     RXF1SIDL        equ	3845	;# 
   670   000F06                     RXF1EIDH        equ	3846	;# 
   671   000F07                     RXF1EIDL        equ	3847	;# 
   672   000F08                     RXF2SIDH        equ	3848	;# 
   673   000F09                     RXF2SIDL        equ	3849	;# 
   674   000F0A                     RXF2EIDH        equ	3850	;# 
   675   000F0B                     RXF2EIDL        equ	3851	;# 
   676   000F0C                     RXF3SIDH        equ	3852	;# 
   677   000F0D                     RXF3SIDL        equ	3853	;# 
   678   000F0E                     RXF3EIDH        equ	3854	;# 
   679   000F0F                     RXF3EIDL        equ	3855	;# 
   680   000F10                     RXF4SIDH        equ	3856	;# 
   681   000F11                     RXF4SIDL        equ	3857	;# 
   682   000F12                     RXF4EIDH        equ	3858	;# 
   683   000F13                     RXF4EIDL        equ	3859	;# 
   684   000F14                     RXF5SIDH        equ	3860	;# 
   685   000F15                     RXF5SIDL        equ	3861	;# 
   686   000F16                     RXF5EIDH        equ	3862	;# 
   687   000F17                     RXF5EIDL        equ	3863	;# 
   688   000F18                     RXM0SIDH        equ	3864	;# 
   689   000F19                     RXM0SIDL        equ	3865	;# 
   690   000F1A                     RXM0EIDH        equ	3866	;# 
   691   000F1B                     RXM0EIDL        equ	3867	;# 
   692   000F1C                     RXM1SIDH        equ	3868	;# 
   693   000F1D                     RXM1SIDL        equ	3869	;# 
   694   000F1E                     RXM1EIDH        equ	3870	;# 
   695   000F1F                     RXM1EIDL        equ	3871	;# 
   696   000F20                     TXB2CON         equ	3872	;# 
   697   000F21                     TXB2SIDH        equ	3873	;# 
   698   000F22                     TXB2SIDL        equ	3874	;# 
   699   000F23                     TXB2EIDH        equ	3875	;# 
   700   000F24                     TXB2EIDL        equ	3876	;# 
   701   000F25                     TXB2DLC         equ	3877	;# 
   702   000F26                     TXB2D0          equ	3878	;# 
   703   000F27                     TXB2D1          equ	3879	;# 
   704   000F28                     TXB2D2          equ	3880	;# 
   705   000F29                     TXB2D3          equ	3881	;# 
   706   000F2A                     TXB2D4          equ	3882	;# 
   707   000F2B                     TXB2D5          equ	3883	;# 
   708   000F2C                     TXB2D6          equ	3884	;# 
   709   000F2D                     TXB2D7          equ	3885	;# 
   710   000F2E                     CANSTAT_RO3     equ	3886	;# 
   711   000F2F                     CANCON_RO3      equ	3887	;# 
   712   000F30                     TXB1CON         equ	3888	;# 
   713   000F31                     TXB1SIDH        equ	3889	;# 
   714   000F32                     TXB1SIDL        equ	3890	;# 
   715   000F33                     TXB1EIDH        equ	3891	;# 
   716   000F34                     TXB1EIDL        equ	3892	;# 
   717   000F35                     TXB1DLC         equ	3893	;# 
   718   000F36                     TXB1D0          equ	3894	;# 
   719   000F37                     TXB1D1          equ	3895	;# 
   720   000F38                     TXB1D2          equ	3896	;# 
   721   000F39                     TXB1D3          equ	3897	;# 
   722   000F3A                     TXB1D4          equ	3898	;# 
   723   000F3B                     TXB1D5          equ	3899	;# 
   724   000F3C                     TXB1D6          equ	3900	;# 
   725   000F3D                     TXB1D7          equ	3901	;# 
   726   000F3E                     CANSTAT_RO2     equ	3902	;# 
   727   000F3F                     CANCON_RO2      equ	3903	;# 
   728   000F40                     TXB0CON         equ	3904	;# 
   729   000F41                     TXB0SIDH        equ	3905	;# 
   730   000F42                     TXB0SIDL        equ	3906	;# 
   731   000F43                     TXB0EIDH        equ	3907	;# 
   732   000F44                     TXB0EIDL        equ	3908	;# 
   733   000F45                     TXB0DLC         equ	3909	;# 
   734   000F46                     TXB0D0          equ	3910	;# 
   735   000F47                     TXB0D1          equ	3911	;# 
   736   000F48                     TXB0D2          equ	3912	;# 
   737   000F49                     TXB0D3          equ	3913	;# 
   738   000F4A                     TXB0D4          equ	3914	;# 
   739   000F4B                     TXB0D5          equ	3915	;# 
   740   000F4C                     TXB0D6          equ	3916	;# 
   741   000F4D                     TXB0D7          equ	3917	;# 
   742   000F4E                     CANSTAT_RO1     equ	3918	;# 
   743   000F4F                     CANCON_RO1      equ	3919	;# 
   744   000F50                     RXB1CON         equ	3920	;# 
   745   000F51                     RXB1SIDH        equ	3921	;# 
   746   000F52                     RXB1SIDL        equ	3922	;# 
   747   000F53                     RXB1EIDH        equ	3923	;# 
   748   000F54                     RXB1EIDL        equ	3924	;# 
   749   000F55                     RXB1DLC         equ	3925	;# 
   750   000F56                     RXB1D0          equ	3926	;# 
   751   000F57                     RXB1D1          equ	3927	;# 
   752   000F58                     RXB1D2          equ	3928	;# 
   753   000F59                     RXB1D3          equ	3929	;# 
   754   000F5A                     RXB1D4          equ	3930	;# 
   755   000F5B                     RXB1D5          equ	3931	;# 
   756   000F5C                     RXB1D6          equ	3932	;# 
   757   000F5D                     RXB1D7          equ	3933	;# 
   758   000F5E                     CANSTAT_RO0     equ	3934	;# 
   759   000F5F                     CANCON_RO0      equ	3935	;# 
   760   000F60                     RXB0CON         equ	3936	;# 
   761   000F61                     RXB0SIDH        equ	3937	;# 
   762   000F62                     RXB0SIDL        equ	3938	;# 
   763   000F63                     RXB0EIDH        equ	3939	;# 
   764   000F64                     RXB0EIDL        equ	3940	;# 
   765   000F65                     RXB0DLC         equ	3941	;# 
   766   000F66                     RXB0D0          equ	3942	;# 
   767   000F67                     RXB0D1          equ	3943	;# 
   768   000F68                     RXB0D2          equ	3944	;# 
   769   000F69                     RXB0D3          equ	3945	;# 
   770   000F6A                     RXB0D4          equ	3946	;# 
   771   000F6B                     RXB0D5          equ	3947	;# 
   772   000F6C                     RXB0D6          equ	3948	;# 
   773   000F6D                     RXB0D7          equ	3949	;# 
   774   000F6E                     CANSTAT         equ	3950	;# 
   775   000F6F                     CANCON          equ	3951	;# 
   776   000F70                     BRGCON1         equ	3952	;# 
   777   000F71                     BRGCON2         equ	3953	;# 
   778   000F72                     BRGCON3         equ	3954	;# 
   779   000F73                     CIOCON          equ	3955	;# 
   780   000F74                     COMSTAT         equ	3956	;# 
   781   000F75                     RXERRCNT        equ	3957	;# 
   782   000F76                     TXERRCNT        equ	3958	;# 
   783   000F77                     ECANCON         equ	3959	;# 
   784   000F80                     PORTA           equ	3968	;# 
   785   000F81                     PORTB           equ	3969	;# 
   786   000F82                     PORTC           equ	3970	;# 
   787   000F83                     PORTD           equ	3971	;# 
   788   000F84                     PORTE           equ	3972	;# 
   789   000F89                     LATA            equ	3977	;# 
   790   000F8A                     LATB            equ	3978	;# 
   791   000F8B                     LATC            equ	3979	;# 
   792   000F8C                     LATD            equ	3980	;# 
   793   000F8D                     LATE            equ	3981	;# 
   794   000F92                     TRISA           equ	3986	;# 
   795   000F92                     DDRA            equ	3986	;# 
   796   000F93                     TRISB           equ	3987	;# 
   797   000F93                     DDRB            equ	3987	;# 
   798   000F94                     TRISC           equ	3988	;# 
   799   000F94                     DDRC            equ	3988	;# 
   800   000F95                     TRISD           equ	3989	;# 
   801   000F95                     DDRD            equ	3989	;# 
   802   000F96                     TRISE           equ	3990	;# 
   803   000F96                     DDRE            equ	3990	;# 
   804   000F9B                     OSCTUNE         equ	3995	;# 
   805   000F9D                     PIE1            equ	3997	;# 
   806   000F9E                     PIR1            equ	3998	;# 
   807   000F9F                     IPR1            equ	3999	;# 
   808   000FA0                     PIE2            equ	4000	;# 
   809   000FA1                     PIR2            equ	4001	;# 
   810   000FA2                     IPR2            equ	4002	;# 
   811   000FA3                     PIE3            equ	4003	;# 
   812   000FA4                     PIR3            equ	4004	;# 
   813   000FA5                     IPR3            equ	4005	;# 
   814   000FA6                     EECON1          equ	4006	;# 
   815   000FA7                     EECON2          equ	4007	;# 
   816   000FA8                     EEDATA          equ	4008	;# 
   817   000FA9                     EEADR           equ	4009	;# 
   818   000FAB                     RCSTA           equ	4011	;# 
   819   000FAB                     RCSTA1          equ	4011	;# 
   820   000FAC                     TXSTA           equ	4012	;# 
   821   000FAC                     TXSTA1          equ	4012	;# 
   822   000FAD                     TXREG           equ	4013	;# 
   823   000FAD                     TXREG1          equ	4013	;# 
   824   000FAE                     RCREG           equ	4014	;# 
   825   000FAE                     RCREG1          equ	4014	;# 
   826   000FAF                     SPBRG           equ	4015	;# 
   827   000FAF                     SPBRG1          equ	4015	;# 
   828   000FB0                     SPBRGH          equ	4016	;# 
   829   000FB1                     T3CON           equ	4017	;# 
   830   000FB2                     TMR3            equ	4018	;# 
   831   000FB2                     TMR3L           equ	4018	;# 
   832   000FB3                     TMR3H           equ	4019	;# 
   833   000FB4                     CMCON           equ	4020	;# 
   834   000FB5                     CVRCON          equ	4021	;# 
   835   000FB6                     ECCP1AS         equ	4022	;# 
   836   000FB7                     ECCP1DEL        equ	4023	;# 
   837   000FB8                     BAUDCON         equ	4024	;# 
   838   000FB8                     BAUDCTL         equ	4024	;# 
   839   000FBA                     ECCP1CON        equ	4026	;# 
   840   000FBB                     ECCPR1          equ	4027	;# 
   841   000FBB                     ECCPR1L         equ	4027	;# 
   842   000FBC                     ECCPR1H         equ	4028	;# 
   843   000FBD                     CCP1CON         equ	4029	;# 
   844   000FBE                     CCPR1           equ	4030	;# 
   845   000FBE                     CCPR1L          equ	4030	;# 
   846   000FBF                     CCPR1H          equ	4031	;# 
   847   000FC0                     ADCON2          equ	4032	;# 
   848   000FC1                     ADCON1          equ	4033	;# 
   849   000FC2                     ADCON0          equ	4034	;# 
   850   000FC3                     ADRES           equ	4035	;# 
   851   000FC3                     ADRESL          equ	4035	;# 
   852   000FC4                     ADRESH          equ	4036	;# 
   853   000FC5                     SSPCON2         equ	4037	;# 
   854   000FC6                     SSPCON1         equ	4038	;# 
   855   000FC7                     SSPSTAT         equ	4039	;# 
   856   000FC8                     SSPADD          equ	4040	;# 
   857   000FC9                     SSPBUF          equ	4041	;# 
   858   000FCA                     T2CON           equ	4042	;# 
   859   000FCB                     PR2             equ	4043	;# 
   860   000FCB                     MEMCON          equ	4043	;# 
   861   000FCC                     TMR2            equ	4044	;# 
   862   000FCD                     T1CON           equ	4045	;# 
   863   000FCE                     TMR1            equ	4046	;# 
   864   000FCE                     TMR1L           equ	4046	;# 
   865   000FCF                     TMR1H           equ	4047	;# 
   866   000FD0                     RCON            equ	4048	;# 
   867   000FD1                     WDTCON          equ	4049	;# 
   868   000FD2                     HLVDCON         equ	4050	;# 
   869   000FD2                     LVDCON          equ	4050	;# 
   870   000FD3                     OSCCON          equ	4051	;# 
   871   000FD5                     T0CON           equ	4053	;# 
   872   000FD6                     TMR0            equ	4054	;# 
   873   000FD6                     TMR0L           equ	4054	;# 
   874   000FD7                     TMR0H           equ	4055	;# 
   875   000FD8                     STATUS          equ	4056	;# 
   876   000FD9                     FSR2            equ	4057	;# 
   877   000FD9                     FSR2L           equ	4057	;# 
   878   000FDA                     FSR2H           equ	4058	;# 
   879   000FDB                     PLUSW2          equ	4059	;# 
   880   000FDC                     PREINC2         equ	4060	;# 
   881   000FDD                     POSTDEC2        equ	4061	;# 
   882   000FDE                     POSTINC2        equ	4062	;# 
   883   000FDF                     INDF2           equ	4063	;# 
   884   000FE0                     BSR             equ	4064	;# 
   885   000FE1                     FSR1            equ	4065	;# 
   886   000FE1                     FSR1L           equ	4065	;# 
   887   000FE2                     FSR1H           equ	4066	;# 
   888   000FE3                     PLUSW1          equ	4067	;# 
   889   000FE4                     PREINC1         equ	4068	;# 
   890   000FE5                     POSTDEC1        equ	4069	;# 
   891   000FE6                     POSTINC1        equ	4070	;# 
   892   000FE7                     INDF1           equ	4071	;# 
   893   000FE8                     WREG            equ	4072	;# 
   894   000FE9                     FSR0            equ	4073	;# 
   895   000FE9                     FSR0L           equ	4073	;# 
   896   000FEA                     FSR0H           equ	4074	;# 
   897   000FEB                     PLUSW0          equ	4075	;# 
   898   000FEC                     PREINC0         equ	4076	;# 
   899   000FED                     POSTDEC0        equ	4077	;# 
   900   000FEE                     POSTINC0        equ	4078	;# 
   901   000FEF                     INDF0           equ	4079	;# 
   902   000FF0                     INTCON3         equ	4080	;# 
   903   000FF1                     INTCON2         equ	4081	;# 
   904   000FF2                     INTCON          equ	4082	;# 
   905   000FF3                     PROD            equ	4083	;# 
   906   000FF3                     PRODL           equ	4083	;# 
   907   000FF4                     PRODH           equ	4084	;# 
   908   000FF5                     TABLAT          equ	4085	;# 
   909   000FF6                     TBLPTR          equ	4086	;# 
   910   000FF6                     TBLPTRL         equ	4086	;# 
   911   000FF7                     TBLPTRH         equ	4087	;# 
   912   000FF8                     TBLPTRU         equ	4088	;# 
   913   000FF9                     PCLAT           equ	4089	;# 
   914   000FF9                     PC              equ	4089	;# 
   915   000FF9                     PCL             equ	4089	;# 
   916   000FFA                     PCLATH          equ	4090	;# 
   917   000FFB                     PCLATU          equ	4091	;# 
   918   000FFC                     STKPTR          equ	4092	;# 
   919   000FFD                     TOS             equ	4093	;# 
   920   000FFD                     TOSL            equ	4093	;# 
   921   000FFE                     TOSH            equ	4094	;# 
   922   000FFF                     TOSU            equ	4095	;# 
   923                           
   924                           	psect	idataCOMRAM
   925   000876                     __pidataCOMRAM:
   926                           	callstack 0
   927                           
   928                           ;initializer for _digit
   929   000876  E7                 	db	231
   930   000877  21                 	db	33
   931   000878  CB                 	db	203
   932   000879  6B                 	db	107
   933   00087A  2D                 	db	45
   934   00087B  6E                 	db	110
   935   00087C  EE                 	db	238
   936   00087D  23                 	db	35
   937   00087E  EF                 	db	239
   938   00087F  6F                 	db	111
   939   000F83                     _PORTD          set	3971
   940   000F80                     _PORTA          set	3968
   941   000F92                     _TRISA          set	3986
   942   000F95                     _TRISD          set	3989
   943                           
   944                           ; #config settings
   945                           
   946                           	psect	cinit
   947   000838                     __pcinit:
   948                           	callstack 0
   949   000838                     start_initialization:
   950                           	callstack 0
   951   000838                     __initialization:
   952                           	callstack 0
   953                           
   954                           ; Initialize objects allocated to COMRAM (10 bytes)
   955                           ; load TBLPTR registers with __pidataCOMRAM
   956   000838  0E76               	movlw	low __pidataCOMRAM
   957   00083A  6EF6               	movwf	tblptrl,c
   958   00083C  0E08               	movlw	high __pidataCOMRAM
   959   00083E  6EF7               	movwf	tblptrh,c
   960   000840  0E00               	movlw	low (__pidataCOMRAM shr (0+16))
   961   000842  6EF8               	movwf	tblptru,c
   962   000844  EE00  F011         	lfsr	0,__pdataCOMRAM
   963   000848  EE10 F00A          	lfsr	1,10
   964   00084C                     copy_data0:
   965   00084C  0009               	tblrd		*+
   966   00084E  CFF5 FFEE          	movff	tablat,postinc0
   967   000852  50E5               	movf	postdec1,w,c
   968   000854  50E1               	movf	fsr1l,w,c
   969   000856  E1FA               	bnz	copy_data0
   970                           
   971                           ; Clear objects allocated to COMRAM (4 bytes)
   972   000858  6A1E               	clrf	(__pbssCOMRAM+3)& (0+255),c
   973   00085A  6A1D               	clrf	(__pbssCOMRAM+2)& (0+255),c
   974   00085C  6A1C               	clrf	(__pbssCOMRAM+1)& (0+255),c
   975   00085E  6A1B               	clrf	__pbssCOMRAM& (0+255),c
   976   000860                     end_of_initialization:
   977                           	callstack 0
   978   000860                     __end_of__initialization:
   979                           	callstack 0
   980   000860  0100               	movlb	0
   981   000862  EF01  F003         	goto	_main	;jump to C main() function
   982                           
   983                           	psect	bssCOMRAM
   984   00001B                     __pbssCOMRAM:
   985                           	callstack 0
   986   00001B                     _ssd:
   987                           	callstack 0
   988   00001B                     	ds	4
   989                           
   990                           	psect	dataCOMRAM
   991   000011                     __pdataCOMRAM:
   992                           	callstack 0
   993   000011                     _digit:
   994                           	callstack 0
   995   000011                     	ds	10
   996                           
   997                           	psect	cstackCOMRAM
   998   000001                     __pcstackCOMRAM:
   999                           	callstack 0
  1000   000001                     ?___lwdiv:
  1001                           	callstack 0
  1002   000001                     display@data:
  1003                           	callstack 0
  1004   000001                     ___lwdiv@dividend:
  1005                           	callstack 0
  1006   000001                     
  1007                           ; 1 bytes @ 0x0
  1008   000001                     	ds	1
  1009   000002                     ??_display:
  1010                           
  1011                           ; 1 bytes @ 0x1
  1012   000002                     	ds	1
  1013   000003                     ___lwdiv@divisor:
  1014                           	callstack 0
  1015                           
  1016                           ; 2 bytes @ 0x2
  1017   000003                     	ds	1
  1018   000004                     display@wait:
  1019                           	callstack 0
  1020                           
  1021                           ; 2 bytes @ 0x3
  1022   000004                     	ds	1
  1023   000005                     ___lwdiv@quotient:
  1024                           	callstack 0
  1025   000005                     
  1026                           ; 1 bytes @ 0x4
  1027   000005                     	ds	1
  1028   000006                     display@digit:
  1029                           	callstack 0
  1030                           
  1031                           ; 1 bytes @ 0x5
  1032   000006                     	ds	1
  1033   000007                     ___lwdiv@counter:
  1034                           	callstack 0
  1035                           
  1036                           ; 1 bytes @ 0x6
  1037   000007                     	ds	1
  1038   000008                     ?___lwmod:
  1039                           	callstack 0
  1040   000008                     ___lwmod@dividend:
  1041                           	callstack 0
  1042                           
  1043                           ; 2 bytes @ 0x7
  1044   000008                     	ds	2
  1045   00000A                     ___lwmod@divisor:
  1046                           	callstack 0
  1047                           
  1048                           ; 2 bytes @ 0x9
  1049   00000A                     	ds	2
  1050   00000C                     ___lwmod@counter:
  1051                           	callstack 0
  1052   00000C                     
  1053                           ; 1 bytes @ 0xB
  1054   00000C                     	ds	1
  1055   00000D                     main@delay:
  1056                           	callstack 0
  1057   00000D                     
  1058                           ; 1 bytes @ 0xC
  1059   00000D                     	ds	2
  1060   00000F                     main@count:
  1061                           	callstack 0
  1062                           
  1063                           ; 2 bytes @ 0xE
  1064   00000F                     	ds	2
  1065                           
  1066 ;;
  1067 ;;Main: autosize = 0, tempsize = 0, incstack = 0, save=0
  1068 ;;
  1069 ;; *************** function _main *****************
  1070 ;; Defined at:
  1071 ;;		line 12 in file "main.c"
  1072 ;; Parameters:    Size  Location     Type
  1073 ;;		None
  1074 ;; Auto vars:     Size  Location     Type
  1075 ;;  count           2   14[COMRAM] unsigned int 
  1076 ;;  delay           2   12[COMRAM] unsigned int 
  1077 ;; Return value:  Size  Location     Type
  1078 ;;                  1    wreg      void 
  1079 ;; Registers used:
  1080 ;;		wreg, fsr2l, fsr2h, status,2, status,0, cstack
  1081 ;; Tracked objects:
  1082 ;;		On entry : 0/0
  1083 ;;		On exit  : 0/0
  1084 ;;		Unchanged: 0/0
  1085 ;; Data sizes:     COMRAM   BANK0   BANK1   BANK2   BANK3   BANK4   BANK5
  1086 ;;      Params:         0       0       0       0       0       0       0
  1087 ;;      Locals:         4       0       0       0       0       0       0
  1088 ;;      Temps:          0       0       0       0       0       0       0
  1089 ;;      Totals:         4       0       0       0       0       0       0
  1090 ;;Total ram usage:        4 bytes
  1091 ;; Hardware stack levels required when called: 2
  1092 ;; This function calls:
  1093 ;;		___lwdiv
  1094 ;;		___lwmod
  1095 ;;		_display
  1096 ;;		_init_config
  1097 ;; This function is called by:
  1098 ;;		Startup code after reset
  1099 ;; This function uses a non-reentrant model
  1100 ;;
  1101                           
  1102                           	psect	text0
  1103   000602                     __ptext0:
  1104                           	callstack 0
  1105   000602                     _main:
  1106                           	callstack 29
  1107   000602                     
  1108                           ;main.c: 13:     init_config();
  1109   000602  EC40  F004         	call	_init_config	;wreg free
  1110   000606                     
  1111                           ;main.c: 14:     unsigned int count = 0;
  1112   000606  6A10               	clrf	(main@count+1)^0,c
  1113   000608  0E00               	movlw	0
  1114   00060A  6E0F               	movwf	main@count^0,c
  1115   00060C                     
  1116                           ;main.c: 15:     unsigned int delay = 0;
  1117   00060C  6A0E               	clrf	(main@delay+1)^0,c
  1118   00060E  0E00               	movlw	0
  1119   000610  6E0D               	movwf	main@delay^0,c
  1120   000612                     l976:
  1121                           
  1122                           ;main.c: 20:         ssd[3] = digit[count % 10];
  1123   000612  C00F  F008         	movff	main@count,___lwmod@dividend
  1124   000616  C010  F009         	movff	main@count+1,___lwmod@dividend+1
  1125   00061A  6A0B               	clrf	(___lwmod@divisor+1)^0,c
  1126   00061C  0E0A               	movlw	10
  1127   00061E  6E0A               	movwf	___lwmod@divisor^0,c
  1128   000620  ECEA  F003         	call	___lwmod	;wreg free
  1129   000624  5008               	movf	?___lwmod^0,w,c
  1130   000626  0F11               	addlw	low _digit
  1131   000628  6ED9               	movwf	fsr2l,c
  1132   00062A  6ADA               	clrf	fsr2h,c
  1133   00062C  50DF               	movf	indf2,w,c
  1134   00062E  6E1E               	movwf	(_ssd+3)^0,c
  1135   000630                     
  1136                           ;main.c: 21:         ssd[2] = digit[count / 10 % 10];
  1137   000630  6A04               	clrf	(___lwdiv@divisor+1)^0,c
  1138   000632  0E0A               	movlw	10
  1139   000634  6E03               	movwf	___lwdiv@divisor^0,c
  1140   000636  C00F  F001         	movff	main@count,___lwdiv@dividend
  1141   00063A  C010  F002         	movff	main@count+1,___lwdiv@dividend+1
  1142   00063E  EC7F  F003         	call	___lwdiv	;wreg free
  1143   000642  C001  F008         	movff	?___lwdiv,___lwmod@dividend
  1144   000646  C002  F009         	movff	?___lwdiv+1,___lwmod@dividend+1
  1145   00064A  6A0B               	clrf	(___lwmod@divisor+1)^0,c
  1146   00064C  0E0A               	movlw	10
  1147   00064E  6E0A               	movwf	___lwmod@divisor^0,c
  1148   000650  ECEA  F003         	call	___lwmod	;wreg free
  1149   000654  5008               	movf	?___lwmod^0,w,c
  1150   000656  0F11               	addlw	low _digit
  1151   000658  6ED9               	movwf	fsr2l,c
  1152   00065A  6ADA               	clrf	fsr2h,c
  1153   00065C  50DF               	movf	indf2,w,c
  1154   00065E  6E1D               	movwf	(_ssd+2)^0,c
  1155   000660                     
  1156                           ;main.c: 22:         ssd[1] = digit[count / 100 % 10];
  1157   000660  6A04               	clrf	(___lwdiv@divisor+1)^0,c
  1158   000662  0E64               	movlw	100
  1159   000664  6E03               	movwf	___lwdiv@divisor^0,c
  1160   000666  C00F  F001         	movff	main@count,___lwdiv@dividend
  1161   00066A  C010  F002         	movff	main@count+1,___lwdiv@dividend+1
  1162   00066E  EC7F  F003         	call	___lwdiv	;wreg free
  1163   000672  C001  F008         	movff	?___lwdiv,___lwmod@dividend
  1164   000676  C002  F009         	movff	?___lwdiv+1,___lwmod@dividend+1
  1165   00067A  6A0B               	clrf	(___lwmod@divisor+1)^0,c
  1166   00067C  0E0A               	movlw	10
  1167   00067E  6E0A               	movwf	___lwmod@divisor^0,c
  1168   000680  ECEA  F003         	call	___lwmod	;wreg free
  1169   000684  5008               	movf	?___lwmod^0,w,c
  1170   000686  0F11               	addlw	low _digit
  1171   000688  6ED9               	movwf	fsr2l,c
  1172   00068A  6ADA               	clrf	fsr2h,c
  1173   00068C  50DF               	movf	indf2,w,c
  1174   00068E  6E1C               	movwf	(_ssd+1)^0,c
  1175   000690                     
  1176                           ;main.c: 23:         ssd[0] = digit[count / 1000];
  1177   000690  C00F  F001         	movff	main@count,___lwdiv@dividend
  1178   000694  C010  F002         	movff	main@count+1,___lwdiv@dividend+1
  1179   000698  0E03               	movlw	3
  1180   00069A  6E04               	movwf	(___lwdiv@divisor+1)^0,c
  1181   00069C  0EE8               	movlw	232
  1182   00069E  6E03               	movwf	___lwdiv@divisor^0,c
  1183   0006A0  EC7F  F003         	call	___lwdiv	;wreg free
  1184   0006A4  5001               	movf	?___lwdiv^0,w,c
  1185   0006A6  0F11               	addlw	low _digit
  1186   0006A8  6ED9               	movwf	fsr2l,c
  1187   0006AA  6ADA               	clrf	fsr2h,c
  1188   0006AC  50DF               	movf	indf2,w,c
  1189   0006AE  6E1B               	movwf	_ssd^0,c
  1190   0006B0                     
  1191                           ;main.c: 25:         display(ssd);
  1192   0006B0  0E1B               	movlw	low _ssd
  1193   0006B2  6E01               	movwf	display@data^0,c
  1194   0006B4  ECB8  F003         	call	_display	;wreg free
  1195   0006B8                     
  1196                           ;main.c: 27:         if (delay++ == 55) {
  1197   0006B8  4A0D               	infsnz	main@delay^0,f,c
  1198   0006BA  2A0E               	incf	(main@delay+1)^0,f,c
  1199   0006BC  0E38               	movlw	56
  1200   0006BE  180D               	xorwf	main@delay^0,w,c
  1201   0006C0  100E               	iorwf	(main@delay+1)^0,w,c
  1202   0006C2  A4D8               	btfss	status,2,c
  1203   0006C4  EF66  F003         	goto	u211
  1204   0006C8  EF68  F003         	goto	u210
  1205   0006CC                     u211:
  1206   0006CC  EF09  F003         	goto	l976
  1207   0006D0                     u210:
  1208   0006D0                     
  1209                           ;main.c: 28:             count++;
  1210   0006D0  4A0F               	infsnz	main@count^0,f,c
  1211   0006D2  2A10               	incf	(main@count+1)^0,f,c
  1212   0006D4                     
  1213                           ;main.c: 29:             delay = 0;
  1214   0006D4  6A0E               	clrf	(main@delay+1)^0,c
  1215   0006D6  0E00               	movlw	0
  1216   0006D8  6E0D               	movwf	main@delay^0,c
  1217   0006DA                     
  1218                           ;main.c: 31:             if (count > 9999) {
  1219   0006DA  0E10               	movlw	16
  1220   0006DC  5C0F               	subwf	main@count^0,w,c
  1221   0006DE  0E27               	movlw	39
  1222   0006E0  5810               	subwfb	(main@count+1)^0,w,c
  1223   0006E2  A0D8               	btfss	status,0,c
  1224   0006E4  EF76  F003         	goto	u221
  1225   0006E8  EF78  F003         	goto	u220
  1226   0006EC                     u221:
  1227   0006EC  EF09  F003         	goto	l976
  1228   0006F0                     u220:
  1229   0006F0                     
  1230                           ;main.c: 32:                 count = 0;
  1231   0006F0  6A10               	clrf	(main@count+1)^0,c
  1232   0006F2  0E00               	movlw	0
  1233   0006F4  6E0F               	movwf	main@count^0,c
  1234   0006F6  EF09  F003         	goto	l976
  1235   0006FA  EFFE  F017         	goto	start
  1236   0006FE                     __end_of_main:
  1237                           	callstack 0
  1238                           
  1239 ;; *************** function _init_config *****************
  1240 ;; Defined at:
  1241 ;;		line 8 in file "main.c"
  1242 ;; Parameters:    Size  Location     Type
  1243 ;;		None
  1244 ;; Auto vars:     Size  Location     Type
  1245 ;;		None
  1246 ;; Return value:  Size  Location     Type
  1247 ;;                  1    wreg      void 
  1248 ;; Registers used:
  1249 ;;		wreg, status,2, status,0, cstack
  1250 ;; Tracked objects:
  1251 ;;		On entry : 0/0
  1252 ;;		On exit  : 0/0
  1253 ;;		Unchanged: 0/0
  1254 ;; Data sizes:     COMRAM   BANK0   BANK1   BANK2   BANK3   BANK4   BANK5
  1255 ;;      Params:         0       0       0       0       0       0       0
  1256 ;;      Locals:         0       0       0       0       0       0       0
  1257 ;;      Temps:          0       0       0       0       0       0       0
  1258 ;;      Totals:         0       0       0       0       0       0       0
  1259 ;;Total ram usage:        0 bytes
  1260 ;; Hardware stack levels used: 1
  1261 ;; Hardware stack levels required when called: 1
  1262 ;; This function calls:
  1263 ;;		_init_ssd_control
  1264 ;; This function is called by:
  1265 ;;		_main
  1266 ;; This function uses a non-reentrant model
  1267 ;;
  1268                           
  1269                           	psect	text1
  1270   000880                     __ptext1:
  1271                           	callstack 0
  1272   000880                     _init_config:
  1273                           	callstack 29
  1274   000880                     
  1275                           ;main.c: 9:     init_ssd_control();
  1276   000880  EC33  F004         	call	_init_ssd_control	;wreg free
  1277   000884  0012               	return		;funcret
  1278   000886                     __end_of_init_config:
  1279                           	callstack 0
  1280                           
  1281 ;; *************** function _init_ssd_control *****************
  1282 ;; Defined at:
  1283 ;;		line 4 in file "ssd_display.c"
  1284 ;; Parameters:    Size  Location     Type
  1285 ;;		None
  1286 ;; Auto vars:     Size  Location     Type
  1287 ;;		None
  1288 ;; Return value:  Size  Location     Type
  1289 ;;                  1    wreg      void 
  1290 ;; Registers used:
  1291 ;;		wreg, status,2, status,0
  1292 ;; Tracked objects:
  1293 ;;		On entry : 0/0
  1294 ;;		On exit  : 0/0
  1295 ;;		Unchanged: 0/0
  1296 ;; Data sizes:     COMRAM   BANK0   BANK1   BANK2   BANK3   BANK4   BANK5
  1297 ;;      Params:         0       0       0       0       0       0       0
  1298 ;;      Locals:         0       0       0       0       0       0       0
  1299 ;;      Temps:          0       0       0       0       0       0       0
  1300 ;;      Totals:         0       0       0       0       0       0       0
  1301 ;;Total ram usage:        0 bytes
  1302 ;; Hardware stack levels used: 1
  1303 ;; This function calls:
  1304 ;;		Nothing
  1305 ;; This function is called by:
  1306 ;;		_init_config
  1307 ;; This function uses a non-reentrant model
  1308 ;;
  1309                           
  1310                           	psect	text2
  1311   000866                     __ptext2:
  1312                           	callstack 0
  1313   000866                     _init_ssd_control:
  1314                           	callstack 29
  1315   000866                     
  1316                           ;ssd_display.c: 7:  TRISD = 0x00;
  1317   000866  6A95               	clrf	149,c	;volatile
  1318   000868                     
  1319                           ;ssd_display.c: 9:  TRISA = TRISA & 0xF0;
  1320   000868  5092               	movf	146,w,c	;volatile
  1321   00086A  0BF0               	andlw	240
  1322   00086C  6E92               	movwf	146,c	;volatile
  1323                           
  1324                           ;ssd_display.c: 12:  PORTA = PORTA & 0xF0;
  1325   00086E  5080               	movf	128,w,c	;volatile
  1326   000870  0BF0               	andlw	240
  1327   000872  6E80               	movwf	128,c	;volatile
  1328   000874  0012               	return		;funcret
  1329   000876                     __end_of_init_ssd_control:
  1330                           	callstack 0
  1331                           
  1332 ;; *************** function _display *****************
  1333 ;; Defined at:
  1334 ;;		line 16 in file "ssd_display.c"
  1335 ;; Parameters:    Size  Location     Type
  1336 ;;  data            1    0[COMRAM] PTR unsigned char 
  1337 ;;		 -> ssd(4), 
  1338 ;; Auto vars:     Size  Location     Type
  1339 ;;  wait            2    3[COMRAM] unsigned int 
  1340 ;;  digit           1    5[COMRAM] unsigned char 
  1341 ;;  data_bit        1    0        unsigned char 
  1342 ;; Return value:  Size  Location     Type
  1343 ;;                  1    wreg      void 
  1344 ;; Registers used:
  1345 ;;		wreg, fsr2l, fsr2h, status,2, status,0
  1346 ;; Tracked objects:
  1347 ;;		On entry : 0/0
  1348 ;;		On exit  : 0/0
  1349 ;;		Unchanged: 0/0
  1350 ;; Data sizes:     COMRAM   BANK0   BANK1   BANK2   BANK3   BANK4   BANK5
  1351 ;;      Params:         1       0       0       0       0       0       0
  1352 ;;      Locals:         3       0       0       0       0       0       0
  1353 ;;      Temps:          2       0       0       0       0       0       0
  1354 ;;      Totals:         6       0       0       0       0       0       0
  1355 ;;Total ram usage:        6 bytes
  1356 ;; Hardware stack levels used: 1
  1357 ;; This function calls:
  1358 ;;		Nothing
  1359 ;; This function is called by:
  1360 ;;		_main
  1361 ;; This function uses a non-reentrant model
  1362 ;;
  1363                           
  1364                           	psect	text3
  1365   000770                     __ptext3:
  1366                           	callstack 0
  1367   000770                     _display:
  1368                           	callstack 30
  1369   000770                     
  1370                           ;ssd_display.c: 16: void display(unsigned char data[]);ssd_display.c: 17: {;ssd_display.
      +                          c: 18:  unsigned int wait;;ssd_display.c: 19:  unsigned char data_bit;;ssd_display.c: 20
      +                          :  unsigned char digit;;ssd_display.c: 22:  for (digit = 0; digit < 4; digit++)
  1371   000770  6A06               	clrf	display@digit^0,c
  1372   000772                     l920:
  1373                           
  1374                           ;ssd_display.c: 23:  {;ssd_display.c: 24:   PORTD = data[digit];
  1375   000772  5001               	movf	display@data^0,w,c
  1376   000774  2406               	addwf	display@digit^0,w,c
  1377   000776  6ED9               	movwf	fsr2l,c
  1378   000778  6ADA               	clrf	fsr2h,c
  1379   00077A  50DF               	movf	indf2,w,c
  1380   00077C  6E83               	movwf	131,c	;volatile
  1381   00077E                     
  1382                           ;ssd_display.c: 25:   PORTA = (PORTA & 0xF0) | (0x01 << digit);
  1383   00077E  C006  F002         	movff	display@digit,??_display
  1384   000782  0E01               	movlw	1
  1385   000784  6E03               	movwf	(??_display+1)^0,c
  1386   000786  2A02               	incf	??_display^0,f,c
  1387   000788  EFC8  F003         	goto	u124
  1388   00078C                     u125:
  1389   00078C  90D8               	bcf	status,0,c
  1390   00078E  3603               	rlcf	(??_display+1)^0,f,c
  1391   000790                     u124:
  1392   000790  2E02               	decfsz	??_display^0,f,c
  1393   000792  EFC6  F003         	goto	u125
  1394   000796  5080               	movf	128,w,c	;volatile
  1395   000798  0BF0               	andlw	240
  1396   00079A  1003               	iorwf	(??_display+1)^0,w,c
  1397   00079C  6E80               	movwf	128,c	;volatile
  1398   00079E                     
  1399                           ;ssd_display.c: 27:   for (wait = 1000; wait--; );
  1400   00079E  0E03               	movlw	3
  1401   0007A0  6E05               	movwf	(display@wait+1)^0,c
  1402   0007A2  0EE8               	movlw	232
  1403   0007A4  6E04               	movwf	display@wait^0,c
  1404   0007A6                     l926:
  1405   0007A6  0604               	decf	display@wait^0,f,c
  1406   0007A8  A0D8               	btfss	status,0,c
  1407   0007AA  0605               	decf	(display@wait+1)^0,f,c
  1408   0007AC  2804               	incf	display@wait^0,w,c
  1409   0007AE  E106               	bnz	u131
  1410   0007B0  2805               	incf	(display@wait+1)^0,w,c
  1411   0007B2  A4D8               	btfss	status,2,c
  1412   0007B4  EFDE  F003         	goto	u131
  1413   0007B8  EFE0  F003         	goto	u130
  1414   0007BC                     u131:
  1415   0007BC  EFD3  F003         	goto	l926
  1416   0007C0                     u130:
  1417   0007C0                     
  1418                           ;ssd_display.c: 28:  }
  1419   0007C0  2A06               	incf	display@digit^0,f,c
  1420   0007C2  0E03               	movlw	3
  1421   0007C4  6406               	cpfsgt	display@digit^0,c
  1422   0007C6  EFE7  F003         	goto	u141
  1423   0007CA  EFE9  F003         	goto	u140
  1424   0007CE                     u141:
  1425   0007CE  EFB9  F003         	goto	l920
  1426   0007D2                     u140:
  1427   0007D2  0012               	return		;funcret
  1428   0007D4                     __end_of_display:
  1429                           	callstack 0
  1430                           
  1431 ;; *************** function ___lwmod *****************
  1432 ;; Defined at:
  1433 ;;		line 7 in file "C:\Program Files\Microchip\xc8\v3.10\pic\sources\c99\common\lwmod.c"
  1434 ;; Parameters:    Size  Location     Type
  1435 ;;  dividend        2    7[COMRAM] unsigned int 
  1436 ;;  divisor         2    9[COMRAM] unsigned int 
  1437 ;; Auto vars:     Size  Location     Type
  1438 ;;  counter         1   11[COMRAM] unsigned char 
  1439 ;; Return value:  Size  Location     Type
  1440 ;;                  2    7[COMRAM] unsigned int 
  1441 ;; Registers used:
  1442 ;;		wreg, status,2, status,0
  1443 ;; Tracked objects:
  1444 ;;		On entry : 0/0
  1445 ;;		On exit  : 0/0
  1446 ;;		Unchanged: 0/0
  1447 ;; Data sizes:     COMRAM   BANK0   BANK1   BANK2   BANK3   BANK4   BANK5
  1448 ;;      Params:         4       0       0       0       0       0       0
  1449 ;;      Locals:         1       0       0       0       0       0       0
  1450 ;;      Temps:          0       0       0       0       0       0       0
  1451 ;;      Totals:         5       0       0       0       0       0       0
  1452 ;;Total ram usage:        5 bytes
  1453 ;; Hardware stack levels used: 1
  1454 ;; This function calls:
  1455 ;;		Nothing
  1456 ;; This function is called by:
  1457 ;;		_main
  1458 ;; This function uses a non-reentrant model
  1459 ;;
  1460                           
  1461                           	psect	text4
  1462   0007D4                     __ptext4:
  1463                           	callstack 0
  1464   0007D4                     ___lwmod:
  1465                           	callstack 30
  1466   0007D4  500A               	movf	___lwmod@divisor^0,w,c
  1467   0007D6  100B               	iorwf	(___lwmod@divisor+1)^0,w,c
  1468   0007D8  B4D8               	btfsc	status,2,c
  1469   0007DA  EFF1  F003         	goto	u181
  1470   0007DE  EFF3  F003         	goto	u180
  1471   0007E2                     u181:
  1472   0007E2  EF17  F004         	goto	l654
  1473   0007E6                     u180:
  1474   0007E6  0E01               	movlw	1
  1475   0007E8  6E0C               	movwf	___lwmod@counter^0,c
  1476   0007EA  EFFB  F003         	goto	l960
  1477   0007EE                     l958:
  1478   0007EE  90D8               	bcf	status,0,c
  1479   0007F0  360A               	rlcf	___lwmod@divisor^0,f,c
  1480   0007F2  360B               	rlcf	(___lwmod@divisor+1)^0,f,c
  1481   0007F4  2A0C               	incf	___lwmod@counter^0,f,c
  1482   0007F6                     l960:
  1483   0007F6  AE0B               	btfss	(___lwmod@divisor+1)^0,7,c
  1484   0007F8  EF00  F004         	goto	u191
  1485   0007FC  EF02  F004         	goto	u190
  1486   000800                     u191:
  1487   000800  EFF7  F003         	goto	l958
  1488   000804                     u190:
  1489   000804                     l962:
  1490   000804  500A               	movf	___lwmod@divisor^0,w,c
  1491   000806  5C08               	subwf	___lwmod@dividend^0,w,c
  1492   000808  500B               	movf	(___lwmod@divisor+1)^0,w,c
  1493   00080A  5809               	subwfb	(___lwmod@dividend+1)^0,w,c
  1494   00080C  A0D8               	btfss	status,0,c
  1495   00080E  EF0B  F004         	goto	u201
  1496   000812  EF0D  F004         	goto	u200
  1497   000816                     u201:
  1498   000816  EF11  F004         	goto	l966
  1499   00081A                     u200:
  1500   00081A  500A               	movf	___lwmod@divisor^0,w,c
  1501   00081C  5E08               	subwf	___lwmod@dividend^0,f,c
  1502   00081E  500B               	movf	(___lwmod@divisor+1)^0,w,c
  1503   000820  5A09               	subwfb	(___lwmod@dividend+1)^0,f,c
  1504   000822                     l966:
  1505   000822  90D8               	bcf	status,0,c
  1506   000824  320B               	rrcf	(___lwmod@divisor+1)^0,f,c
  1507   000826  320A               	rrcf	___lwmod@divisor^0,f,c
  1508   000828  2E0C               	decfsz	___lwmod@counter^0,f,c
  1509   00082A  EF02  F004         	goto	l962
  1510   00082E                     l654:
  1511   00082E  C008  F008         	movff	___lwmod@dividend,?___lwmod
  1512   000832  C009  F009         	movff	___lwmod@dividend+1,?___lwmod+1
  1513   000836  0012               	return		;funcret
  1514   000838                     __end_of___lwmod:
  1515                           	callstack 0
  1516                           
  1517 ;; *************** function ___lwdiv *****************
  1518 ;; Defined at:
  1519 ;;		line 7 in file "C:\Program Files\Microchip\xc8\v3.10\pic\sources\c99\common\lwdiv.c"
  1520 ;; Parameters:    Size  Location     Type
  1521 ;;  dividend        2    0[COMRAM] unsigned int 
  1522 ;;  divisor         2    2[COMRAM] unsigned int 
  1523 ;; Auto vars:     Size  Location     Type
  1524 ;;  quotient        2    4[COMRAM] unsigned int 
  1525 ;;  counter         1    6[COMRAM] unsigned char 
  1526 ;; Return value:  Size  Location     Type
  1527 ;;                  2    0[COMRAM] unsigned int 
  1528 ;; Registers used:
  1529 ;;		wreg, status,2, status,0
  1530 ;; Tracked objects:
  1531 ;;		On entry : 0/0
  1532 ;;		On exit  : 0/0
  1533 ;;		Unchanged: 0/0
  1534 ;; Data sizes:     COMRAM   BANK0   BANK1   BANK2   BANK3   BANK4   BANK5
  1535 ;;      Params:         4       0       0       0       0       0       0
  1536 ;;      Locals:         3       0       0       0       0       0       0
  1537 ;;      Temps:          0       0       0       0       0       0       0
  1538 ;;      Totals:         7       0       0       0       0       0       0
  1539 ;;Total ram usage:        7 bytes
  1540 ;; Hardware stack levels used: 1
  1541 ;; This function calls:
  1542 ;;		Nothing
  1543 ;; This function is called by:
  1544 ;;		_main
  1545 ;; This function uses a non-reentrant model
  1546 ;;
  1547                           
  1548                           	psect	text5
  1549   0006FE                     __ptext5:
  1550                           	callstack 0
  1551   0006FE                     ___lwdiv:
  1552                           	callstack 30
  1553   0006FE  6A06               	clrf	(___lwdiv@quotient+1)^0,c
  1554   000700  0E00               	movlw	0
  1555   000702  6E05               	movwf	___lwdiv@quotient^0,c
  1556   000704  5003               	movf	___lwdiv@divisor^0,w,c
  1557   000706  1004               	iorwf	(___lwdiv@divisor+1)^0,w,c
  1558   000708  B4D8               	btfsc	status,2,c
  1559   00070A  EF89  F003         	goto	u151
  1560   00070E  EF8B  F003         	goto	u150
  1561   000712                     u151:
  1562   000712  EFB3  F003         	goto	l644
  1563   000716                     u150:
  1564   000716  0E01               	movlw	1
  1565   000718  6E07               	movwf	___lwdiv@counter^0,c
  1566   00071A  EF93  F003         	goto	l940
  1567   00071E                     l938:
  1568   00071E  90D8               	bcf	status,0,c
  1569   000720  3603               	rlcf	___lwdiv@divisor^0,f,c
  1570   000722  3604               	rlcf	(___lwdiv@divisor+1)^0,f,c
  1571   000724  2A07               	incf	___lwdiv@counter^0,f,c
  1572   000726                     l940:
  1573   000726  AE04               	btfss	(___lwdiv@divisor+1)^0,7,c
  1574   000728  EF98  F003         	goto	u161
  1575   00072C  EF9A  F003         	goto	u160
  1576   000730                     u161:
  1577   000730  EF8F  F003         	goto	l938
  1578   000734                     u160:
  1579   000734                     l942:
  1580   000734  90D8               	bcf	status,0,c
  1581   000736  3605               	rlcf	___lwdiv@quotient^0,f,c
  1582   000738  3606               	rlcf	(___lwdiv@quotient+1)^0,f,c
  1583   00073A  5003               	movf	___lwdiv@divisor^0,w,c
  1584   00073C  5C01               	subwf	___lwdiv@dividend^0,w,c
  1585   00073E  5004               	movf	(___lwdiv@divisor+1)^0,w,c
  1586   000740  5802               	subwfb	(___lwdiv@dividend+1)^0,w,c
  1587   000742  A0D8               	btfss	status,0,c
  1588   000744  EFA6  F003         	goto	u171
  1589   000748  EFA8  F003         	goto	u170
  1590   00074C                     u171:
  1591   00074C  EFAD  F003         	goto	l950
  1592   000750                     u170:
  1593   000750  5003               	movf	___lwdiv@divisor^0,w,c
  1594   000752  5E01               	subwf	___lwdiv@dividend^0,f,c
  1595   000754  5004               	movf	(___lwdiv@divisor+1)^0,w,c
  1596   000756  5A02               	subwfb	(___lwdiv@dividend+1)^0,f,c
  1597   000758  8005               	bsf	___lwdiv@quotient^0,0,c
  1598   00075A                     l950:
  1599   00075A  90D8               	bcf	status,0,c
  1600   00075C  3204               	rrcf	(___lwdiv@divisor+1)^0,f,c
  1601   00075E  3203               	rrcf	___lwdiv@divisor^0,f,c
  1602   000760  2E07               	decfsz	___lwdiv@counter^0,f,c
  1603   000762  EF9A  F003         	goto	l942
  1604   000766                     l644:
  1605   000766  C005  F001         	movff	___lwdiv@quotient,?___lwdiv
  1606   00076A  C006  F002         	movff	___lwdiv@quotient+1,?___lwdiv+1
  1607   00076E  0012               	return		;funcret
  1608   000770                     __end_of___lwdiv:
  1609                           	callstack 0
  1610                           
  1611                           	psect	smallconst
  1612   000600                     __psmallconst:
  1613                           	callstack 0
  1614   000600  00                 	db	0
  1615   000601  00                 	db	0	; dummy byte at the end
  1616   000600                     __smallconst    set	__psmallconst
  1617   000600                     __mediumconst   set	__psmallconst
  1618   000000                     __activetblptr  equ	0
  1619                           
  1620                           	psect	rparam
  1621   000001                     ___rparam_used  equ	1
  1622   000000                     ___param_bank   equ	0
  1623   000000                     __Lparam        equ	__Lrparam
  1624   000000                     __Hparam        equ	__Hrparam
  1625                           
  1626                           	psect	idloc
  1627                           
  1628                           ;Config register IDLOC0 @ 0x200000
  1629                           ;	unspecified, using default values
  1630   200000                     	org	2097152
  1631   200000  FF                 	db	255
  1632                           
  1633                           ;Config register IDLOC1 @ 0x200001
  1634                           ;	unspecified, using default values
  1635   200001                     	org	2097153
  1636   200001  FF                 	db	255
  1637                           
  1638                           ;Config register IDLOC2 @ 0x200002
  1639                           ;	unspecified, using default values
  1640   200002                     	org	2097154
  1641   200002  FF                 	db	255
  1642                           
  1643                           ;Config register IDLOC3 @ 0x200003
  1644                           ;	unspecified, using default values
  1645   200003                     	org	2097155
  1646   200003  FF                 	db	255
  1647                           
  1648                           ;Config register IDLOC4 @ 0x200004
  1649                           ;	unspecified, using default values
  1650   200004                     	org	2097156
  1651   200004  FF                 	db	255
  1652                           
  1653                           ;Config register IDLOC5 @ 0x200005
  1654                           ;	unspecified, using default values
  1655   200005                     	org	2097157
  1656   200005  FF                 	db	255
  1657                           
  1658                           ;Config register IDLOC6 @ 0x200006
  1659                           ;	unspecified, using default values
  1660   200006                     	org	2097158
  1661   200006  FF                 	db	255
  1662                           
  1663                           ;Config register IDLOC7 @ 0x200007
  1664                           ;	unspecified, using default values
  1665   200007                     	org	2097159
  1666   200007  FF                 	db	255
  1667                           
  1668                           	psect	config
  1669                           
  1670                           ; Padding undefined space
  1671   300000                     	org	3145728
  1672   300000  FF                 	db	255
  1673                           
  1674                           ;Config register CONFIG1H @ 0x300001
  1675                           ;	unspecified, using default values
  1676                           ;	Oscillator Selection bits
  1677                           ;	OSC = 0x7, unprogrammed default
  1678                           ;	Fail-Safe Clock Monitor Enable bit
  1679                           ;	FCMEN = 0x0, unprogrammed default
  1680                           ;	Internal/External Oscillator Switchover bit
  1681                           ;	IESO = 0x0, unprogrammed default
  1682   300001                     	org	3145729
  1683   300001  07                 	db	7
  1684                           
  1685                           ;Config register CONFIG2L @ 0x300002
  1686                           ;	unspecified, using default values
  1687                           ;	Power-up Timer Enable bit
  1688                           ;	PWRT = 0x1, unprogrammed default
  1689                           ;	Brown-out Reset Enable bits
  1690                           ;	BOREN = 0x3, unprogrammed default
  1691                           ;	Brown-out Reset Voltage bits
  1692                           ;	BORV = 0x3, unprogrammed default
  1693   300002                     	org	3145730
  1694   300002  1F                 	db	31
  1695                           
  1696                           ;Config register CONFIG2H @ 0x300003
  1697                           ;	unspecified, using default values
  1698                           ;	Watchdog Timer Enable bit
  1699                           ;	WDT = 0x1, unprogrammed default
  1700                           ;	Watchdog Timer Postscale Select bits
  1701                           ;	WDTPS = 0xF, unprogrammed default
  1702   300003                     	org	3145731
  1703   300003  1F                 	db	31
  1704                           
  1705                           ; Padding undefined space
  1706   300004                     	org	3145732
  1707   300004  FF                 	db	255
  1708                           
  1709                           ;Config register CONFIG3H @ 0x300005
  1710                           ;	unspecified, using default values
  1711                           ;	PORTB A/D Enable bit
  1712                           ;	PBADEN = 0x1, unprogrammed default
  1713                           ;	Low-Power Timer 1 Oscillator Enable bit
  1714                           ;	LPT1OSC = 0x0, unprogrammed default
  1715                           ;	MCLR Pin Enable bit
  1716                           ;	MCLRE = 0x1, unprogrammed default
  1717   300005                     	org	3145733
  1718   300005  82                 	db	130
  1719                           
  1720                           ;Config register CONFIG4L @ 0x300006
  1721                           ;	unspecified, using default values
  1722                           ;	Stack Full/Underflow Reset Enable bit
  1723                           ;	STVREN = 0x1, unprogrammed default
  1724                           ;	Single-Supply ICSP Enable bit
  1725                           ;	LVP = 0x1, unprogrammed default
  1726                           ;	Boot Block Size Select bit
  1727                           ;	BBSIZ = 0x0, unprogrammed default
  1728                           ;	Extended Instruction Set Enable bit
  1729                           ;	XINST = 0x0, unprogrammed default
  1730                           ;	Background Debugger Enable bit
  1731                           ;	DEBUG = 0x1, unprogrammed default
  1732   300006                     	org	3145734
  1733   300006  85                 	db	133
  1734                           
  1735                           ; Padding undefined space
  1736   300007                     	org	3145735
  1737   300007  FF                 	db	255
  1738                           
  1739                           ;Config register CONFIG5L @ 0x300008
  1740                           ;	unspecified, using default values
  1741                           ;	Code Protection bit
  1742                           ;	CP0 = 0x1, unprogrammed default
  1743                           ;	Code Protection bit
  1744                           ;	CP1 = 0x1, unprogrammed default
  1745                           ;	Code Protection bit
  1746                           ;	CP2 = 0x1, unprogrammed default
  1747                           ;	Code Protection bit
  1748                           ;	CP3 = 0x1, unprogrammed default
  1749   300008                     	org	3145736
  1750   300008  0F                 	db	15
  1751                           
  1752                           ;Config register CONFIG5H @ 0x300009
  1753                           ;	unspecified, using default values
  1754                           ;	Boot Block Code Protection bit
  1755                           ;	CPB = 0x1, unprogrammed default
  1756                           ;	Data EEPROM Code Protection bit
  1757                           ;	CPD = 0x1, unprogrammed default
  1758   300009                     	org	3145737
  1759   300009  C0                 	db	192
  1760                           
  1761                           ;Config register CONFIG6L @ 0x30000A
  1762                           ;	unspecified, using default values
  1763                           ;	Write Protection bit
  1764                           ;	WRT0 = 0x1, unprogrammed default
  1765                           ;	Write Protection bit
  1766                           ;	WRT1 = 0x1, unprogrammed default
  1767                           ;	Write Protection bit
  1768                           ;	WRT2 = 0x1, unprogrammed default
  1769                           ;	Write Protection bit
  1770                           ;	WRT3 = 0x1, unprogrammed default
  1771   30000A                     	org	3145738
  1772   30000A  0F                 	db	15
  1773                           
  1774                           ;Config register CONFIG6H @ 0x30000B
  1775                           ;	unspecified, using default values
  1776                           ;	Configuration Register Write Protection bit
  1777                           ;	WRTC = 0x1, unprogrammed default
  1778                           ;	Boot Block Write Protection bit
  1779                           ;	WRTB = 0x1, unprogrammed default
  1780                           ;	Data EEPROM Write Protection bit
  1781                           ;	WRTD = 0x1, unprogrammed default
  1782   30000B                     	org	3145739
  1783   30000B  E0                 	db	224
  1784                           
  1785                           ;Config register CONFIG7L @ 0x30000C
  1786                           ;	unspecified, using default values
  1787                           ;	Table Read Protection bit
  1788                           ;	EBTR0 = 0x1, unprogrammed default
  1789                           ;	Table Read Protection bit
  1790                           ;	EBTR1 = 0x1, unprogrammed default
  1791                           ;	Table Read Protection bit
  1792                           ;	EBTR2 = 0x1, unprogrammed default
  1793                           ;	Table Read Protection bit
  1794                           ;	EBTR3 = 0x1, unprogrammed default
  1795   30000C                     	org	3145740
  1796   30000C  0F                 	db	15
  1797                           
  1798                           ;Config register CONFIG7H @ 0x30000D
  1799                           ;	unspecified, using default values
  1800                           ;	Boot Block Table Read Protection bit
  1801                           ;	EBTRB = 0x1, unprogrammed default
  1802   30000D                     	org	3145741
  1803   30000D  40                 	db	64
  1804                           tosu	equ	0xFFF
  1805                           tosh	equ	0xFFE
  1806                           tosl	equ	0xFFD
  1807                           stkptr	equ	0xFFC
  1808                           pclatu	equ	0xFFB
  1809                           pclath	equ	0xFFA
  1810                           pcl	equ	0xFF9
  1811                           tblptru	equ	0xFF8
  1812                           tblptrh	equ	0xFF7
  1813                           tblptrl	equ	0xFF6
  1814                           tablat	equ	0xFF5
  1815                           prodh	equ	0xFF4
  1816                           prodl	equ	0xFF3
  1817                           indf0	equ	0xFEF
  1818                           postinc0	equ	0xFEE
  1819                           postdec0	equ	0xFED
  1820                           preinc0	equ	0xFEC
  1821                           plusw0	equ	0xFEB
  1822                           fsr0h	equ	0xFEA
  1823                           fsr0l	equ	0xFE9
  1824                           wreg	equ	0xFE8
  1825                           indf1	equ	0xFE7
  1826                           postinc1	equ	0xFE6
  1827                           postdec1	equ	0xFE5
  1828                           preinc1	equ	0xFE4
  1829                           plusw1	equ	0xFE3
  1830                           fsr1h	equ	0xFE2
  1831                           fsr1l	equ	0xFE1
  1832                           bsr	equ	0xFE0
  1833                           indf2	equ	0xFDF
  1834                           postinc2	equ	0xFDE
  1835                           postdec2	equ	0xFDD
  1836                           preinc2	equ	0xFDC
  1837                           plusw2	equ	0xFDB
  1838                           fsr2h	equ	0xFDA
  1839                           fsr2l	equ	0xFD9
  1840                           status	equ	0xFD8

Data Sizes:
    Strings     0
    Constant    0
    Data        10
    BSS         4
    Persistent  0
    Stack       0

Auto Spaces:
    Space          Size  Autos    Used
    COMRAM           95     16      30
    BANK0           160      0       0
    BANK1           256      0       0
    BANK2           256      0       0
    BANK3           256      0       0
    BANK4           256      0       0
    BANK5           256      0       0

Pointer List with Targets:

    display@data	PTR unsigned char  size(1) Largest target is 4
		 -> ssd(COMRAM[4]), 


Critical Paths under _main in COMRAM

    _main->___lwmod
    ___lwmod->___lwdiv

Critical Paths under _main in BANK0

    None.

Critical Paths under _main in BANK1

    None.

Critical Paths under _main in BANK2

    None.

Critical Paths under _main in BANK3

    None.

Critical Paths under _main in BANK4

    None.

Critical Paths under _main in BANK5

    None.

Call Graph Tables:

 ---------------------------------------------------------------------------------
 (Depth) Function   	        Calls       Base Space   Used Autos Params    Refs
 ---------------------------------------------------------------------------------
 (0) _main                                                 4     4      0     606
                                             12 COMRAM     4     4      0
                            ___lwdiv
                            ___lwmod
                            _display
                        _init_config
 ---------------------------------------------------------------------------------
 (1) _init_config                                          0     0      0       0
                   _init_ssd_control
 ---------------------------------------------------------------------------------
 (2) _init_ssd_control                                     0     0      0       0
 ---------------------------------------------------------------------------------
 (1) _display                                              7     6      1     136
                                              0 COMRAM     6     5      1
 ---------------------------------------------------------------------------------
 (1) ___lwmod                                              5     1      4     165
                                              7 COMRAM     5     1      4
                            ___lwdiv (ARG)
 ---------------------------------------------------------------------------------
 (1) ___lwdiv                                              7     3      4     168
                                              0 COMRAM     7     3      4
 ---------------------------------------------------------------------------------
 Estimated maximum stack depth 2
 ---------------------------------------------------------------------------------

 Call Graph Graphs:

 _main (ROOT)
   ___lwdiv
   ___lwmod
     ___lwdiv (ARG)
   _display
   _init_config
     _init_ssd_control

Address spaces:
Name               Size   Autos  Total    Usage
BIGRAM            1535      0       0      0.0%
BITBIGSFRl         640      0       0      0.0%
BITBANK5           256      0       0      0.0%
BANK5              256      0       0      0.0%
BITBANK4           256      0       0      0.0%
BANK4              256      0       0      0.0%
BITBANK3           256      0       0      0.0%
BANK3              256      0       0      0.0%
BITBANK2           256      0       0      0.0%
BANK2              256      0       0      0.0%
BITBANK1           256      0       0      0.0%
BANK1              256      0       0      0.0%
BITBANK0           160      0       0      0.0%
BANK0              160      0       0      0.0%
BITBIGSFRh         127      0       0      0.0%
BITCOMRAM           95      0       0      0.0%
COMRAM              95     16      30     31.6%
STACK                0      0       0      0.0%
DATA                 0      0      30      0.0%


Microchip Technology PIC18 Macro Assembler V3.10 build 20250813170317 
Symbol Table                                                                                   Wed Apr 22 19:48:20 2026

                      l11 0884                        l40 07D2                        l32 0874  
                     l651 076E                       l644 0766                       l661 0836  
                     l654 082E                       l830 0880                       l920 0772  
                     l930 07C2                       l922 077E                       l914 0770  
                     l826 0866                       l940 0726                       l932 06FE  
                     l924 079E                       l828 0868                       l950 075A  
                     l942 0734                       l934 0704                       l926 07A6  
                     l952 0760                       l944 073A                       l936 0716  
                     l960 07F6                       l928 07C0                       l946 0750  
                     l938 071E                       l962 0804                       l954 07D4  
                     l970 0602                       l948 0758                       l964 081A  
                     l956 07E6                       l980 0660                       l972 0606  
                     l966 0822                       l958 07EE                       l990 06D4  
                     l982 0690                       l974 060C                       l968 0828  
                     l992 06DA                       l984 06B0                       l976 0612  
                     l994 06F0                       l986 06B8                       l978 0630  
                     l988 06D0                       u200 081A                       u201 0816  
                     u130 07C0                       u210 06D0                       u131 07BC  
                     u211 06CC                       u140 07D2                       u124 0790  
                     u220 06F0                       u141 07CE                       u125 078C  
                     u221 06EC                       u150 0716                       u151 0712  
                     u160 0734                       u161 0730                       u170 0750  
                     u171 074C                       u180 07E6                       u181 07E2  
                     u190 0804                       u191 0800                       _ssd 001B  
             display@data 0001               display@wait 0004                      _main 0602  
                    fsr2h 0FDA                      indf2 0FDF                      fsr1l 0FE1  
                    fsr2l 0FD9                      start 2FFC              ___param_bank 0000  
                   ?_main 0001           __end_of___lwdiv 0770           __end_of___lwmod 0838  
            ?_init_config 0001                     _PORTA 0F80                     _PORTD 0F83  
                   _TRISA 0F92                     _TRISD 0F95              display@digit 0006  
         __end_of_display 07D4                     _digit 0011                     tablat 0FF5  
                   status 0FD8           __initialization 0838              __end_of_main 06FE  
       ?_init_ssd_control 0001                    ??_main 000D             __activetblptr 0000  
      ??_init_ssd_control 0001                 ??___lwdiv 0005                 ??___lwmod 000C  
                  isa$std 0001                 ??_display 0002              __pdataCOMRAM 0011  
            __mediumconst 0600                    tblptrh 0FF7                    tblptrl 0FF6  
                  tblptru 0FF8                __accesstop 0060   __end_of__initialization 0860  
           ___rparam_used 0001            __pcstackCOMRAM 0001                   __Hparam 0000  
                 __Lparam 0000                   ___lwdiv 06FE                   ___lwmod 07D4  
            __psmallconst 0600                   __pcinit 0838                   __ramtop 0600  
                 __ptext0 0602                   __ptext1 0880                   __ptext2 0866  
                 __ptext3 0770                   __ptext4 07D4                   __ptext5 06FE  
                 _display 0770      end_of_initialization 0860                   postdec1 0FE5  
                 postinc0 0FEE             __pidataCOMRAM 0876       start_initialization 0838  
           ??_init_config 0001               __pbssCOMRAM 001B          _init_ssd_control 0866  
        ___lwdiv@dividend 0001                  ?___lwdiv 0001                  ?___lwmod 0008  
                ?_display 0001               __smallconst 0600          ___lwdiv@quotient 0005  
     __end_of_init_config 0886                 main@delay 000D                 main@count 000F  
               copy_data0 084C                  __Hrparam 0000                  __Lrparam 0000  
             _init_config 0880           ___lwdiv@divisor 0003           ___lwdiv@counter 0007  
                isa$xinst 0000  __end_of_init_ssd_control 0876          ___lwmod@dividend 0008  
         ___lwmod@divisor 000A           ___lwmod@counter 000C  
