

Microchip MPLAB XC8 Assembler V2.40 build 20220703182018 
                                                                                               Wed Jun 28 12:49:32 2023

Microchip MPLAB XC8 C Compiler v2.40 (Free license) build 20220703182018 Og1 
     1                           	processor	18F4580
     2                           	fnconf	rparam,??,?,0
     3                           	pagewidth 120
     4                           	opt	flic
     5                           	psect	smallconst,global,reloc=2,class=SMALLCONST,delta=1,noexec
     6                           	psect	cinit,global,reloc=2,class=CODE,delta=1
     7                           	psect	bssCOMRAM,global,class=COMRAM,space=1,delta=1,lowdata,noexec
     8                           	psect	cstackCOMRAM,global,class=COMRAM,space=1,delta=1,lowdata,noexec
     9                           	psect	text0,global,reloc=2,class=CODE,delta=1
    10                           	psect	text1,global,reloc=2,class=CODE,delta=1
    11                           	psect	text2,global,reloc=2,class=CODE,delta=1
    12                           	psect	text3,global,reloc=2,class=CODE,delta=1
    13                           	psect	text4,global,reloc=2,class=CODE,delta=1
    14                           	psect	text5,global,reloc=2,class=CODE,delta=1
    15                           	psect	text6,global,reloc=2,class=CODE,delta=1
    16                           	psect	text7,global,reloc=2,class=CODE,delta=1
    17                           	psect	text8,global,reloc=2,class=CODE,delta=1
    18                           	psect	text9,global,reloc=2,class=CODE,delta=1
    19                           	psect	text10,global,reloc=2,class=CODE,delta=1
    20                           	psect	text11,global,reloc=2,class=CODE,delta=1
    21                           	psect	text12,global,reloc=2,class=CODE,delta=1
    22                           	psect	text13,global,reloc=2,class=CODE,delta=1
    23                           	psect	text14,global,reloc=2,class=CODE,delta=1
    24                           	psect	text15,global,reloc=2,class=CODE,delta=1
    25                           	psect	text16,global,reloc=2,class=CODE,delta=1
    26                           	psect	text17,global,reloc=2,class=CODE,delta=1
    27                           	psect	text18,global,reloc=2,class=CODE,delta=1
    28                           	psect	intsave_regs,global,class=BIGRAM,space=1,delta=1,noexec
    29                           	psect	rparam,global,class=COMRAM,space=1,delta=1,noexec
    30                           	psect	idloc,global,abs,ovrld,class=IDLOC,space=5,delta=1,noexec
    31                           	psect	config,global,abs,ovrld,class=CONFIG,space=4,delta=1,noexec
    32   000000                     
    33                           ; Version 2.20
    34                           ; Generated 12/02/2020 GMT
    35                           ; 
    36                           ; Copyright © 2020, Microchip Technology Inc. and its subsidiaries ("Microchip")
    37                           ; All rights reserved.
    38                           ; 
    39                           ; This software is developed by Microchip Technology Inc. and its subsidiaries ("Microch
      +                          ip").
    40                           ; 
    41                           ; Redistribution and use in source and binary forms, with or without modification, are
    42                           ; permitted provided that the following conditions are met:
    43                           ; 
    44                           ;     1. Redistributions of source code must retain the above copyright notice, this lis
      +                          t of
    45                           ;        conditions and the following disclaimer.
    46                           ; 
    47                           ;     2. Redistributions in binary form must reproduce the above copyright notice, this 
      +                          list
    48                           ;        of conditions and the following disclaimer in the documentation and/or other
    49                           ;        materials provided with the distribution.
    50                           ; 
    51                           ;     3. Microchip's name may not be used to endorse or promote products derived from th
      +                          is
    52                           ;        software without specific prior written permission.
    53                           ; 
    54                           ; THIS SOFTWARE IS PROVIDED BY MICROCHIP "AS IS" AND ANY EXPRESS OR IMPLIED WARRANTIES,
    55                           ; INCLUDING, BUT NOT LIMITED TO, THE IMPLIED WARRANTIES OF MERCHANTABILITY AND FITNESS F
      +                          OR
    56                           ; PURPOSE ARE DISCLAIMED.  IN NO EVENT SHALL MICROCHIP BE LIABLE FOR ANY DIRECT, INDIREC
      +                          T,
    57                           ; INCIDENTAL, SPECIAL, EXEMPLARY, OR CONSEQUENTIAL DAMAGES (INCLUDING BUT NOT LIMITED TO
    58                           ; PROCUREMENT OF SUBSTITUTE GOODS OR SERVICES; LOSS OF USE, DATA OR PROFITS; OR BUSINESS
    59                           ; INTERRUPTION) HOWSOEVER CAUSED AND ON ANY THEORY OF LIABILITY, WHETHER IN CONTRACT, ST
      +                          RICT
    60                           ; LIABILITY, OR TORT (INCLUDING NEGLIGENCE OR OTHERWISE) ARISING IN ANY WAY OUT OF THE U
      +                          SE OF
    61                           ; THIS SOFTWARE, EVEN IF ADVISED OF THE POSSIBILITY OF SUCH DAMAGE.
    62                           ; 
    63                           ; 
    64                           ; Code-generator required, PIC18F4580 Definitions
    65                           ; 
    66                           ; SFR Addresses
    67   000000                     _SSPADD	set	4040
    68   000000                     _CKE	set	32318
    69   000000                     _TRISC	set	3988
    70   000000                     _TRISD	set	3989
    71   000000                     _RD7	set	31775
    72   000000                     _RC0	set	31760
    73   000000                     _RC2	set	31762
    74   000000                     _ACKEN	set	32300
    75   000000                     _ACKDT	set	32301
    76   000000                     _RCEN	set	32299
    77   000000                     _RSEN	set	32297
    78   000000                     _PEN	set	32298
    79   000000                     _SEN	set	32296
    80   000000                     _SMP	set	32319
    81   000000                     _TRISC4	set	31908
    82   000000                     _RC1	set	31761
    83   000000                     _TRISC3	set	31907
    84   000000                     _SSPCON1	set	4038
    85   000000                     _TRISD7	set	31919
    86   000000                     _SSPIF	set	31987
    87   000000                     _SSPBUF	set	4041
    88   000000                     _BCLIF	set	32011
    89   000000                     _ACKSTAT	set	32302
    90   000000                     _PORTD	set	3971
    91                           
    92                           	psect	smallconst
    93   000600                     __psmallconst:
    94                           	callstack 0
    95   000600  00                 	db	0
    96   000601                     STR_3:
    97   000601  20                 	db	32
    98   000602  20                 	db	32
    99   000603  44                 	db	68	;'D'
   100   000604  53                 	db	83	;'S'
   101   000605  31                 	db	49	;'1'
   102   000606  33                 	db	51	;'3'
   103   000607  30                 	db	48	;'0'
   104   000608  37                 	db	55	;'7'
   105   000609  20                 	db	32
   106   00060A  20                 	db	32
   107   00060B  54                 	db	84	;'T'
   108   00060C  45                 	db	69	;'E'
   109   00060D  53                 	db	83	;'S'
   110   00060E  54                 	db	84	;'T'
   111   00060F  20                 	db	32
   112   000610  20                 	db	32
   113   000611  00                 	db	0
   114   000612                     STR_2:
   115   000612  41                 	db	65	;'A'
   116   000613  4D                 	db	77	;'M'
   117   000614  00                 	db	0
   118   000615                     STR_1:
   119   000615  50                 	db	80	;'P'
   120   000616  4D                 	db	77	;'M'
   121   000617  00                 	db	0
   122   000618  00                 	db	0	; dummy byte at the end
   123   000000                     
   124                           ; #config settings
   125                           
   126                           	psect	cinit
   127   0008E8                     __pcinit:
   128                           	callstack 0
   129   0008E8                     start_initialization:
   130                           	callstack 0
   131   0008E8                     __initialization:
   132                           	callstack 0
   133                           
   134                           ; Clear objects allocated to COMRAM (27 bytes)
   135   0008E8  EE00  F001         	lfsr	0,__pbssCOMRAM
   136   0008EC  0E1B               	movlw	27
   137   0008EE                     clear_0:
   138   0008EE  6AEE               	clrf	postinc0,c
   139   0008F0  06E8               	decf	wreg,f,c
   140   0008F2  E1FD               	bnz	clear_0
   141   0008F4                     end_of_initialization:
   142                           	callstack 0
   143   0008F4                     __end_of__initialization:
   144                           	callstack 0
   145   0008F4  0E00               	movlw	low (__Lmediumconst shr (0+16))
   146   0008F6  6EF8               	movwf	tblptru,c
   147   0008F8  0100               	movlb	0
   148   0008FA  EF8A  F004         	goto	_main	;jump to C main() function
   149                           
   150                           	psect	bssCOMRAM
   151   000001                     __pbssCOMRAM:
   152                           	callstack 0
   153   000001                     _calender_reg:
   154                           	callstack 0
   155   000001                     	ds	4
   156   000005                     _clock_reg:
   157                           	callstack 0
   158   000005                     	ds	3
   159   000008                     _date:
   160                           	callstack 0
   161   000008                     	ds	11
   162   000013                     _time:
   163                           	callstack 0
   164   000013                     	ds	9
   165                           
   166                           	psect	cstackCOMRAM
   167   00001C                     __pcstackCOMRAM:
   168                           	callstack 0
   169   00001C                     i2c_write@data:
   170                           	callstack 0
   171   00001C                     clcd_write@control_bit:
   172                           	callstack 0
   173                           
   174                           ; 1 bytes @ 0x0
   175   00001C                     	ds	1
   176   00001D                     write_ds1307@data:
   177                           	callstack 0
   178   00001D                     read_ds1307@address:
   179                           	callstack 0
   180   00001D                     clcd_write@byte:
   181                           	callstack 0
   182                           
   183                           ; 1 bytes @ 0x1
   184   00001D                     	ds	1
   185   00001E                     ??_init_clcd:
   186   00001E                     write_ds1307@address:
   187                           	callstack 0
   188   00001E                     read_ds1307@data:
   189                           	callstack 0
   190   00001E                     clcd_print@data:
   191                           	callstack 0
   192                           
   193                           ; 2 bytes @ 0x2
   194   00001E                     	ds	1
   195   00001F                     init_ds1307@dummy:
   196                           	callstack 0
   197                           
   198                           ; 1 bytes @ 0x3
   199   00001F                     	ds	1
   200   000020                     clcd_print@addr:
   201                           	callstack 0
   202                           
   203                           ; 1 bytes @ 0x4
   204   000020                     	ds	1
   205   000021                     
   206                           ; 1 bytes @ 0x5
   207 ;;
   208 ;;Main: autosize = 0, tempsize = 0, incstack = 0, save=0
   209 ;;
   210 ;; *************** function _main *****************
   211 ;; Defined at:
   212 ;;		line 88 in file "main.c"
   213 ;; Parameters:    Size  Location     Type
   214 ;;		None
   215 ;; Auto vars:     Size  Location     Type
   216 ;;		None
   217 ;; Return value:  Size  Location     Type
   218 ;;                  1    wreg      void 
   219 ;; Registers used:
   220 ;;		wreg, fsr0l, fsr0h, status,2, status,0, tblptrl, tblptrh, tblptru, cstack
   221 ;; Tracked objects:
   222 ;;		On entry : 0/0
   223 ;;		On exit  : 0/0
   224 ;;		Unchanged: 0/0
   225 ;; Data sizes:     COMRAM   BANK0   BANK1   BANK2   BANK3   BANK4   BANK5
   226 ;;      Params:         0       0       0       0       0       0       0
   227 ;;      Locals:         0       0       0       0       0       0       0
   228 ;;      Temps:          0       0       0       0       0       0       0
   229 ;;      Totals:         0       0       0       0       0       0       0
   230 ;;Total ram usage:        0 bytes
   231 ;; Hardware stack levels required when called: 6
   232 ;; This function calls:
   233 ;;		_display_time
   234 ;;		_get_time
   235 ;;		_init_config
   236 ;; This function is called by:
   237 ;;		Startup code after reset
   238 ;; This function uses a non-reentrant model
   239 ;;
   240                           
   241                           	psect	text0
   242   000914                     __ptext0:
   243                           	callstack 0
   244   000914                     _main:
   245                           	callstack 25
   246   000914                     
   247                           ;main.c: 90:  init_config();
   248   000914  EC56  F004         	call	_init_config	;wreg free
   249   000918                     l1164:
   250                           
   251                           ;main.c: 93:  {;main.c: 95:   get_time();
   252   000918  EC61  F003         	call	_get_time	;wreg free
   253   00091C                     
   254                           ;main.c: 96:   display_time();
   255   00091C  ECD7  F003         	call	_display_time	;wreg free
   256   000920  EF8C  F004         	goto	l1164
   257   000924  EF00  F000         	goto	start
   258   000928                     __end_of_main:
   259                           	callstack 0
   260                           
   261 ;; *************** function _init_config *****************
   262 ;; Defined at:
   263 ;;		line 79 in file "main.c"
   264 ;; Parameters:    Size  Location     Type
   265 ;;		None
   266 ;; Auto vars:     Size  Location     Type
   267 ;;		None
   268 ;; Return value:  Size  Location     Type
   269 ;;                  1    wreg      void 
   270 ;; Registers used:
   271 ;;		wreg, fsr0l, fsr0h, status,2, status,0, tblptrl, tblptrh, tblptru, cstack
   272 ;; Tracked objects:
   273 ;;		On entry : 0/0
   274 ;;		On exit  : 0/0
   275 ;;		Unchanged: 0/0
   276 ;; Data sizes:     COMRAM   BANK0   BANK1   BANK2   BANK3   BANK4   BANK5
   277 ;;      Params:         0       0       0       0       0       0       0
   278 ;;      Locals:         0       0       0       0       0       0       0
   279 ;;      Temps:          0       0       0       0       0       0       0
   280 ;;      Totals:         0       0       0       0       0       0       0
   281 ;;Total ram usage:        0 bytes
   282 ;; Hardware stack levels used: 1
   283 ;; Hardware stack levels required when called: 5
   284 ;; This function calls:
   285 ;;		_clcd_print
   286 ;;		_init_clcd
   287 ;;		_init_ds1307
   288 ;;		_init_i2c
   289 ;; This function is called by:
   290 ;;		_main
   291 ;; This function uses a non-reentrant model
   292 ;;
   293                           
   294                           	psect	text1
   295   0008AC                     __ptext1:
   296                           	callstack 0
   297   0008AC                     _init_config:
   298                           	callstack 25
   299   0008AC                     
   300                           ;main.c: 81:  init_clcd();
   301   0008AC  EC0D  F003         	call	_init_clcd	;wreg free
   302   0008B0                     
   303                           ;main.c: 82:  init_i2c();
   304   0008B0  EC7F  F004         	call	_init_i2c	;wreg free
   305   0008B4                     
   306                           ;main.c: 83:  init_ds1307();
   307   0008B4  EC00  F004         	call	_init_ds1307	;wreg free
   308   0008B8                     
   309                           ;main.c: 85:  clcd_print("  DS1307  TEST  ", (0x80 + (0)));
   310   0008B8  0E01               	movlw	low STR_3
   311   0008BA  6E1E               	movwf	clcd_print@data^0,c
   312   0008BC  0E06               	movlw	high STR_3
   313   0008BE  6E1F               	movwf	(clcd_print@data+1)^0,c
   314   0008C0  0E80               	movlw	128
   315   0008C2  6E20               	movwf	clcd_print@addr^0,c
   316   0008C4  ECA1  F003         	call	_clcd_print	;wreg free
   317   0008C8  0012               	return		;funcret
   318   0008CA                     __end_of_init_config:
   319                           	callstack 0
   320                           
   321 ;; *************** function _init_i2c *****************
   322 ;; Defined at:
   323 ;;		line 4 in file "i2c.c"
   324 ;; Parameters:    Size  Location     Type
   325 ;;		None
   326 ;; Auto vars:     Size  Location     Type
   327 ;;		None
   328 ;; Return value:  Size  Location     Type
   329 ;;                  1    wreg      void 
   330 ;; Registers used:
   331 ;;		wreg, status,2
   332 ;; Tracked objects:
   333 ;;		On entry : 0/0
   334 ;;		On exit  : 0/0
   335 ;;		Unchanged: 0/0
   336 ;; Data sizes:     COMRAM   BANK0   BANK1   BANK2   BANK3   BANK4   BANK5
   337 ;;      Params:         0       0       0       0       0       0       0
   338 ;;      Locals:         0       0       0       0       0       0       0
   339 ;;      Temps:          0       0       0       0       0       0       0
   340 ;;      Totals:         0       0       0       0       0       0       0
   341 ;;Total ram usage:        0 bytes
   342 ;; Hardware stack levels used: 1
   343 ;; This function calls:
   344 ;;		Nothing
   345 ;; This function is called by:
   346 ;;		_init_config
   347 ;; This function uses a non-reentrant model
   348 ;;
   349                           
   350                           	psect	text2
   351   0008FE                     __ptext2:
   352                           	callstack 0
   353   0008FE                     _init_i2c:
   354                           	callstack 29
   355   0008FE                     
   356                           ;i2c.c: 7:  TRISC3 = 1;
   357   0008FE  8694               	bsf	3988,3,c	;volatile
   358                           
   359                           ;i2c.c: 8:  TRISC4 = 1;
   360   000900  8894               	bsf	3988,4,c	;volatile
   361   000902                     
   362                           ;i2c.c: 10:  SSPCON1 = 0x28;
   363   000902  0E28               	movlw	40
   364   000904  6EC6               	movwf	198,c	;volatile
   365                           
   366                           ;i2c.c: 12:  SSPADD = 0x31;
   367   000906  0E31               	movlw	49
   368   000908  6EC8               	movwf	200,c	;volatile
   369   00090A                     
   370                           ;i2c.c: 14:  CKE = 0;
   371   00090A  9CC7               	bcf	4039,6,c	;volatile
   372   00090C                     
   373                           ;i2c.c: 16:  SMP = 1;
   374   00090C  8EC7               	bsf	4039,7,c	;volatile
   375   00090E                     
   376                           ;i2c.c: 18:  SSPIF = 0;
   377   00090E  969E               	bcf	3998,3,c	;volatile
   378   000910                     
   379                           ;i2c.c: 20:  BCLIF = 0;
   380   000910  96A1               	bcf	4001,3,c	;volatile
   381   000912  0012               	return		;funcret
   382   000914                     __end_of_init_i2c:
   383                           	callstack 0
   384                           
   385 ;; *************** function _init_ds1307 *****************
   386 ;; Defined at:
   387 ;;		line 13 in file "ds1307.c"
   388 ;; Parameters:    Size  Location     Type
   389 ;;		None
   390 ;; Auto vars:     Size  Location     Type
   391 ;;  dummy           1    3[COMRAM] unsigned char 
   392 ;; Return value:  Size  Location     Type
   393 ;;                  1    wreg      void 
   394 ;; Registers used:
   395 ;;		wreg, status,2, status,0, cstack
   396 ;; Tracked objects:
   397 ;;		On entry : 0/0
   398 ;;		On exit  : 0/0
   399 ;;		Unchanged: 0/0
   400 ;; Data sizes:     COMRAM   BANK0   BANK1   BANK2   BANK3   BANK4   BANK5
   401 ;;      Params:         0       0       0       0       0       0       0
   402 ;;      Locals:         1       0       0       0       0       0       0
   403 ;;      Temps:          0       0       0       0       0       0       0
   404 ;;      Totals:         1       0       0       0       0       0       0
   405 ;;Total ram usage:        1 bytes
   406 ;; Hardware stack levels used: 1
   407 ;; Hardware stack levels required when called: 4
   408 ;; This function calls:
   409 ;;		_read_ds1307
   410 ;;		_write_ds1307
   411 ;; This function is called by:
   412 ;;		_init_config
   413 ;; This function uses a non-reentrant model
   414 ;;
   415                           
   416                           	psect	text3
   417   000800                     __ptext3:
   418                           	callstack 0
   419   000800                     _init_ds1307:
   420                           	callstack 25
   421   000800                     
   422                           ;ds1307.c: 15:  unsigned char dummy;;ds1307.c: 18:  dummy = read_ds1307(0x00);
   423   000800  0E00               	movlw	0
   424   000802  EC41  F004         	call	_read_ds1307
   425   000806  6E1F               	movwf	init_ds1307@dummy^0,c
   426   000808                     
   427                           ;ds1307.c: 19:  write_ds1307(0x00, dummy | 0x80);
   428   000808  501F               	movf	init_ds1307@dummy^0,w,c
   429   00080A  0980               	iorlw	128
   430   00080C  6E1D               	movwf	write_ds1307@data^0,c
   431   00080E  0E00               	movlw	0
   432   000810  EC65  F004         	call	_write_ds1307
   433   000814                     
   434                           ;ds1307.c: 22:  dummy = read_ds1307(0x02);
   435   000814  0E02               	movlw	2
   436   000816  EC41  F004         	call	_read_ds1307
   437   00081A  6E1F               	movwf	init_ds1307@dummy^0,c
   438                           
   439                           ;ds1307.c: 23:  write_ds1307(0x02, dummy | 0x40);
   440   00081C  501F               	movf	init_ds1307@dummy^0,w,c
   441   00081E  0940               	iorlw	64
   442   000820  6E1D               	movwf	write_ds1307@data^0,c
   443   000822  0E02               	movlw	2
   444   000824  EC65  F004         	call	_write_ds1307
   445   000828                     
   446                           ;ds1307.c: 38:  write_ds1307(0x07, 0x93);
   447   000828  0E93               	movlw	147
   448   00082A  6E1D               	movwf	write_ds1307@data^0,c
   449   00082C  0E07               	movlw	7
   450   00082E  EC65  F004         	call	_write_ds1307
   451   000832                     
   452                           ;ds1307.c: 41:  dummy = read_ds1307(0x00);
   453   000832  0E00               	movlw	0
   454   000834  EC41  F004         	call	_read_ds1307
   455   000838  6E1F               	movwf	init_ds1307@dummy^0,c
   456                           
   457                           ;ds1307.c: 42:  write_ds1307(0x00, dummy & 0x7F);
   458   00083A  501F               	movf	init_ds1307@dummy^0,w,c
   459   00083C  0B7F               	andlw	127
   460   00083E  6E1D               	movwf	write_ds1307@data^0,c
   461   000840  0E00               	movlw	0
   462   000842  EC65  F004         	call	_write_ds1307
   463   000846  0012               	return		;funcret
   464   000848                     __end_of_init_ds1307:
   465                           	callstack 0
   466                           
   467 ;; *************** function _write_ds1307 *****************
   468 ;; Defined at:
   469 ;;		line 46 in file "ds1307.c"
   470 ;; Parameters:    Size  Location     Type
   471 ;;  address         1    wreg     unsigned char 
   472 ;;  data            1    1[COMRAM] unsigned char 
   473 ;; Auto vars:     Size  Location     Type
   474 ;;  address         1    2[COMRAM] unsigned char 
   475 ;; Return value:  Size  Location     Type
   476 ;;                  1    wreg      void 
   477 ;; Registers used:
   478 ;;		wreg, status,2, cstack
   479 ;; Tracked objects:
   480 ;;		On entry : 0/0
   481 ;;		On exit  : 0/0
   482 ;;		Unchanged: 0/0
   483 ;; Data sizes:     COMRAM   BANK0   BANK1   BANK2   BANK3   BANK4   BANK5
   484 ;;      Params:         1       0       0       0       0       0       0
   485 ;;      Locals:         1       0       0       0       0       0       0
   486 ;;      Temps:          0       0       0       0       0       0       0
   487 ;;      Totals:         2       0       0       0       0       0       0
   488 ;;Total ram usage:        2 bytes
   489 ;; Hardware stack levels used: 1
   490 ;; Hardware stack levels required when called: 2
   491 ;; This function calls:
   492 ;;		_i2c_start
   493 ;;		_i2c_stop
   494 ;;		_i2c_write
   495 ;; This function is called by:
   496 ;;		_init_ds1307
   497 ;; This function uses a non-reentrant model
   498 ;;
   499                           
   500                           	psect	text4
   501   0008CA                     __ptext4:
   502                           	callstack 0
   503   0008CA                     _write_ds1307:
   504                           	callstack 26
   505                           
   506                           ;incstack = 0
   507                           ;write_ds1307@address stored from wreg
   508   0008CA  6E1E               	movwf	write_ds1307@address^0,c
   509   0008CC                     
   510                           ;ds1307.c: 46: void write_ds1307(unsigned char address, unsigned char data);ds1307.c: 47
      +                          : {;ds1307.c: 48:  i2c_start();
   511   0008CC  ECAD  F004         	call	_i2c_start	;wreg free
   512   0008D0                     
   513                           ;ds1307.c: 49:  i2c_write(0xD0);
   514   0008D0  0ED0               	movlw	208
   515   0008D2  EC9D  F004         	call	_i2c_write
   516   0008D6                     
   517                           ;ds1307.c: 50:  i2c_write(address);
   518   0008D6  501E               	movf	write_ds1307@address^0,w,c
   519   0008D8  EC9D  F004         	call	_i2c_write
   520   0008DC                     
   521                           ;ds1307.c: 51:  i2c_write(data);
   522   0008DC  501D               	movf	write_ds1307@data^0,w,c
   523   0008DE  EC9D  F004         	call	_i2c_write
   524   0008E2                     
   525                           ;ds1307.c: 52:  i2c_stop();
   526   0008E2  ECA9  F004         	call	_i2c_stop	;wreg free
   527   0008E6  0012               	return		;funcret
   528   0008E8                     __end_of_write_ds1307:
   529                           	callstack 0
   530                           
   531 ;; *************** function _init_clcd *****************
   532 ;; Defined at:
   533 ;;		line 27 in file "clcd.c"
   534 ;; Parameters:    Size  Location     Type
   535 ;;		None
   536 ;; Auto vars:     Size  Location     Type
   537 ;;		None
   538 ;; Return value:  Size  Location     Type
   539 ;;                  1    wreg      void 
   540 ;; Registers used:
   541 ;;		wreg, status,2, status,0, cstack
   542 ;; Tracked objects:
   543 ;;		On entry : 0/0
   544 ;;		On exit  : 0/0
   545 ;;		Unchanged: 0/0
   546 ;; Data sizes:     COMRAM   BANK0   BANK1   BANK2   BANK3   BANK4   BANK5
   547 ;;      Params:         0       0       0       0       0       0       0
   548 ;;      Locals:         0       0       0       0       0       0       0
   549 ;;      Temps:          1       0       0       0       0       0       0
   550 ;;      Totals:         1       0       0       0       0       0       0
   551 ;;Total ram usage:        1 bytes
   552 ;; Hardware stack levels used: 1
   553 ;; Hardware stack levels required when called: 1
   554 ;; This function calls:
   555 ;;		_clcd_write
   556 ;; This function is called by:
   557 ;;		_init_config
   558 ;; This function uses a non-reentrant model
   559 ;;
   560                           
   561                           	psect	text5
   562   00061A                     __ptext5:
   563                           	callstack 0
   564   00061A                     _init_clcd:
   565                           	callstack 28
   566   00061A                     
   567                           ;clcd.c: 30:  TRISD = 0x00;
   568   00061A  0E00               	movlw	0
   569   00061C  6E95               	movwf	149,c	;volatile
   570   00061E                     
   571                           ;clcd.c: 32:  TRISC = TRISC & 0xF8;
   572   00061E  5094               	movf	148,w,c	;volatile
   573   000620  0BF8               	andlw	248
   574   000622  6E94               	movwf	148,c	;volatile
   575   000624                     
   576                           ;clcd.c: 34:  RC0 = 0;
   577   000624  9082               	bcf	3970,0,c	;volatile
   578   000626                     
   579                           ;clcd.c: 38:     _delay((unsigned long)((30)*(20000000/4000.0)));
   580   000626  0EC3               	movlw	195
   581   000628  6E1E               	movwf	??_init_clcd^0,c
   582   00062A  0ECD               	movlw	205
   583   00062C                     u197:
   584   00062C  2EE8               	decfsz	wreg,f,c
   585   00062E  D7FE               	bra	u197
   586   000630  2E1E               	decfsz	??_init_clcd^0,f,c
   587   000632  D7FC               	bra	u197
   588   000634  F000               	nop	
   589   000636                     
   590                           ;clcd.c: 41:     clcd_write(0x33, 0 );
   591   000636  0E00               	movlw	0
   592   000638  6E1C               	movwf	clcd_write@control_bit^0,c
   593   00063A  0E33               	movlw	51
   594   00063C  EC24  F004         	call	_clcd_write
   595   000640                     
   596                           ;clcd.c: 42:     _delay((unsigned long)((4100)*(20000000/4000000.0)));
   597   000640  0E1B               	movlw	27
   598   000642  6E1E               	movwf	??_init_clcd^0,c
   599   000644  0E9E               	movlw	158
   600   000646                     u207:
   601   000646  2EE8               	decfsz	wreg,f,c
   602   000648  D7FE               	bra	u207
   603   00064A  2E1E               	decfsz	??_init_clcd^0,f,c
   604   00064C  D7FC               	bra	u207
   605   00064E  D000               	nop2	
   606   000650                     
   607                           ;clcd.c: 43:     clcd_write(0x33, 0 );
   608   000650  0E00               	movlw	0
   609   000652  6E1C               	movwf	clcd_write@control_bit^0,c
   610   000654  0E33               	movlw	51
   611   000656  EC24  F004         	call	_clcd_write
   612   00065A                     
   613                           ;clcd.c: 44:     _delay((unsigned long)((100)*(20000000/4000000.0)));
   614   00065A  0EA6               	movlw	166
   615   00065C                     u217:
   616   00065C  2EE8               	decfsz	wreg,f,c
   617   00065E  D7FE               	bra	u217
   618   000660  D000               	nop2	
   619   000662                     
   620                           ;clcd.c: 45:     clcd_write(0x33, 0 );
   621   000662  0E00               	movlw	0
   622   000664  6E1C               	movwf	clcd_write@control_bit^0,c
   623   000666  0E33               	movlw	51
   624   000668  EC24  F004         	call	_clcd_write
   625   00066C                     
   626                           ;clcd.c: 46:     _delay((unsigned long)((1)*(20000000/4000000.0)));
   627   00066C  D000               	nop2		;2 cycle nop
   628   00066E  D000               	nop2		;2 cycle nop
   629   000670  F000               	nop	
   630   000672                     
   631                           ;clcd.c: 48:     clcd_write(0x02, 0);
   632   000672  0E00               	movlw	0
   633   000674  6E1C               	movwf	clcd_write@control_bit^0,c
   634   000676  0E02               	movlw	2
   635   000678  EC24  F004         	call	_clcd_write
   636   00067C                     
   637                           ;clcd.c: 49:     _delay((unsigned long)((100)*(20000000/4000000.0)));
   638   00067C  0EA6               	movlw	166
   639   00067E                     u227:
   640   00067E  2EE8               	decfsz	wreg,f,c
   641   000680  D7FE               	bra	u227
   642   000682  D000               	nop2	
   643   000684                     
   644                           ;clcd.c: 50:     clcd_write(0x38, 0);
   645   000684  0E00               	movlw	0
   646   000686  6E1C               	movwf	clcd_write@control_bit^0,c
   647   000688  0E38               	movlw	56
   648   00068A  EC24  F004         	call	_clcd_write
   649   00068E                     
   650                           ;clcd.c: 51:     _delay((unsigned long)((100)*(20000000/4000000.0)));
   651   00068E  0EA6               	movlw	166
   652   000690                     u237:
   653   000690  2EE8               	decfsz	wreg,f,c
   654   000692  D7FE               	bra	u237
   655   000694  D000               	nop2	
   656   000696                     
   657                           ;clcd.c: 52:     clcd_write(0x01, 0);
   658   000696  0E00               	movlw	0
   659   000698  6E1C               	movwf	clcd_write@control_bit^0,c
   660   00069A  0E01               	movlw	1
   661   00069C  EC24  F004         	call	_clcd_write
   662   0006A0                     
   663                           ;clcd.c: 53:     _delay((unsigned long)((500)*(20000000/4000000.0)));
   664   0006A0  0E04               	movlw	4
   665   0006A2  6E1E               	movwf	??_init_clcd^0,c
   666   0006A4  0E3E               	movlw	62
   667   0006A6                     u247:
   668   0006A6  2EE8               	decfsz	wreg,f,c
   669   0006A8  D7FE               	bra	u247
   670   0006AA  2E1E               	decfsz	??_init_clcd^0,f,c
   671   0006AC  D7FC               	bra	u247
   672   0006AE                     
   673                           ;clcd.c: 54:     clcd_write(0x0C, 0);
   674   0006AE  0E00               	movlw	0
   675   0006B0  6E1C               	movwf	clcd_write@control_bit^0,c
   676   0006B2  0E0C               	movlw	12
   677   0006B4  EC24  F004         	call	_clcd_write
   678   0006B8                     
   679                           ;clcd.c: 55:     _delay((unsigned long)((100)*(20000000/4000000.0)));
   680   0006B8  0EA6               	movlw	166
   681   0006BA                     u257:
   682   0006BA  2EE8               	decfsz	wreg,f,c
   683   0006BC  D7FE               	bra	u257
   684   0006BE  D000               	nop2	
   685   0006C0  0012               	return		;funcret
   686   0006C2                     __end_of_init_clcd:
   687                           	callstack 0
   688                           
   689 ;; *************** function _get_time *****************
   690 ;; Defined at:
   691 ;;		line 34 in file "main.c"
   692 ;; Parameters:    Size  Location     Type
   693 ;;		None
   694 ;; Auto vars:     Size  Location     Type
   695 ;;		None
   696 ;; Return value:  Size  Location     Type
   697 ;;                  1    wreg      void 
   698 ;; Registers used:
   699 ;;		wreg, status,2, status,0, cstack
   700 ;; Tracked objects:
   701 ;;		On entry : 0/0
   702 ;;		On exit  : 0/0
   703 ;;		Unchanged: 0/0
   704 ;; Data sizes:     COMRAM   BANK0   BANK1   BANK2   BANK3   BANK4   BANK5
   705 ;;      Params:         0       0       0       0       0       0       0
   706 ;;      Locals:         0       0       0       0       0       0       0
   707 ;;      Temps:          0       0       0       0       0       0       0
   708 ;;      Totals:         0       0       0       0       0       0       0
   709 ;;Total ram usage:        0 bytes
   710 ;; Hardware stack levels used: 1
   711 ;; Hardware stack levels required when called: 4
   712 ;; This function calls:
   713 ;;		_read_ds1307
   714 ;; This function is called by:
   715 ;;		_main
   716 ;; This function uses a non-reentrant model
   717 ;;
   718                           
   719                           	psect	text6
   720   0006C2                     __ptext6:
   721                           	callstack 0
   722   0006C2                     _get_time:
   723                           	callstack 26
   724   0006C2                     
   725                           ;main.c: 36:  clock_reg[0] = read_ds1307(0x02);
   726   0006C2  0E02               	movlw	2
   727   0006C4  EC41  F004         	call	_read_ds1307
   728   0006C8  6E05               	movwf	_clock_reg^0,c
   729                           
   730                           ;main.c: 37:  clock_reg[1] = read_ds1307(0x01);
   731   0006CA  0E01               	movlw	1
   732   0006CC  EC41  F004         	call	_read_ds1307
   733   0006D0  6E06               	movwf	(_clock_reg+1)^0,c
   734                           
   735                           ;main.c: 38:  clock_reg[2] = read_ds1307(0x00);
   736   0006D2  0E00               	movlw	0
   737   0006D4  EC41  F004         	call	_read_ds1307
   738   0006D8  6E07               	movwf	(_clock_reg+2)^0,c
   739   0006DA                     
   740                           ;main.c: 40:  if (clock_reg[0] & 0x40)
   741   0006DA  AC05               	btfss	_clock_reg^0,6,c
   742   0006DC  EF72  F003         	goto	u101
   743   0006E0  EF74  F003         	goto	u100
   744   0006E4                     u101:
   745   0006E4  EF7F  F003         	goto	l1002
   746   0006E8                     u100:
   747   0006E8                     
   748                           ;main.c: 41:  {;main.c: 42:   time[0] = '0' + ((clock_reg[0] >> 4) & 0x01);
   749   0006E8  3805               	swapf	_clock_reg^0,w,c
   750   0006EA  0B0F               	andlw	15
   751   0006EC  0B01               	andlw	1
   752   0006EE  0F30               	addlw	48
   753   0006F0  6E13               	movwf	_time^0,c
   754                           
   755                           ;main.c: 43:   time[1] = '0' + (clock_reg[0] & 0x0F);
   756   0006F2  5005               	movf	_clock_reg^0,w,c
   757   0006F4  0B0F               	andlw	15
   758   0006F6  0F30               	addlw	48
   759   0006F8  6E14               	movwf	(_time+1)^0,c
   760                           
   761                           ;main.c: 44:  }
   762   0006FA  EF88  F003         	goto	l1004
   763   0006FE                     l1002:
   764                           
   765                           ;main.c: 46:  {;main.c: 47:   time[0] = '0' + ((clock_reg[0] >> 4) & 0x03);
   766   0006FE  3805               	swapf	_clock_reg^0,w,c
   767   000700  0B0F               	andlw	15
   768   000702  0B03               	andlw	3
   769   000704  0F30               	addlw	48
   770   000706  6E13               	movwf	_time^0,c
   771                           
   772                           ;main.c: 48:   time[1] = '0' + (clock_reg[0] & 0x0F);
   773   000708  5005               	movf	_clock_reg^0,w,c
   774   00070A  0B0F               	andlw	15
   775   00070C  0F30               	addlw	48
   776   00070E  6E14               	movwf	(_time+1)^0,c
   777   000710                     l1004:
   778                           
   779                           ;main.c: 50:  time[2] = ':';
   780   000710  0E3A               	movlw	58
   781   000712  6E15               	movwf	(_time+2)^0,c
   782   000714                     
   783                           ;main.c: 51:  time[3] = '0' + ((clock_reg[1] >> 4) & 0x0F);
   784   000714  3806               	swapf	(_clock_reg+1)^0,w,c
   785   000716  0B0F               	andlw	15
   786   000718  0B0F               	andlw	15
   787   00071A  0F30               	addlw	48
   788   00071C  6E16               	movwf	(_time+3)^0,c
   789   00071E                     
   790                           ;main.c: 52:  time[4] = '0' + (clock_reg[1] & 0x0F);
   791   00071E  5006               	movf	(_clock_reg+1)^0,w,c
   792   000720  0B0F               	andlw	15
   793   000722  0F30               	addlw	48
   794   000724  6E17               	movwf	(_time+4)^0,c
   795   000726                     
   796                           ;main.c: 53:  time[5] = ':';
   797   000726  0E3A               	movlw	58
   798   000728  6E18               	movwf	(_time+5)^0,c
   799                           
   800                           ;main.c: 54:  time[6] = '0' + ((clock_reg[2] >> 4) & 0x0F);
   801   00072A  3807               	swapf	(_clock_reg+2)^0,w,c
   802   00072C  0B0F               	andlw	15
   803   00072E  0B0F               	andlw	15
   804   000730  0F30               	addlw	48
   805   000732  6E19               	movwf	(_time+6)^0,c
   806                           
   807                           ;main.c: 55:  time[7] = '0' + (clock_reg[2] & 0x0F);
   808   000734  5007               	movf	(_clock_reg+2)^0,w,c
   809   000736  0B0F               	andlw	15
   810   000738  0F30               	addlw	48
   811   00073A  6E1A               	movwf	(_time+7)^0,c
   812   00073C                     
   813                           ;main.c: 56:  time[8] = '\0';
   814   00073C  0E00               	movlw	0
   815   00073E  6E1B               	movwf	(_time+8)^0,c
   816   000740  0012               	return		;funcret
   817   000742                     __end_of_get_time:
   818                           	callstack 0
   819                           
   820 ;; *************** function _read_ds1307 *****************
   821 ;; Defined at:
   822 ;;		line 55 in file "ds1307.c"
   823 ;; Parameters:    Size  Location     Type
   824 ;;  address         1    wreg     unsigned char 
   825 ;; Auto vars:     Size  Location     Type
   826 ;;  address         1    1[COMRAM] unsigned char 
   827 ;;  data            1    2[COMRAM] unsigned char 
   828 ;; Return value:  Size  Location     Type
   829 ;;                  1    wreg      unsigned char 
   830 ;; Registers used:
   831 ;;		wreg, status,2, cstack
   832 ;; Tracked objects:
   833 ;;		On entry : 0/0
   834 ;;		On exit  : 0/0
   835 ;;		Unchanged: 0/0
   836 ;; Data sizes:     COMRAM   BANK0   BANK1   BANK2   BANK3   BANK4   BANK5
   837 ;;      Params:         0       0       0       0       0       0       0
   838 ;;      Locals:         2       0       0       0       0       0       0
   839 ;;      Temps:          0       0       0       0       0       0       0
   840 ;;      Totals:         2       0       0       0       0       0       0
   841 ;;Total ram usage:        2 bytes
   842 ;; Hardware stack levels used: 1
   843 ;; Hardware stack levels required when called: 3
   844 ;; This function calls:
   845 ;;		_i2c_read
   846 ;;		_i2c_rep_start
   847 ;;		_i2c_start
   848 ;;		_i2c_stop
   849 ;;		_i2c_write
   850 ;; This function is called by:
   851 ;;		_get_time
   852 ;;		_init_ds1307
   853 ;;		_get_date
   854 ;; This function uses a non-reentrant model
   855 ;;
   856                           
   857                           	psect	text7
   858   000882                     __ptext7:
   859                           	callstack 0
   860   000882                     _read_ds1307:
   861                           	callstack 25
   862                           
   863                           ;incstack = 0
   864                           ;read_ds1307@address stored from wreg
   865   000882  6E1D               	movwf	read_ds1307@address^0,c
   866   000884                     
   867                           ;ds1307.c: 55: unsigned char read_ds1307(unsigned char address);ds1307.c: 56: {;ds1307.c
      +                          : 57:  unsigned char data;;ds1307.c: 59:  i2c_start();
   868   000884  ECAD  F004         	call	_i2c_start	;wreg free
   869   000888                     
   870                           ;ds1307.c: 60:  i2c_write(0xD0);
   871   000888  0ED0               	movlw	208
   872   00088A  EC9D  F004         	call	_i2c_write
   873   00088E                     
   874                           ;ds1307.c: 61:  i2c_write(address);
   875   00088E  501D               	movf	read_ds1307@address^0,w,c
   876   000890  EC9D  F004         	call	_i2c_write
   877   000894                     
   878                           ;ds1307.c: 62:  i2c_rep_start();
   879   000894  ECB1  F004         	call	_i2c_rep_start	;wreg free
   880   000898                     
   881                           ;ds1307.c: 63:  i2c_write(0xD1);
   882   000898  0ED1               	movlw	209
   883   00089A  EC9D  F004         	call	_i2c_write
   884                           
   885                           ;ds1307.c: 64:  data = i2c_read();
   886   00089E  ECA3  F004         	call	_i2c_read	;wreg free
   887   0008A2  6E1E               	movwf	read_ds1307@data^0,c
   888   0008A4                     
   889                           ;ds1307.c: 65:  i2c_stop();
   890   0008A4  ECA9  F004         	call	_i2c_stop	;wreg free
   891                           
   892                           ;ds1307.c: 67:  return data;
   893   0008A8  501E               	movf	read_ds1307@data^0,w,c
   894   0008AA  0012               	return		;funcret
   895   0008AC                     __end_of_read_ds1307:
   896                           	callstack 0
   897                           
   898 ;; *************** function _i2c_write *****************
   899 ;; Defined at:
   900 ;;		line 55 in file "i2c.c"
   901 ;; Parameters:    Size  Location     Type
   902 ;;  data            1    wreg     unsigned char 
   903 ;; Auto vars:     Size  Location     Type
   904 ;;  data            1    0[COMRAM] unsigned char 
   905 ;; Return value:  Size  Location     Type
   906 ;;                  1    wreg      void 
   907 ;; Registers used:
   908 ;;		wreg, cstack
   909 ;; Tracked objects:
   910 ;;		On entry : 0/0
   911 ;;		On exit  : 0/0
   912 ;;		Unchanged: 0/0
   913 ;; Data sizes:     COMRAM   BANK0   BANK1   BANK2   BANK3   BANK4   BANK5
   914 ;;      Params:         0       0       0       0       0       0       0
   915 ;;      Locals:         1       0       0       0       0       0       0
   916 ;;      Temps:          0       0       0       0       0       0       0
   917 ;;      Totals:         1       0       0       0       0       0       0
   918 ;;Total ram usage:        1 bytes
   919 ;; Hardware stack levels used: 1
   920 ;; Hardware stack levels required when called: 1
   921 ;; This function calls:
   922 ;;		_i2c_idle
   923 ;; This function is called by:
   924 ;;		_write_ds1307
   925 ;;		_read_ds1307
   926 ;; This function uses a non-reentrant model
   927 ;;
   928                           
   929                           	psect	text8
   930   00093A                     __ptext8:
   931                           	callstack 0
   932   00093A                     _i2c_write:
   933                           	callstack 26
   934                           
   935                           ;incstack = 0
   936                           ;i2c_write@data stored from wreg
   937   00093A  6E1C               	movwf	i2c_write@data^0,c
   938   00093C                     
   939                           ;i2c.c: 55: void i2c_write(unsigned char data);i2c.c: 56: {;i2c.c: 57:  SSPBUF = data;
   940   00093C  C01C  FFC9         	movff	i2c_write@data,4041	;volatile
   941   000940                     
   942                           ;i2c.c: 58:  i2c_idle();
   943   000940  EC94  F004         	call	_i2c_idle	;wreg free
   944   000944  0012               	return		;funcret
   945   000946                     __end_of_i2c_write:
   946                           	callstack 0
   947                           
   948 ;; *************** function _i2c_stop *****************
   949 ;; Defined at:
   950 ;;		line 43 in file "i2c.c"
   951 ;; Parameters:    Size  Location     Type
   952 ;;		None
   953 ;; Auto vars:     Size  Location     Type
   954 ;;		None
   955 ;; Return value:  Size  Location     Type
   956 ;;                  1    wreg      void 
   957 ;; Registers used:
   958 ;;		cstack
   959 ;; Tracked objects:
   960 ;;		On entry : 0/0
   961 ;;		On exit  : 0/0
   962 ;;		Unchanged: 0/0
   963 ;; Data sizes:     COMRAM   BANK0   BANK1   BANK2   BANK3   BANK4   BANK5
   964 ;;      Params:         0       0       0       0       0       0       0
   965 ;;      Locals:         0       0       0       0       0       0       0
   966 ;;      Temps:          0       0       0       0       0       0       0
   967 ;;      Totals:         0       0       0       0       0       0       0
   968 ;;Total ram usage:        0 bytes
   969 ;; Hardware stack levels used: 1
   970 ;; Hardware stack levels required when called: 1
   971 ;; This function calls:
   972 ;;		_i2c_idle
   973 ;; This function is called by:
   974 ;;		_write_ds1307
   975 ;;		_read_ds1307
   976 ;; This function uses a non-reentrant model
   977 ;;
   978                           
   979                           	psect	text9
   980   000952                     __ptext9:
   981                           	callstack 0
   982   000952                     _i2c_stop:
   983                           	callstack 26
   984   000952                     
   985                           ;i2c.c: 45:  PEN = 1;
   986   000952  84C5               	bsf	4037,2,c	;volatile
   987   000954                     
   988                           ;i2c.c: 46:  i2c_idle();
   989   000954  EC94  F004         	call	_i2c_idle	;wreg free
   990   000958  0012               	return		;funcret
   991   00095A                     __end_of_i2c_stop:
   992                           	callstack 0
   993                           
   994 ;; *************** function _i2c_start *****************
   995 ;; Defined at:
   996 ;;		line 37 in file "i2c.c"
   997 ;; Parameters:    Size  Location     Type
   998 ;;		None
   999 ;; Auto vars:     Size  Location     Type
  1000 ;;		None
  1001 ;; Return value:  Size  Location     Type
  1002 ;;                  1    wreg      void 
  1003 ;; Registers used:
  1004 ;;		cstack
  1005 ;; Tracked objects:
  1006 ;;		On entry : 0/0
  1007 ;;		On exit  : 0/0
  1008 ;;		Unchanged: 0/0
  1009 ;; Data sizes:     COMRAM   BANK0   BANK1   BANK2   BANK3   BANK4   BANK5
  1010 ;;      Params:         0       0       0       0       0       0       0
  1011 ;;      Locals:         0       0       0       0       0       0       0
  1012 ;;      Temps:          0       0       0       0       0       0       0
  1013 ;;      Totals:         0       0       0       0       0       0       0
  1014 ;;Total ram usage:        0 bytes
  1015 ;; Hardware stack levels used: 1
  1016 ;; Hardware stack levels required when called: 1
  1017 ;; This function calls:
  1018 ;;		_i2c_idle
  1019 ;; This function is called by:
  1020 ;;		_write_ds1307
  1021 ;;		_read_ds1307
  1022 ;; This function uses a non-reentrant model
  1023 ;;
  1024                           
  1025                           	psect	text10
  1026   00095A                     __ptext10:
  1027                           	callstack 0
  1028   00095A                     _i2c_start:
  1029                           	callstack 26
  1030   00095A                     
  1031                           ;i2c.c: 39:  SEN = 1;
  1032   00095A  80C5               	bsf	4037,0,c	;volatile
  1033   00095C                     
  1034                           ;i2c.c: 40:  i2c_idle();
  1035   00095C  EC94  F004         	call	_i2c_idle	;wreg free
  1036   000960  0012               	return		;funcret
  1037   000962                     __end_of_i2c_start:
  1038                           	callstack 0
  1039                           
  1040 ;; *************** function _i2c_rep_start *****************
  1041 ;; Defined at:
  1042 ;;		line 49 in file "i2c.c"
  1043 ;; Parameters:    Size  Location     Type
  1044 ;;		None
  1045 ;; Auto vars:     Size  Location     Type
  1046 ;;		None
  1047 ;; Return value:  Size  Location     Type
  1048 ;;                  1    wreg      void 
  1049 ;; Registers used:
  1050 ;;		cstack
  1051 ;; Tracked objects:
  1052 ;;		On entry : 0/0
  1053 ;;		On exit  : 0/0
  1054 ;;		Unchanged: 0/0
  1055 ;; Data sizes:     COMRAM   BANK0   BANK1   BANK2   BANK3   BANK4   BANK5
  1056 ;;      Params:         0       0       0       0       0       0       0
  1057 ;;      Locals:         0       0       0       0       0       0       0
  1058 ;;      Temps:          0       0       0       0       0       0       0
  1059 ;;      Totals:         0       0       0       0       0       0       0
  1060 ;;Total ram usage:        0 bytes
  1061 ;; Hardware stack levels used: 1
  1062 ;; Hardware stack levels required when called: 1
  1063 ;; This function calls:
  1064 ;;		_i2c_idle
  1065 ;; This function is called by:
  1066 ;;		_read_ds1307
  1067 ;; This function uses a non-reentrant model
  1068 ;;
  1069                           
  1070                           	psect	text11
  1071   000962                     __ptext11:
  1072                           	callstack 0
  1073   000962                     _i2c_rep_start:
  1074                           	callstack 26
  1075   000962                     
  1076                           ;i2c.c: 51:  RSEN = 1;
  1077   000962  82C5               	bsf	4037,1,c	;volatile
  1078   000964                     
  1079                           ;i2c.c: 52:  i2c_idle();
  1080   000964  EC94  F004         	call	_i2c_idle	;wreg free
  1081   000968  0012               	return		;funcret
  1082   00096A                     __end_of_i2c_rep_start:
  1083                           	callstack 0
  1084                           
  1085 ;; *************** function _i2c_read *****************
  1086 ;; Defined at:
  1087 ;;		line 73 in file "i2c.c"
  1088 ;; Parameters:    Size  Location     Type
  1089 ;;		None
  1090 ;; Auto vars:     Size  Location     Type
  1091 ;;		None
  1092 ;; Return value:  Size  Location     Type
  1093 ;;                  1    wreg      unsigned char 
  1094 ;; Registers used:
  1095 ;;		wreg, status,2, cstack
  1096 ;; Tracked objects:
  1097 ;;		On entry : 0/0
  1098 ;;		On exit  : 0/0
  1099 ;;		Unchanged: 0/0
  1100 ;; Data sizes:     COMRAM   BANK0   BANK1   BANK2   BANK3   BANK4   BANK5
  1101 ;;      Params:         0       0       0       0       0       0       0
  1102 ;;      Locals:         0       0       0       0       0       0       0
  1103 ;;      Temps:          0       0       0       0       0       0       0
  1104 ;;      Totals:         0       0       0       0       0       0       0
  1105 ;;Total ram usage:        0 bytes
  1106 ;; Hardware stack levels used: 1
  1107 ;; Hardware stack levels required when called: 2
  1108 ;; This function calls:
  1109 ;;		_i2c_no_ack
  1110 ;;		_i2c_rx_mode
  1111 ;; This function is called by:
  1112 ;;		_read_ds1307
  1113 ;; This function uses a non-reentrant model
  1114 ;;
  1115                           
  1116                           	psect	text12
  1117   000946                     __ptext12:
  1118                           	callstack 0
  1119   000946                     _i2c_read:
  1120                           	callstack 25
  1121   000946                     
  1122                           ;i2c.c: 75:  i2c_rx_mode();
  1123   000946  ECB5  F004         	call	_i2c_rx_mode	;wreg free
  1124                           
  1125                           ;i2c.c: 76:  i2c_no_ack();
  1126   00094A  ECB9  F004         	call	_i2c_no_ack	;wreg free
  1127   00094E                     
  1128                           ;i2c.c: 78:  return SSPBUF;
  1129   00094E  50C9               	movf	201,w,c	;volatile
  1130   000950  0012               	return		;funcret
  1131   000952                     __end_of_i2c_read:
  1132                           	callstack 0
  1133                           
  1134 ;; *************** function _i2c_rx_mode *****************
  1135 ;; Defined at:
  1136 ;;		line 61 in file "i2c.c"
  1137 ;; Parameters:    Size  Location     Type
  1138 ;;		None
  1139 ;; Auto vars:     Size  Location     Type
  1140 ;;		None
  1141 ;; Return value:  Size  Location     Type
  1142 ;;                  1    wreg      void 
  1143 ;; Registers used:
  1144 ;;		cstack
  1145 ;; Tracked objects:
  1146 ;;		On entry : 0/0
  1147 ;;		On exit  : 0/0
  1148 ;;		Unchanged: 0/0
  1149 ;; Data sizes:     COMRAM   BANK0   BANK1   BANK2   BANK3   BANK4   BANK5
  1150 ;;      Params:         0       0       0       0       0       0       0
  1151 ;;      Locals:         0       0       0       0       0       0       0
  1152 ;;      Temps:          0       0       0       0       0       0       0
  1153 ;;      Totals:         0       0       0       0       0       0       0
  1154 ;;Total ram usage:        0 bytes
  1155 ;; Hardware stack levels used: 1
  1156 ;; Hardware stack levels required when called: 1
  1157 ;; This function calls:
  1158 ;;		_i2c_idle
  1159 ;; This function is called by:
  1160 ;;		_i2c_read
  1161 ;; This function uses a non-reentrant model
  1162 ;;
  1163                           
  1164                           	psect	text13
  1165   00096A                     __ptext13:
  1166                           	callstack 0
  1167   00096A                     _i2c_rx_mode:
  1168                           	callstack 25
  1169   00096A                     
  1170                           ;i2c.c: 63:  RCEN = 1;
  1171   00096A  86C5               	bsf	4037,3,c	;volatile
  1172   00096C                     
  1173                           ;i2c.c: 64:  i2c_idle();
  1174   00096C  EC94  F004         	call	_i2c_idle	;wreg free
  1175   000970  0012               	return		;funcret
  1176   000972                     __end_of_i2c_rx_mode:
  1177                           	callstack 0
  1178                           
  1179 ;; *************** function _i2c_idle *****************
  1180 ;; Defined at:
  1181 ;;		line 23 in file "i2c.c"
  1182 ;; Parameters:    Size  Location     Type
  1183 ;;		None
  1184 ;; Auto vars:     Size  Location     Type
  1185 ;;		None
  1186 ;; Return value:  Size  Location     Type
  1187 ;;                  1    wreg      void 
  1188 ;; Registers used:
  1189 ;;		None
  1190 ;; Tracked objects:
  1191 ;;		On entry : 0/0
  1192 ;;		On exit  : 0/0
  1193 ;;		Unchanged: 0/0
  1194 ;; Data sizes:     COMRAM   BANK0   BANK1   BANK2   BANK3   BANK4   BANK5
  1195 ;;      Params:         0       0       0       0       0       0       0
  1196 ;;      Locals:         0       0       0       0       0       0       0
  1197 ;;      Temps:          0       0       0       0       0       0       0
  1198 ;;      Totals:         0       0       0       0       0       0       0
  1199 ;;Total ram usage:        0 bytes
  1200 ;; Hardware stack levels used: 1
  1201 ;; This function calls:
  1202 ;;		Nothing
  1203 ;; This function is called by:
  1204 ;;		_i2c_start
  1205 ;;		_i2c_stop
  1206 ;;		_i2c_rep_start
  1207 ;;		_i2c_write
  1208 ;;		_i2c_rx_mode
  1209 ;; This function uses a non-reentrant model
  1210 ;;
  1211                           
  1212                           	psect	text14
  1213   000928                     __ptext14:
  1214                           	callstack 0
  1215   000928                     _i2c_idle:
  1216                           	callstack 26
  1217   000928                     l84:
  1218   000928  A69E               	btfss	3998,3,c	;volatile
  1219   00092A  EF99  F004         	goto	u11
  1220   00092E  EF9B  F004         	goto	u10
  1221   000932                     u11:
  1222   000932  EF94  F004         	goto	l84
  1223   000936                     u10:
  1224   000936                     
  1225                           ;i2c.c: 26:  SSPIF = 0;
  1226   000936  969E               	bcf	3998,3,c	;volatile
  1227   000938  0012               	return		;funcret
  1228   00093A                     __end_of_i2c_idle:
  1229                           	callstack 0
  1230                           
  1231 ;; *************** function _i2c_no_ack *****************
  1232 ;; Defined at:
  1233 ;;		line 67 in file "i2c.c"
  1234 ;; Parameters:    Size  Location     Type
  1235 ;;		None
  1236 ;; Auto vars:     Size  Location     Type
  1237 ;;		None
  1238 ;; Return value:  Size  Location     Type
  1239 ;;                  1    wreg      void 
  1240 ;; Registers used:
  1241 ;;		None
  1242 ;; Tracked objects:
  1243 ;;		On entry : 0/0
  1244 ;;		On exit  : 0/0
  1245 ;;		Unchanged: 0/0
  1246 ;; Data sizes:     COMRAM   BANK0   BANK1   BANK2   BANK3   BANK4   BANK5
  1247 ;;      Params:         0       0       0       0       0       0       0
  1248 ;;      Locals:         0       0       0       0       0       0       0
  1249 ;;      Temps:          0       0       0       0       0       0       0
  1250 ;;      Totals:         0       0       0       0       0       0       0
  1251 ;;Total ram usage:        0 bytes
  1252 ;; Hardware stack levels used: 1
  1253 ;; This function calls:
  1254 ;;		Nothing
  1255 ;; This function is called by:
  1256 ;;		_i2c_read
  1257 ;; This function uses a non-reentrant model
  1258 ;;
  1259                           
  1260                           	psect	text15
  1261   000972                     __ptext15:
  1262                           	callstack 0
  1263   000972                     _i2c_no_ack:
  1264                           	callstack 26
  1265   000972                     
  1266                           ;i2c.c: 69:  ACKDT = 1;
  1267   000972  8AC5               	bsf	4037,5,c	;volatile
  1268                           
  1269                           ;i2c.c: 70:  ACKEN = 1;
  1270   000974  88C5               	bsf	4037,4,c	;volatile
  1271   000976  0012               	return		;funcret
  1272   000978                     __end_of_i2c_no_ack:
  1273                           	callstack 0
  1274                           
  1275 ;; *************** function _display_time *****************
  1276 ;; Defined at:
  1277 ;;		line 17 in file "main.c"
  1278 ;; Parameters:    Size  Location     Type
  1279 ;;		None
  1280 ;; Auto vars:     Size  Location     Type
  1281 ;;		None
  1282 ;; Return value:  Size  Location     Type
  1283 ;;                  1    wreg      void 
  1284 ;; Registers used:
  1285 ;;		wreg, fsr0l, fsr0h, status,2, status,0, tblptrl, tblptrh, tblptru, cstack
  1286 ;; Tracked objects:
  1287 ;;		On entry : 0/0
  1288 ;;		On exit  : 0/0
  1289 ;;		Unchanged: 0/0
  1290 ;; Data sizes:     COMRAM   BANK0   BANK1   BANK2   BANK3   BANK4   BANK5
  1291 ;;      Params:         0       0       0       0       0       0       0
  1292 ;;      Locals:         0       0       0       0       0       0       0
  1293 ;;      Temps:          0       0       0       0       0       0       0
  1294 ;;      Totals:         0       0       0       0       0       0       0
  1295 ;;Total ram usage:        0 bytes
  1296 ;; Hardware stack levels used: 1
  1297 ;; Hardware stack levels required when called: 2
  1298 ;; This function calls:
  1299 ;;		_clcd_print
  1300 ;; This function is called by:
  1301 ;;		_main
  1302 ;; This function uses a non-reentrant model
  1303 ;;
  1304                           
  1305                           	psect	text16
  1306   0007AE                     __ptext16:
  1307                           	callstack 0
  1308   0007AE                     _display_time:
  1309                           	callstack 28
  1310   0007AE                     
  1311                           ;main.c: 19:  clcd_print(time, (0xC0 + (2)));
  1312   0007AE  0E13               	movlw	low _time
  1313   0007B0  6E1E               	movwf	clcd_print@data^0,c
  1314   0007B2  0E00               	movlw	high _time
  1315   0007B4  6E1F               	movwf	(clcd_print@data+1)^0,c
  1316   0007B6  0EC2               	movlw	194
  1317   0007B8  6E20               	movwf	clcd_print@addr^0,c
  1318   0007BA  ECA1  F003         	call	_clcd_print	;wreg free
  1319   0007BE                     
  1320                           ;main.c: 21:  if (clock_reg[0] & 0x40)
  1321   0007BE  AC05               	btfss	_clock_reg^0,6,c
  1322   0007C0  EFE4  F003         	goto	u171
  1323   0007C4  EFE6  F003         	goto	u170
  1324   0007C8                     u171:
  1325   0007C8  EFFF  F003         	goto	l27
  1326   0007CC                     u170:
  1327   0007CC                     
  1328                           ;main.c: 22:  {;main.c: 23:   if (clock_reg[0] & 0x20)
  1329   0007CC  AA05               	btfss	_clock_reg^0,5,c
  1330   0007CE  EFEB  F003         	goto	u181
  1331   0007D2  EFED  F003         	goto	u180
  1332   0007D6                     u181:
  1333   0007D6  EFF7  F003         	goto	l1150
  1334   0007DA                     u180:
  1335   0007DA                     
  1336                           ;main.c: 24:   {;main.c: 25:    clcd_print("PM", (0xC0 + (12)));
  1337   0007DA  0E15               	movlw	low STR_1
  1338   0007DC  6E1E               	movwf	clcd_print@data^0,c
  1339   0007DE  0E06               	movlw	high STR_1
  1340   0007E0  6E1F               	movwf	(clcd_print@data+1)^0,c
  1341   0007E2  0ECC               	movlw	204
  1342   0007E4  6E20               	movwf	clcd_print@addr^0,c
  1343   0007E6  ECA1  F003         	call	_clcd_print	;wreg free
  1344                           
  1345                           ;main.c: 26:   }
  1346   0007EA  EFFF  F003         	goto	l27
  1347   0007EE                     l1150:
  1348                           
  1349                           ;main.c: 28:   {;main.c: 29:    clcd_print("AM", (0xC0 + (12)));
  1350   0007EE  0E12               	movlw	low STR_2
  1351   0007F0  6E1E               	movwf	clcd_print@data^0,c
  1352   0007F2  0E06               	movlw	high STR_2
  1353   0007F4  6E1F               	movwf	(clcd_print@data+1)^0,c
  1354   0007F6  0ECC               	movlw	204
  1355   0007F8  6E20               	movwf	clcd_print@addr^0,c
  1356   0007FA  ECA1  F003         	call	_clcd_print	;wreg free
  1357   0007FE                     l27:
  1358   0007FE  0012               	return		;funcret
  1359   000800                     __end_of_display_time:
  1360                           	callstack 0
  1361                           
  1362 ;; *************** function _clcd_print *****************
  1363 ;; Defined at:
  1364 ;;		line 58 in file "clcd.c"
  1365 ;; Parameters:    Size  Location     Type
  1366 ;;  data            2    2[COMRAM] PTR const unsigned char 
  1367 ;;		 -> STR_3(17), STR_2(3), STR_1(3), time(9), 
  1368 ;;		 -> date(11), 
  1369 ;;  addr            1    4[COMRAM] unsigned char 
  1370 ;; Auto vars:     Size  Location     Type
  1371 ;;		None
  1372 ;; Return value:  Size  Location     Type
  1373 ;;                  1    wreg      void 
  1374 ;; Registers used:
  1375 ;;		wreg, fsr0l, fsr0h, status,2, status,0, tblptrl, tblptrh, tblptru, cstack
  1376 ;; Tracked objects:
  1377 ;;		On entry : 0/0
  1378 ;;		On exit  : 0/0
  1379 ;;		Unchanged: 0/0
  1380 ;; Data sizes:     COMRAM   BANK0   BANK1   BANK2   BANK3   BANK4   BANK5
  1381 ;;      Params:         3       0       0       0       0       0       0
  1382 ;;      Locals:         0       0       0       0       0       0       0
  1383 ;;      Temps:          0       0       0       0       0       0       0
  1384 ;;      Totals:         3       0       0       0       0       0       0
  1385 ;;Total ram usage:        3 bytes
  1386 ;; Hardware stack levels used: 1
  1387 ;; Hardware stack levels required when called: 1
  1388 ;; This function calls:
  1389 ;;		_clcd_write
  1390 ;; This function is called by:
  1391 ;;		_display_time
  1392 ;;		_init_config
  1393 ;;		_display_date
  1394 ;; This function uses a non-reentrant model
  1395 ;;
  1396                           
  1397                           	psect	text17
  1398   000742                     __ptext17:
  1399                           	callstack 0
  1400   000742                     _clcd_print:
  1401                           	callstack 28
  1402   000742                     
  1403                           ;clcd.c: 58: void clcd_print(const unsigned char *data, unsigned char addr);clcd.c: 59: 
      +                          {;clcd.c: 60:  clcd_write(addr, 0);
  1404   000742  0E00               	movlw	0
  1405   000744  6E1C               	movwf	clcd_write@control_bit^0,c
  1406   000746  5020               	movf	clcd_print@addr^0,w,c
  1407   000748  EC24  F004         	call	_clcd_write
  1408                           
  1409                           ;clcd.c: 61:  while (*data != '\0')
  1410   00074C  EFBE  F003         	goto	l1094
  1411   000750                     l1090:
  1412                           
  1413                           ;clcd.c: 62:  {;clcd.c: 63:   clcd_write(*data++, 1);
  1414   000750  0E01               	movlw	1
  1415   000752  6E1C               	movwf	clcd_write@control_bit^0,c
  1416   000754  C01E  FFF6         	movff	clcd_print@data,tblptrl
  1417   000758  C01F  FFF7         	movff	clcd_print@data+1,tblptrh
  1418   00075C  6AF8               	clrf	tblptru,c
  1419   00075E  0E05               	movlw	(high __ramtop+-1)
  1420   000760  64F7               	cpfsgt	tblptrh,c
  1421   000762  D003               	bra	u147
  1422   000764  0008               	tblrd		*
  1423   000766  50F5               	movf	tablat,w,c
  1424   000768  D005               	bra	u140
  1425   00076A                     u147:
  1426   00076A  CFF6 FFE9          	movff	tblptrl,fsr0l
  1427   00076E  CFF7 FFEA          	movff	tblptrh,fsr0h
  1428   000772  50EF               	movf	indf0,w,c
  1429   000774                     u140:
  1430   000774  EC24  F004         	call	_clcd_write
  1431   000778  4A1E               	infsnz	clcd_print@data^0,f,c
  1432   00077A  2A1F               	incf	(clcd_print@data+1)^0,f,c
  1433   00077C                     l1094:
  1434                           
  1435                           ;clcd.c: 61:  while (*data != '\0')
  1436   00077C  C01E  FFF6         	movff	clcd_print@data,tblptrl
  1437   000780  C01F  FFF7         	movff	clcd_print@data+1,tblptrh
  1438   000784  6AF8               	clrf	tblptru,c
  1439   000786  0E05               	movlw	(high __ramtop+-1)
  1440   000788  64F7               	cpfsgt	tblptrh,c
  1441   00078A  D003               	bra	u157
  1442   00078C  0008               	tblrd		*
  1443   00078E  50F5               	movf	tablat,w,c
  1444   000790  D005               	bra	u150
  1445   000792                     u157:
  1446   000792  CFF6 FFE9          	movff	tblptrl,fsr0l
  1447   000796  CFF7 FFEA          	movff	tblptrh,fsr0h
  1448   00079A  50EF               	movf	indf0,w,c
  1449   00079C                     u150:
  1450   00079C  0900               	iorlw	0
  1451   00079E  A4D8               	btfss	status,2,c
  1452   0007A0  EFD4  F003         	goto	u161
  1453   0007A4  EFD6  F003         	goto	u160
  1454   0007A8                     u161:
  1455   0007A8  EFA8  F003         	goto	l1090
  1456   0007AC                     u160:
  1457   0007AC  0012               	return		;funcret
  1458   0007AE                     __end_of_clcd_print:
  1459                           	callstack 0
  1460                           
  1461 ;; *************** function _clcd_write *****************
  1462 ;; Defined at:
  1463 ;;		line 4 in file "clcd.c"
  1464 ;; Parameters:    Size  Location     Type
  1465 ;;  byte            1    wreg     unsigned char 
  1466 ;;  control_bit     1    0[COMRAM] unsigned char 
  1467 ;; Auto vars:     Size  Location     Type
  1468 ;;  byte            1    1[COMRAM] unsigned char 
  1469 ;; Return value:  Size  Location     Type
  1470 ;;                  1    wreg      void 
  1471 ;; Registers used:
  1472 ;;		wreg
  1473 ;; Tracked objects:
  1474 ;;		On entry : 0/0
  1475 ;;		On exit  : 0/0
  1476 ;;		Unchanged: 0/0
  1477 ;; Data sizes:     COMRAM   BANK0   BANK1   BANK2   BANK3   BANK4   BANK5
  1478 ;;      Params:         1       0       0       0       0       0       0
  1479 ;;      Locals:         1       0       0       0       0       0       0
  1480 ;;      Temps:          0       0       0       0       0       0       0
  1481 ;;      Totals:         2       0       0       0       0       0       0
  1482 ;;Total ram usage:        2 bytes
  1483 ;; Hardware stack levels used: 1
  1484 ;; This function calls:
  1485 ;;		Nothing
  1486 ;; This function is called by:
  1487 ;;		_init_clcd
  1488 ;;		_clcd_print
  1489 ;;		_clcd_putch
  1490 ;; This function uses a non-reentrant model
  1491 ;;
  1492                           
  1493                           	psect	text18
  1494   000848                     __ptext18:
  1495                           	callstack 0
  1496   000848                     _clcd_write:
  1497                           	callstack 28
  1498                           
  1499                           ;incstack = 0
  1500                           ;clcd_write@byte stored from wreg
  1501   000848  6E1D               	movwf	clcd_write@byte^0,c
  1502   00084A                     
  1503                           ;clcd.c: 4: void clcd_write(unsigned char byte, unsigned char control_bit);clcd.c: 5: {;
      +                          clcd.c: 6:  RC1 = control_bit;
  1504   00084A  B01C               	btfsc	clcd_write@control_bit^0,0,c
  1505   00084C  EF2A  F004         	goto	u111
  1506   000850  EF2D  F004         	goto	u110
  1507   000854                     u111:
  1508   000854  8282               	bsf	3970,1,c	;volatile
  1509   000856  EF2E  F004         	goto	u125
  1510   00085A                     u110:
  1511   00085A  9282               	bcf	3970,1,c	;volatile
  1512   00085C                     u125:
  1513   00085C                     
  1514                           ;clcd.c: 7:  PORTD = byte;
  1515   00085C  C01D  FF83         	movff	clcd_write@byte,3971	;volatile
  1516   000860                     
  1517                           ;clcd.c: 10:  RC2 = 1;
  1518   000860  8482               	bsf	3970,2,c	;volatile
  1519   000862                     
  1520                           ;clcd.c: 11:  RC2 = 0;
  1521   000862  9482               	bcf	3970,2,c	;volatile
  1522   000864                     
  1523                           ;clcd.c: 13:  TRISD7 = 0xFF;
  1524   000864  8E95               	bsf	3989,7,c	;volatile
  1525   000866                     
  1526                           ;clcd.c: 14:  RC0 = 1;
  1527   000866  8082               	bsf	3970,0,c	;volatile
  1528   000868                     
  1529                           ;clcd.c: 15:  RC1 = 0;
  1530   000868  9282               	bcf	3970,1,c	;volatile
  1531   00086A                     l1082:
  1532                           
  1533                           ;clcd.c: 18:  {;clcd.c: 19:   RC2 = 1;
  1534   00086A  8482               	bsf	3970,2,c	;volatile
  1535   00086C                     
  1536                           ;clcd.c: 20:   RC2 = 0;
  1537   00086C  9482               	bcf	3970,2,c	;volatile
  1538   00086E                     
  1539                           ;clcd.c: 21:  } while (RD7);
  1540   00086E  BE83               	btfsc	3971,7,c	;volatile
  1541   000870  EF3C  F004         	goto	u131
  1542   000874  EF3E  F004         	goto	u130
  1543   000878                     u131:
  1544   000878  EF35  F004         	goto	l1082
  1545   00087C                     u130:
  1546   00087C                     
  1547                           ;clcd.c: 23:  RC0 = 0;
  1548   00087C  9082               	bcf	3970,0,c	;volatile
  1549                           
  1550                           ;clcd.c: 24:  TRISD7 = 0x00;
  1551   00087E  9E95               	bcf	3989,7,c	;volatile
  1552   000880  0012               	return		;funcret
  1553   000882                     __end_of_clcd_write:
  1554                           	callstack 0
  1555                           
  1556                           	psect	rparam
  1557   000000                     
  1558                           	psect	idloc
  1559                           
  1560                           ;Config register IDLOC0 @ 0x200000
  1561                           ;	unspecified, using default values
  1562   200000                     	org	2097152
  1563   200000  FF                 	db	255
  1564                           
  1565                           ;Config register IDLOC1 @ 0x200001
  1566                           ;	unspecified, using default values
  1567   200001                     	org	2097153
  1568   200001  FF                 	db	255
  1569                           
  1570                           ;Config register IDLOC2 @ 0x200002
  1571                           ;	unspecified, using default values
  1572   200002                     	org	2097154
  1573   200002  FF                 	db	255
  1574                           
  1575                           ;Config register IDLOC3 @ 0x200003
  1576                           ;	unspecified, using default values
  1577   200003                     	org	2097155
  1578   200003  FF                 	db	255
  1579                           
  1580                           ;Config register IDLOC4 @ 0x200004
  1581                           ;	unspecified, using default values
  1582   200004                     	org	2097156
  1583   200004  FF                 	db	255
  1584                           
  1585                           ;Config register IDLOC5 @ 0x200005
  1586                           ;	unspecified, using default values
  1587   200005                     	org	2097157
  1588   200005  FF                 	db	255
  1589                           
  1590                           ;Config register IDLOC6 @ 0x200006
  1591                           ;	unspecified, using default values
  1592   200006                     	org	2097158
  1593   200006  FF                 	db	255
  1594                           
  1595                           ;Config register IDLOC7 @ 0x200007
  1596                           ;	unspecified, using default values
  1597   200007                     	org	2097159
  1598   200007  FF                 	db	255
  1599                           
  1600                           	psect	config
  1601                           
  1602                           ; Padding undefined space
  1603   300000                     	org	3145728
  1604   300000  FF                 	db	255
  1605                           
  1606                           ;Config register CONFIG1H @ 0x300001
  1607                           ;	unspecified, using default values
  1608                           ;	Oscillator Selection bits
  1609                           ;	OSC = 0x7, unprogrammed default
  1610                           ;	Fail-Safe Clock Monitor Enable bit
  1611                           ;	FCMEN = 0x0, unprogrammed default
  1612                           ;	Internal/External Oscillator Switchover bit
  1613                           ;	IESO = 0x0, unprogrammed default
  1614   300001                     	org	3145729
  1615   300001  07                 	db	7
  1616                           
  1617                           ;Config register CONFIG2L @ 0x300002
  1618                           ;	unspecified, using default values
  1619                           ;	Power-up Timer Enable bit
  1620                           ;	PWRT = 0x1, unprogrammed default
  1621                           ;	Brown-out Reset Enable bits
  1622                           ;	BOREN = 0x3, unprogrammed default
  1623                           ;	Brown-out Reset Voltage bits
  1624                           ;	BORV = 0x3, unprogrammed default
  1625   300002                     	org	3145730
  1626   300002  1F                 	db	31
  1627                           
  1628                           ;Config register CONFIG2H @ 0x300003
  1629                           ;	unspecified, using default values
  1630                           ;	Watchdog Timer Enable bit
  1631                           ;	WDT = 0x1, unprogrammed default
  1632                           ;	Watchdog Timer Postscale Select bits
  1633                           ;	WDTPS = 0xF, unprogrammed default
  1634   300003                     	org	3145731
  1635   300003  1F                 	db	31
  1636                           
  1637                           ; Padding undefined space
  1638   300004                     	org	3145732
  1639   300004  FF                 	db	255
  1640                           
  1641                           ;Config register CONFIG3H @ 0x300005
  1642                           ;	unspecified, using default values
  1643                           ;	PORTB A/D Enable bit
  1644                           ;	PBADEN = 0x1, unprogrammed default
  1645                           ;	Low-Power Timer 1 Oscillator Enable bit
  1646                           ;	LPT1OSC = 0x0, unprogrammed default
  1647                           ;	MCLR Pin Enable bit
  1648                           ;	MCLRE = 0x1, unprogrammed default
  1649   300005                     	org	3145733
  1650   300005  82                 	db	130
  1651                           
  1652                           ;Config register CONFIG4L @ 0x300006
  1653                           ;	unspecified, using default values
  1654                           ;	Stack Full/Underflow Reset Enable bit
  1655                           ;	STVREN = 0x1, unprogrammed default
  1656                           ;	Single-Supply ICSP Enable bit
  1657                           ;	LVP = 0x1, unprogrammed default
  1658                           ;	Boot Block Size Select bit
  1659                           ;	BBSIZ = 0x0, unprogrammed default
  1660                           ;	Extended Instruction Set Enable bit
  1661                           ;	XINST = 0x0, unprogrammed default
  1662                           ;	Background Debugger Enable bit
  1663                           ;	DEBUG = 0x1, unprogrammed default
  1664   300006                     	org	3145734
  1665   300006  85                 	db	133
  1666                           
  1667                           ; Padding undefined space
  1668   300007                     	org	3145735
  1669   300007  FF                 	db	255
  1670                           
  1671                           ;Config register CONFIG5L @ 0x300008
  1672                           ;	unspecified, using default values
  1673                           ;	Code Protection bit
  1674                           ;	CP0 = 0x1, unprogrammed default
  1675                           ;	Code Protection bit
  1676                           ;	CP1 = 0x1, unprogrammed default
  1677                           ;	Code Protection bit
  1678                           ;	CP2 = 0x1, unprogrammed default
  1679                           ;	Code Protection bit
  1680                           ;	CP3 = 0x1, unprogrammed default
  1681   300008                     	org	3145736
  1682   300008  0F                 	db	15
  1683                           
  1684                           ;Config register CONFIG5H @ 0x300009
  1685                           ;	unspecified, using default values
  1686                           ;	Boot Block Code Protection bit
  1687                           ;	CPB = 0x1, unprogrammed default
  1688                           ;	Data EEPROM Code Protection bit
  1689                           ;	CPD = 0x1, unprogrammed default
  1690   300009                     	org	3145737
  1691   300009  C0                 	db	192
  1692                           
  1693                           ;Config register CONFIG6L @ 0x30000A
  1694                           ;	unspecified, using default values
  1695                           ;	Write Protection bit
  1696                           ;	WRT0 = 0x1, unprogrammed default
  1697                           ;	Write Protection bit
  1698                           ;	WRT1 = 0x1, unprogrammed default
  1699                           ;	Write Protection bit
  1700                           ;	WRT2 = 0x1, unprogrammed default
  1701                           ;	Write Protection bit
  1702                           ;	WRT3 = 0x1, unprogrammed default
  1703   30000A                     	org	3145738
  1704   30000A  0F                 	db	15
  1705                           
  1706                           ;Config register CONFIG6H @ 0x30000B
  1707                           ;	unspecified, using default values
  1708                           ;	Configuration Register Write Protection bit
  1709                           ;	WRTC = 0x1, unprogrammed default
  1710                           ;	Boot Block Write Protection bit
  1711                           ;	WRTB = 0x1, unprogrammed default
  1712                           ;	Data EEPROM Write Protection bit
  1713                           ;	WRTD = 0x1, unprogrammed default
  1714   30000B                     	org	3145739
  1715   30000B  E0                 	db	224
  1716                           
  1717                           ;Config register CONFIG7L @ 0x30000C
  1718                           ;	unspecified, using default values
  1719                           ;	Table Read Protection bit
  1720                           ;	EBTR0 = 0x1, unprogrammed default
  1721                           ;	Table Read Protection bit
  1722                           ;	EBTR1 = 0x1, unprogrammed default
  1723                           ;	Table Read Protection bit
  1724                           ;	EBTR2 = 0x1, unprogrammed default
  1725                           ;	Table Read Protection bit
  1726                           ;	EBTR3 = 0x1, unprogrammed default
  1727   30000C                     	org	3145740
  1728   30000C  0F                 	db	15
  1729                           
  1730                           ;Config register CONFIG7H @ 0x30000D
  1731                           ;	unspecified, using default values
  1732                           ;	Boot Block Table Read Protection bit
  1733                           ;	EBTRB = 0x1, unprogrammed default
  1734   30000D                     	org	3145741
  1735   30000D  40                 	db	64
  1736                           tosu	equ	0xFFF
  1737                           tosh	equ	0xFFE
  1738                           tosl	equ	0xFFD
  1739                           stkptr	equ	0xFFC
  1740                           pclatu	equ	0xFFB
  1741                           pclath	equ	0xFFA
  1742                           pcl	equ	0xFF9
  1743                           tblptru	equ	0xFF8
  1744                           tblptrh	equ	0xFF7
  1745                           tblptrl	equ	0xFF6
  1746                           tablat	equ	0xFF5
  1747                           prodh	equ	0xFF4
  1748                           prodl	equ	0xFF3
  1749                           indf0	equ	0xFEF
  1750                           postinc0	equ	0xFEE
  1751                           postdec0	equ	0xFED
  1752                           preinc0	equ	0xFEC
  1753                           plusw0	equ	0xFEB
  1754                           fsr0h	equ	0xFEA
  1755                           fsr0l	equ	0xFE9
  1756                           wreg	equ	0xFE8
  1757                           indf1	equ	0xFE7
  1758                           postinc1	equ	0xFE6
  1759                           postdec1	equ	0xFE5
  1760                           preinc1	equ	0xFE4
  1761                           plusw1	equ	0xFE3
  1762                           fsr1h	equ	0xFE2
  1763                           fsr1l	equ	0xFE1
  1764                           bsr	equ	0xFE0
  1765                           indf2	equ	0xFDF
  1766                           postinc2	equ	0xFDE
  1767                           postdec2	equ	0xFDD
  1768                           preinc2	equ	0xFDC
  1769                           plusw2	equ	0xFDB
  1770                           fsr2h	equ	0xFDA
  1771                           fsr2l	equ	0xFD9
  1772                           status	equ	0xFD8

Data Sizes:
    Strings     23
    Constant    0
    Data        0
    BSS         27
    Persistent  0
    Stack       0

Auto Spaces:
    Space          Size  Autos    Used
    COMRAM           95      5      32
    BANK0           160      0       0
    BANK1           256      0       0
    BANK2           256      0       0
    BANK3           256      0       0
    BANK4           256      0       0
    BANK5           256      0       0

Pointer List with Targets:

    clcd_print@data	PTR const unsigned char  size(2) Largest target is 17
		 -> STR_3(CODE[17]), STR_2(CODE[3]), STR_1(CODE[3]), time(COMRAM[9]), 
		 -> date(COMRAM[11]), 


Critical Paths under _main in COMRAM

    _init_config->_clcd_print
    _init_ds1307->_read_ds1307
    _init_ds1307->_write_ds1307
    _write_ds1307->_i2c_write
    _init_clcd->_clcd_write
    _get_time->_read_ds1307
    _read_ds1307->_i2c_write
    _display_time->_clcd_print
    _clcd_print->_clcd_write

Critical Paths under _main in BANK0

    None.

Critical Paths under _main in BANK1

    None.

Critical Paths under _main in BANK2

    None.

Critical Paths under _main in BANK3

    None.

Critical Paths under _main in BANK4

    None.

Critical Paths under _main in BANK5

    None.

Call Graph Tables:

 ---------------------------------------------------------------------------------
 (Depth) Function   	        Calls       Base Space   Used Autos Params    Refs
 ---------------------------------------------------------------------------------
 (0) _main                                                 0     0      0    4816
                       _display_time
                           _get_time
                        _init_config
 ---------------------------------------------------------------------------------
 (1) _init_config                                          0     0      0    3064
                         _clcd_print
                          _init_clcd
                        _init_ds1307
                           _init_i2c
 ---------------------------------------------------------------------------------
 (2) _init_i2c                                             0     0      0       0
 ---------------------------------------------------------------------------------
 (2) _init_ds1307                                          1     1      0     477
                                              3 COMRAM     1     1      0
                        _read_ds1307
                       _write_ds1307
 ---------------------------------------------------------------------------------
 (3) _write_ds1307                                         2     1      1     363
                                              1 COMRAM     2     1      1
                          _i2c_start
                           _i2c_stop
                          _i2c_write
 ---------------------------------------------------------------------------------
 (2) _init_clcd                                            1     1      0     880
                                              2 COMRAM     1     1      0
                         _clcd_write
 ---------------------------------------------------------------------------------
 (1) _get_time                                             0     0      0      45
                        _read_ds1307
 ---------------------------------------------------------------------------------
 (3) _read_ds1307                                          2     2      0      45
                                              1 COMRAM     2     2      0
                           _i2c_read
                      _i2c_rep_start
                          _i2c_start
                           _i2c_stop
                          _i2c_write
 ---------------------------------------------------------------------------------
 (4) _i2c_write                                            1     1      0      15
                                              0 COMRAM     1     1      0
                           _i2c_idle
 ---------------------------------------------------------------------------------
 (4) _i2c_stop                                             0     0      0       0
                           _i2c_idle
 ---------------------------------------------------------------------------------
 (4) _i2c_start                                            0     0      0       0
                           _i2c_idle
 ---------------------------------------------------------------------------------
 (4) _i2c_rep_start                                        0     0      0       0
                           _i2c_idle
 ---------------------------------------------------------------------------------
 (4) _i2c_read                                             0     0      0       0
                         _i2c_no_ack
                        _i2c_rx_mode
 ---------------------------------------------------------------------------------
 (5) _i2c_rx_mode                                          0     0      0       0
                           _i2c_idle
 ---------------------------------------------------------------------------------
 (5) _i2c_idle                                             0     0      0       0
 ---------------------------------------------------------------------------------
 (5) _i2c_no_ack                                           0     0      0       0
 ---------------------------------------------------------------------------------
 (1) _display_time                                         0     0      0    1707
                         _clcd_print
 ---------------------------------------------------------------------------------
 (2) _clcd_print                                           3     0      3    1707
                                              2 COMRAM     3     0      3
                         _clcd_write
 ---------------------------------------------------------------------------------
 (3) _clcd_write                                           2     1      1     880
                                              0 COMRAM     2     1      1
 ---------------------------------------------------------------------------------
 Estimated maximum stack depth 5
 ---------------------------------------------------------------------------------

 Call Graph Graphs:

 _main (ROOT)
   _display_time
     _clcd_print
       _clcd_write
   _get_time
     _read_ds1307
       _i2c_read
         _i2c_no_ack
         _i2c_rx_mode
           _i2c_idle
       _i2c_rep_start
         _i2c_idle
       _i2c_start
         _i2c_idle
       _i2c_stop
         _i2c_idle
       _i2c_write
         _i2c_idle
   _init_config
     _clcd_print
     _init_clcd
       _clcd_write
     _init_ds1307
       _read_ds1307
       _write_ds1307
         _i2c_start
         _i2c_stop
         _i2c_write
     _init_i2c

 Address spaces:
Name               Size   Autos  Total    Cost      Usage
BIGRAM             5FF      0       0      23        0.0%
BITBIGSFRll        282      0       0      21        0.0%
EEDATA             100      0       0       0        0.0%
BITBANK5           100      0       0      14        0.0%
BANK5              100      0       0      15        0.0%
BITBANK4           100      0       0      12        0.0%
BANK4              100      0       0      13        0.0%
BITBANK3           100      0       0      10        0.0%
BANK3              100      0       0      11        0.0%
BITBANK2           100      0       0       8        0.0%
BANK2              100      0       0       9        0.0%
BITBANK1           100      0       0       6        0.0%
BANK1              100      0       0       7        0.0%
BITBANK0            A0      0       0       4        0.0%
BANK0               A0      0       0       5        0.0%
BITCOMRAM           5F      0       0       0        0.0%
COMRAM              5F      5      20       1       33.7%
BITBIGSFRhhh        36      0       0      16        0.0%
BITBIGSFRhlhh       23      0       0      17        0.0%
BITBIGSFRlh         10      0       0      20        0.0%
BITBIGSFRhll         8      0       0      19        0.0%
BITBIGSFRhlhl        2      0       0      18        0.0%
BIGSFR               0      0       0     200        0.0%
BITSFR_3             0      0       0     200        0.0%
SFR_3                0      0       0     200        0.0%
BITSFR_2             0      0       0     200        0.0%
SFR_2                0      0       0     200        0.0%
BITSFR_1             0      0       0     200        0.0%
SFR_1                0      0       0     200        0.0%
BITSFR               0      0       0     200        0.0%
SFR                  0      0       0     200        0.0%
STACK                0      0       0       2        0.0%
NULL                 0      0       0       0        0.0%
ABS                  0      0      20      22        0.0%
DATA                 0      0      20       3        0.0%
CODE                 0      0       0       0        0.0%


Microchip Technology PIC18 Macro Assembler V2.40 build 20220703182018 
Symbol Table                                                                                   Wed Jun 28 12:49:32 2023

         clcd_print@addr 0020           clcd_print@data 001E                       l32 0740  
                     l27 07FE                       l38 08C8                       l81 0912  
                     l84 0928                       l86 0936                       l94 0960  
                     l87 0938                       l97 0958                       u10 0936  
                     u11 0932                      l100 0968                      l103 0944  
                    l112 0950                      l106 0970                      l132 08E6  
                    l109 0976                      l135 08AA                      l161 06C0  
                    l129 0846                      l157 087C                      l158 0880  
                    l167 07AC                      l850 096C                      l852 0972  
                    l860 0954                      l846 0928                      l870 0946  
                    l862 0962                      l854 095A                      _CKE 007E3E  
                    l848 096A                      l872 094E                      l864 0964  
                    l856 095C                      l880 088E                      l858 0952  
                    l866 093C                      l882 0894                      l970 090C  
                    l868 0940                      l884 0898                      l876 0884  
                    l972 090E                      l964 08FE                      l886 08A4  
                    l878 0888                      l974 0910                      l966 0902  
                    l968 090A                      l996 06C2                      l998 06DA  
                    _RC0 007C10                      _RC1 007C11                      _RC2 007C12  
                    u100 06E8                      u101 06E4                      u110 085A  
                    u111 0854                      _RD7 007C1F                      u130 087C  
                    u131 0878                      u140 0774                      u125 085C  
                    u150 079C                      u207 0646                      u160 07AC  
                    u161 07A8                      u217 065C                      u170 07CC  
                    u147 076A                      u171 07C8                      u227 067E  
                    u180 07DA                      u157 0792                      u181 07D6  
                    u237 0690                      u247 06A6                      _PEN 007E2A  
                    u257 06BA                      u197 062C                      _SEN 007E28  
                    _SMP 007E3F            ?_display_time 001C                      wreg 000FE8  
                   l1000 06E8                     l1010 0726                     l1002 06FE  
                   l1012 073C                     l1004 0710                     l1100 0624  
                   l1006 0714                     l1110 065A                     l1102 0626  
                   l1008 071E                     l1120 0684                     l1112 0662  
                   l1104 0636                     l1130 06B8                     l1122 068E  
                   l1114 066C                     l1106 0640                     l1124 0696  
                   l1116 0672                     l1108 0650                     l1060 08D0  
                   l1140 0832                     l1132 0800                     l1070 085C  
                   l1150 07EE                     l1142 07AE                     l1126 06A0  
                   l1118 067C                     l1062 08D6                     l1134 0808  
                   l1080 0868                     l1072 0860                     l1144 07BE  
                   l1128 06AE                     l1064 08DC                     l1136 0814  
                   l1152 08AC                     l1082 086A                     l1074 0862  
                   l1090 0750                     l1146 07CC                     l1066 08E2  
                   l1058 08CC                     l1138 0828                     l1154 08B0  
                   l1162 0914                     l1084 086C                     l1076 0864  
                   l1068 084A                     l1092 0778                     l1148 07DA  
                   l1156 08B4                     l1164 0918                     l1086 086E  
                   l1078 0866                     l1094 077C                     l1158 08B8  
                   l1166 091C                     l1088 0742                     l1096 061A  
                   l1098 061E                     STR_1 0615                     STR_2 0612  
                   STR_3 0601                     _RCEN 007E2B                     _RSEN 007E29  
                   _date 0008                     _main 0914                     _time 0013  
                   fsr0h 000FEA                     indf0 000FEF                     fsr0l 000FE9  
                   start 0000             ___param_bank 000000           clcd_write@byte 001D  
          _i2c_rep_start 0962            ??_i2c_rx_mode 001C             ?_init_ds1307 001C  
                  ?_main 001C             ?_read_ds1307 001C                    _ACKEN 007E2C  
                  _ACKDT 007E2D           ??_display_time 0021                    _BCLIF 007D0B  
           ?_init_config 001C                    _PORTD 000F83                    _TRISC 000F94  
                  _TRISD 000F95                    _SSPIF 007CF3                    tablat 000FF5  
                  status 000FD8         init_ds1307@dummy 001F               _i2c_no_ack 0972  
        __initialization 08E8           ?_i2c_rep_start 001C             __end_of_main 0928  
       __end_of_i2c_idle 093A         __end_of_i2c_read 0952         __end_of_i2c_stop 095A  
                 ??_main 0021            __activetblptr 000002      __end_of_i2c_rx_mode 0972  
           _write_ds1307 08CA                   _SSPADD 000FC8                   _TRISC3 007CA3  
                 _TRISC4 007CA4                   _TRISD7 007CAF                   _SSPBUF 000FC9  
       __end_of_get_time 0742         __end_of_init_i2c 0914                   clear_0 08EE  
           _calender_reg 0001                   isa$std 000001             __mediumconst 0000  
                 tblptrh 000FF7                   tblptrl 000FF6                   tblptru 000FF8  
             __accesstop 0060  __end_of__initialization 08F4     __end_of_display_time 0800  
          ___rparam_used 000001          ??_i2c_rep_start 001C              ?_i2c_no_ack 001C  
         __pcstackCOMRAM 001C              _i2c_rx_mode 096A        __end_of_i2c_start 0962  
      __end_of_i2c_write 0946                ?_i2c_idle 001C                ?_i2c_read 001C  
              ?_i2c_stop 001C               _clcd_print 0742               _clcd_write 0848  
        read_ds1307@data 001E                  _ACKSTAT 007E2E                  _SSPCON1 000FC6  
              ?_get_time 001C               ??_i2c_idle 001C               ??_i2c_read 001C  
             ??_i2c_stop 001C                ?_init_i2c 001C                  __Hparam 0000  
                __Lparam 0000             __psmallconst 0600                  __pcinit 08E8  
                __ramtop 0600                  __ptext0 0914                  __ptext1 08AC  
                __ptext2 08FE                  __ptext3 0800                  __ptext4 08CA  
                __ptext5 061A                  __ptext6 06C2                  __ptext7 0882  
                __ptext8 093A                  __ptext9 0952        __end_of_init_clcd 06C2  
             ??_get_time 001F     end_of_initialization 08F4               ??_init_i2c 001C  
          __Lmediumconst 0000              ?_clcd_print 001E              ?_clcd_write 001C  
                postinc0 000FEE             _display_time 07AE            i2c_write@data 001C  
           ??_i2c_no_ack 001C             ?_i2c_rx_mode 001C      start_initialization 08E8  
              _i2c_start 095A                _i2c_write 093A       __end_of_i2c_no_ack 0978  
  __end_of_i2c_rep_start 096A            ??_init_ds1307 001F            ??_read_ds1307 001D  
          ??_init_config 0021              __pbssCOMRAM 0001               ?_i2c_start 001C  
             ?_i2c_write 001C       read_ds1307@address 001D                _clock_reg 0005  
            __smallconst 0600      __end_of_init_ds1307 0848      __end_of_read_ds1307 08AC  
              _init_clcd 061A      __end_of_init_config 08CA            ?_write_ds1307 001D  
           ??_clcd_print 0021             ??_clcd_write 001D    clcd_write@control_bit 001C  
            ??_i2c_start 001C       __end_of_clcd_print 07AE              ??_i2c_write 001C  
     __end_of_clcd_write 0882               ?_init_clcd 001C           ??_write_ds1307 001E  
               _i2c_idle 0928                 _i2c_read 0946                 _i2c_stop 0952  
               __Hrparam 0000                 __Lrparam 0000              _init_ds1307 0800  
            _read_ds1307 0882              _init_config 08AC      write_ds1307@address 001E  
               __ptext10 095A                 __ptext11 0962                 __ptext12 0946  
               __ptext13 096A                 __ptext14 0928                 __ptext15 0972  
               __ptext16 07AE                 __ptext17 0742                 __ptext18 0848  
               _get_time 06C2                 _init_i2c 08FE                 isa$xinst 000000  
            ??_init_clcd 001E     __end_of_write_ds1307 08E8         write_ds1307@data 001D  
