

Microchip MPLAB XC8 Assembler V2.41 build 20230208172133 
                                                                                               Tue Jun 20 16:43:39 2023

Microchip MPLAB XC8 C Compiler v2.41 (Free license) build 20230208172133 Og1 
     1                           	processor	18F4580
     2                           	fnconf	rparam,??,?,0
     3                           	pagewidth 120
     4                           	opt	flic
     5                           	psect	smallconst,global,reloc=2,class=SMALLCONST,delta=1,noexec
     6                           	psect	cinit,global,reloc=2,class=CODE,delta=1
     7                           	psect	bssCOMRAM,global,class=COMRAM,space=1,delta=1,lowdata,noexec
     8                           	psect	cstackCOMRAM,global,class=COMRAM,space=1,delta=1,lowdata,noexec
     9                           	psect	text0,global,reloc=2,class=CODE,delta=1
    10                           	psect	text1,global,reloc=2,class=CODE,delta=1
    11                           	psect	text2,global,reloc=2,class=CODE,delta=1
    12                           	psect	text3,global,reloc=2,class=CODE,delta=1
    13                           	psect	text4,global,reloc=2,class=CODE,delta=1
    14                           	psect	text5,global,reloc=2,class=CODE,delta=1
    15                           	psect	text6,global,reloc=2,class=CODE,delta=1
    16                           	psect	text7,global,reloc=2,class=CODE,delta=1
    17                           	psect	text8,global,reloc=2,class=CODE,delta=1
    18                           	psect	text9,global,reloc=2,class=CODE,delta=1
    19                           	psect	text10,global,reloc=2,class=CODE,delta=1
    20                           	psect	text11,global,reloc=2,class=CODE,delta=1
    21                           	psect	text12,global,reloc=2,class=CODE,delta=1
    22                           	psect	text13,global,reloc=2,class=CODE,delta=1
    23                           	psect	text14,global,reloc=2,class=CODE,delta=1
    24                           	psect	text15,global,reloc=2,class=CODE,delta=1
    25                           	psect	text16,global,reloc=2,class=CODE,delta=1
    26                           	psect	text17,global,reloc=2,class=CODE,delta=1
    27                           	psect	text18,global,reloc=2,class=CODE,delta=1
    28                           	psect	intsave_regs,global,class=BIGRAM,space=1,delta=1,noexec
    29                           	psect	rparam,global,class=COMRAM,space=1,delta=1,noexec
    30                           	psect	idloc,global,abs,ovrld,class=IDLOC,space=5,delta=1,noexec
    31                           	psect	config,global,abs,ovrld,class=CONFIG,space=4,delta=1,noexec
    32   000000                     
    33                           ; Version 2.20
    34                           ; Generated 12/02/2020 GMT
    35                           ; 
    36                           ; Copyright © 2020, Microchip Technology Inc. and its subsidiaries ("Microchip")
    37                           ; All rights reserved.
    38                           ; 
    39                           ; This software is developed by Microchip Technology Inc. and its subsidiaries ("Microch
      +                          ip").
    40                           ; 
    41                           ; Redistribution and use in source and binary forms, with or without modification, are
    42                           ; permitted provided that the following conditions are met:
    43                           ; 
    44                           ;     1. Redistributions of source code must retain the above copyright notice, this lis
      +                          t of
    45                           ;        conditions and the following disclaimer.
    46                           ; 
    47                           ;     2. Redistributions in binary form must reproduce the above copyright notice, this 
      +                          list
    48                           ;        of conditions and the following disclaimer in the documentation and/or other
    49                           ;        materials provided with the distribution.
    50                           ; 
    51                           ;     3. Microchip's name may not be used to endorse or promote products derived from th
      +                          is
    52                           ;        software without specific prior written permission.
    53                           ; 
    54                           ; THIS SOFTWARE IS PROVIDED BY MICROCHIP "AS IS" AND ANY EXPRESS OR IMPLIED WARRANTIES,
    55                           ; INCLUDING, BUT NOT LIMITED TO, THE IMPLIED WARRANTIES OF MERCHANTABILITY AND FITNESS F
      +                          OR
    56                           ; PURPOSE ARE DISCLAIMED.  IN NO EVENT SHALL MICROCHIP BE LIABLE FOR ANY DIRECT, INDIREC
      +                          T,
    57                           ; INCIDENTAL, SPECIAL, EXEMPLARY, OR CONSEQUENTIAL DAMAGES (INCLUDING BUT NOT LIMITED TO
    58                           ; PROCUREMENT OF SUBSTITUTE GOODS OR SERVICES; LOSS OF USE, DATA OR PROFITS; OR BUSINESS
    59                           ; INTERRUPTION) HOWSOEVER CAUSED AND ON ANY THEORY OF LIABILITY, WHETHER IN CONTRACT, ST
      +                          RICT
    60                           ; LIABILITY, OR TORT (INCLUDING NEGLIGENCE OR OTHERWISE) ARISING IN ANY WAY OUT OF THE U
      +                          SE OF
    61                           ; THIS SOFTWARE, EVEN IF ADVISED OF THE POSSIBILITY OF SUCH DAMAGE.
    62                           ; 
    63                           ; 
    64                           ; Code-generator required, PIC18F4580 Definitions
    65                           ; 
    66                           ; SFR Addresses
    67   000000                     _SSPADD	set	4040
    68   000000                     _CKE	set	32318
    69   000000                     _TRISC	set	3988
    70   000000                     _TRISD	set	3989
    71   000000                     _RD7	set	31775
    72   000000                     _RC0	set	31760
    73   000000                     _RC2	set	31762
    74   000000                     _ACKEN	set	32300
    75   000000                     _ACKDT	set	32301
    76   000000                     _RCEN	set	32299
    77   000000                     _RSEN	set	32297
    78   000000                     _PEN	set	32298
    79   000000                     _SEN	set	32296
    80   000000                     _SMP	set	32319
    81   000000                     _TRISC4	set	31908
    82   000000                     _RC1	set	31761
    83   000000                     _TRISC3	set	31907
    84   000000                     _SSPCON1	set	4038
    85   000000                     _TRISD7	set	31919
    86   000000                     _SSPIF	set	31987
    87   000000                     _SSPBUF	set	4041
    88   000000                     _BCLIF	set	32011
    89   000000                     _ACKSTAT	set	32302
    90   000000                     _PORTD	set	3971
    91                           
    92                           	psect	smallconst
    93   000600                     __psmallconst:
    94                           	callstack 0
    95   000600  00                 	db	0
    96   000601                     STR_3:
    97   000601  20                 	db	32
    98   000602  20                 	db	32
    99   000603  44                 	db	68	;'D'
   100   000604  53                 	db	83	;'S'
   101   000605  31                 	db	49	;'1'
   102   000606  33                 	db	51	;'3'
   103   000607  30                 	db	48	;'0'
   104   000608  37                 	db	55	;'7'
   105   000609  20                 	db	32
   106   00060A  20                 	db	32
   107   00060B  54                 	db	84	;'T'
   108   00060C  45                 	db	69	;'E'
   109   00060D  53                 	db	83	;'S'
   110   00060E  54                 	db	84	;'T'
   111   00060F  20                 	db	32
   112   000610  20                 	db	32
   113   000611  00                 	db	0
   114   000612                     STR_2:
   115   000612  41                 	db	65	;'A'
   116   000613  4D                 	db	77	;'M'
   117   000614  00                 	db	0
   118   000615                     STR_1:
   119   000615  50                 	db	80	;'P'
   120   000616  4D                 	db	77	;'M'
   121   000617  00                 	db	0
   122   000618  00                 	db	0	; dummy byte at the end
   123   000000                     
   124                           ; #config settings
   125                           
   126                           	psect	cinit
   127   000876                     __pcinit:
   128                           	callstack 0
   129   000876                     start_initialization:
   130                           	callstack 0
   131   000876                     __initialization:
   132                           	callstack 0
   133                           
   134                           ; Clear objects allocated to COMRAM (27 bytes)
   135   000876  EE00  F001         	lfsr	0,__pbssCOMRAM
   136   00087A  0E1B               	movlw	27
   137   00087C                     clear_0:
   138   00087C  6AEE               	clrf	postinc0,c
   139   00087E  06E8               	decf	wreg,f,c
   140   000880  E1FD               	bnz	clear_0
   141   000882                     end_of_initialization:
   142                           	callstack 0
   143   000882                     __end_of__initialization:
   144                           	callstack 0
   145   000882  0E00               	movlw	low (__Lmediumconst shr (0+16))
   146   000884  6EF8               	movwf	tblptru,c
   147   000886  0100               	movlb	0
   148   000888  EF51  F004         	goto	_main	;jump to C main() function
   149                           
   150                           	psect	bssCOMRAM
   151   000001                     __pbssCOMRAM:
   152                           	callstack 0
   153   000001                     _calender_reg:
   154                           	callstack 0
   155   000001                     	ds	4
   156   000005                     _clock_reg:
   157                           	callstack 0
   158   000005                     	ds	3
   159   000008                     _date:
   160                           	callstack 0
   161   000008                     	ds	11
   162   000013                     _time:
   163                           	callstack 0
   164   000013                     	ds	9
   165                           
   166                           	psect	cstackCOMRAM
   167   00001C                     __pcstackCOMRAM:
   168                           	callstack 0
   169   00001C                     i2c_write@data:
   170                           	callstack 0
   171   00001C                     clcd_write@control_bit:
   172                           	callstack 0
   173                           
   174                           ; 1 bytes @ 0x0
   175   00001C                     	ds	1
   176   00001D                     write_ds1307@data:
   177                           	callstack 0
   178   00001D                     read_ds1307@address:
   179                           	callstack 0
   180   00001D                     clcd_write@byte:
   181                           	callstack 0
   182                           
   183                           ; 1 bytes @ 0x1
   184   00001D                     	ds	1
   185   00001E                     write_ds1307@address:
   186                           	callstack 0
   187   00001E                     read_ds1307@data:
   188                           	callstack 0
   189   00001E                     clcd_print@data:
   190                           	callstack 0
   191                           
   192                           ; 2 bytes @ 0x2
   193   00001E                     	ds	1
   194   00001F                     init_ds1307@dummy:
   195                           	callstack 0
   196                           
   197                           ; 1 bytes @ 0x3
   198   00001F                     	ds	1
   199   000020                     clcd_print@addr:
   200                           	callstack 0
   201                           
   202                           ; 1 bytes @ 0x4
   203   000020                     	ds	1
   204   000021                     
   205                           ; 1 bytes @ 0x5
   206 ;;
   207 ;;Main: autosize = 0, tempsize = 0, incstack = 0, save=0
   208 ;;
   209 ;; *************** function _main *****************
   210 ;; Defined at:
   211 ;;		line 88 in file "main.c"
   212 ;; Parameters:    Size  Location     Type
   213 ;;		None
   214 ;; Auto vars:     Size  Location     Type
   215 ;;		None
   216 ;; Return value:  Size  Location     Type
   217 ;;                  1    wreg      void 
   218 ;; Registers used:
   219 ;;		wreg, fsr0l, fsr0h, status,2, status,0, tblptrl, tblptrh, tblptru, cstack
   220 ;; Tracked objects:
   221 ;;		On entry : 0/0
   222 ;;		On exit  : 0/0
   223 ;;		Unchanged: 0/0
   224 ;; Data sizes:     COMRAM   BANK0   BANK1   BANK2   BANK3   BANK4   BANK5
   225 ;;      Params:         0       0       0       0       0       0       0
   226 ;;      Locals:         0       0       0       0       0       0       0
   227 ;;      Temps:          0       0       0       0       0       0       0
   228 ;;      Totals:         0       0       0       0       0       0       0
   229 ;;Total ram usage:        0 bytes
   230 ;; Hardware stack levels required when called: 6
   231 ;; This function calls:
   232 ;;		_display_time
   233 ;;		_get_time
   234 ;;		_init_config
   235 ;; This function is called by:
   236 ;;		Startup code after reset
   237 ;; This function uses a non-reentrant model
   238 ;;
   239                           
   240                           	psect	text0
   241   0008A2                     __ptext0:
   242                           	callstack 0
   243   0008A2                     _main:
   244                           	callstack 25
   245   0008A2                     
   246                           ;main.c: 90:  init_config();
   247   0008A2  EC1D  F004         	call	_init_config	;wreg free
   248   0008A6                     l1118:
   249                           
   250                           ;main.c: 93:  {;main.c: 95:   get_time();
   251   0008A6  EC0D  F003         	call	_get_time	;wreg free
   252   0008AA                     
   253                           ;main.c: 96:   display_time();
   254   0008AA  EC83  F003         	call	_display_time	;wreg free
   255   0008AE  EF53  F004         	goto	l1118
   256   0008B2  EF00  F000         	goto	start
   257   0008B6                     __end_of_main:
   258                           	callstack 0
   259                           
   260 ;; *************** function _init_config *****************
   261 ;; Defined at:
   262 ;;		line 79 in file "main.c"
   263 ;; Parameters:    Size  Location     Type
   264 ;;		None
   265 ;; Auto vars:     Size  Location     Type
   266 ;;		None
   267 ;; Return value:  Size  Location     Type
   268 ;;                  1    wreg      void 
   269 ;; Registers used:
   270 ;;		wreg, fsr0l, fsr0h, status,2, status,0, tblptrl, tblptrh, tblptru, cstack
   271 ;; Tracked objects:
   272 ;;		On entry : 0/0
   273 ;;		On exit  : 0/0
   274 ;;		Unchanged: 0/0
   275 ;; Data sizes:     COMRAM   BANK0   BANK1   BANK2   BANK3   BANK4   BANK5
   276 ;;      Params:         0       0       0       0       0       0       0
   277 ;;      Locals:         0       0       0       0       0       0       0
   278 ;;      Temps:          0       0       0       0       0       0       0
   279 ;;      Totals:         0       0       0       0       0       0       0
   280 ;;Total ram usage:        0 bytes
   281 ;; Hardware stack levels used: 1
   282 ;; Hardware stack levels required when called: 5
   283 ;; This function calls:
   284 ;;		_clcd_print
   285 ;;		_init_clcd
   286 ;;		_init_ds1307
   287 ;;		_init_i2c
   288 ;; This function is called by:
   289 ;;		_main
   290 ;; This function uses a non-reentrant model
   291 ;;
   292                           
   293                           	psect	text1
   294   00083A                     __ptext1:
   295                           	callstack 0
   296   00083A                     _init_config:
   297                           	callstack 25
   298   00083A                     
   299                           ;main.c: 81:  init_clcd();
   300   00083A  ECED  F003         	call	_init_clcd	;wreg free
   301   00083E                     
   302                           ;main.c: 82:  init_i2c();
   303   00083E  EC46  F004         	call	_init_i2c	;wreg free
   304   000842                     
   305                           ;main.c: 83:  init_ds1307();
   306   000842  ECAC  F003         	call	_init_ds1307	;wreg free
   307   000846                     
   308                           ;main.c: 85:  clcd_print("  DS1307  TEST  ", (0x80 + (0)));
   309   000846  0E01               	movlw	low STR_3
   310   000848  6E1E               	movwf	clcd_print@data^0,c
   311   00084A  0E06               	movlw	high STR_3
   312   00084C  6E1F               	movwf	(clcd_print@data+1)^0,c
   313   00084E  0E80               	movlw	128
   314   000850  6E20               	movwf	clcd_print@addr^0,c
   315   000852  EC4D  F003         	call	_clcd_print	;wreg free
   316   000856  0012               	return		;funcret
   317   000858                     __end_of_init_config:
   318                           	callstack 0
   319                           
   320 ;; *************** function _init_i2c *****************
   321 ;; Defined at:
   322 ;;		line 4 in file "i2c.c"
   323 ;; Parameters:    Size  Location     Type
   324 ;;		None
   325 ;; Auto vars:     Size  Location     Type
   326 ;;		None
   327 ;; Return value:  Size  Location     Type
   328 ;;                  1    wreg      void 
   329 ;; Registers used:
   330 ;;		wreg, status,2
   331 ;; Tracked objects:
   332 ;;		On entry : 0/0
   333 ;;		On exit  : 0/0
   334 ;;		Unchanged: 0/0
   335 ;; Data sizes:     COMRAM   BANK0   BANK1   BANK2   BANK3   BANK4   BANK5
   336 ;;      Params:         0       0       0       0       0       0       0
   337 ;;      Locals:         0       0       0       0       0       0       0
   338 ;;      Temps:          0       0       0       0       0       0       0
   339 ;;      Totals:         0       0       0       0       0       0       0
   340 ;;Total ram usage:        0 bytes
   341 ;; Hardware stack levels used: 1
   342 ;; This function calls:
   343 ;;		Nothing
   344 ;; This function is called by:
   345 ;;		_init_config
   346 ;; This function uses a non-reentrant model
   347 ;;
   348                           
   349                           	psect	text2
   350   00088C                     __ptext2:
   351                           	callstack 0
   352   00088C                     _init_i2c:
   353                           	callstack 29
   354   00088C                     
   355                           ;i2c.c: 7:  TRISC3 = 1;
   356   00088C  8694               	bsf	3988,3,c	;volatile
   357                           
   358                           ;i2c.c: 8:  TRISC4 = 1;
   359   00088E  8894               	bsf	3988,4,c	;volatile
   360   000890                     
   361                           ;i2c.c: 10:  SSPCON1 = 0x28;
   362   000890  0E28               	movlw	40
   363   000892  6EC6               	movwf	198,c	;volatile
   364                           
   365                           ;i2c.c: 12:  SSPADD = 0x31;
   366   000894  0E31               	movlw	49
   367   000896  6EC8               	movwf	200,c	;volatile
   368   000898                     
   369                           ;i2c.c: 14:  CKE = 0;
   370   000898  9CC7               	bcf	4039,6,c	;volatile
   371   00089A                     
   372                           ;i2c.c: 16:  SMP = 1;
   373   00089A  8EC7               	bsf	4039,7,c	;volatile
   374   00089C                     
   375                           ;i2c.c: 18:  SSPIF = 0;
   376   00089C  969E               	bcf	3998,3,c	;volatile
   377   00089E                     
   378                           ;i2c.c: 20:  BCLIF = 0;
   379   00089E  96A1               	bcf	4001,3,c	;volatile
   380   0008A0  0012               	return		;funcret
   381   0008A2                     __end_of_init_i2c:
   382                           	callstack 0
   383                           
   384 ;; *************** function _init_ds1307 *****************
   385 ;; Defined at:
   386 ;;		line 13 in file "ds1307.c"
   387 ;; Parameters:    Size  Location     Type
   388 ;;		None
   389 ;; Auto vars:     Size  Location     Type
   390 ;;  dummy           1    3[COMRAM] unsigned char 
   391 ;; Return value:  Size  Location     Type
   392 ;;                  1    wreg      void 
   393 ;; Registers used:
   394 ;;		wreg, status,2, status,0, cstack
   395 ;; Tracked objects:
   396 ;;		On entry : 0/0
   397 ;;		On exit  : 0/0
   398 ;;		Unchanged: 0/0
   399 ;; Data sizes:     COMRAM   BANK0   BANK1   BANK2   BANK3   BANK4   BANK5
   400 ;;      Params:         0       0       0       0       0       0       0
   401 ;;      Locals:         1       0       0       0       0       0       0
   402 ;;      Temps:          0       0       0       0       0       0       0
   403 ;;      Totals:         1       0       0       0       0       0       0
   404 ;;Total ram usage:        1 bytes
   405 ;; Hardware stack levels used: 1
   406 ;; Hardware stack levels required when called: 4
   407 ;; This function calls:
   408 ;;		_read_ds1307
   409 ;;		_write_ds1307
   410 ;; This function is called by:
   411 ;;		_init_config
   412 ;; This function uses a non-reentrant model
   413 ;;
   414                           
   415                           	psect	text3
   416   000758                     __ptext3:
   417                           	callstack 0
   418   000758                     _init_ds1307:
   419                           	callstack 25
   420   000758                     
   421                           ;ds1307.c: 15:  unsigned char dummy;;ds1307.c: 18:  dummy = read_ds1307(0x00);
   422   000758  0E00               	movlw	0
   423   00075A  EC08  F004         	call	_read_ds1307
   424   00075E  6E1F               	movwf	init_ds1307@dummy^0,c
   425   000760                     
   426                           ;ds1307.c: 19:  write_ds1307(0x00, dummy | 0x80);
   427   000760  501F               	movf	init_ds1307@dummy^0,w,c
   428   000762  0980               	iorlw	128
   429   000764  6E1D               	movwf	write_ds1307@data^0,c
   430   000766  0E00               	movlw	0
   431   000768  EC2C  F004         	call	_write_ds1307
   432   00076C                     
   433                           ;ds1307.c: 22:  dummy = read_ds1307(0x02);
   434   00076C  0E02               	movlw	2
   435   00076E  EC08  F004         	call	_read_ds1307
   436   000772  6E1F               	movwf	init_ds1307@dummy^0,c
   437                           
   438                           ;ds1307.c: 23:  write_ds1307(0x02, dummy | 0x40);
   439   000774  501F               	movf	init_ds1307@dummy^0,w,c
   440   000776  0940               	iorlw	64
   441   000778  6E1D               	movwf	write_ds1307@data^0,c
   442   00077A  0E02               	movlw	2
   443   00077C  EC2C  F004         	call	_write_ds1307
   444   000780                     
   445                           ;ds1307.c: 38:  write_ds1307(0x07, 0x93);
   446   000780  0E93               	movlw	147
   447   000782  6E1D               	movwf	write_ds1307@data^0,c
   448   000784  0E07               	movlw	7
   449   000786  EC2C  F004         	call	_write_ds1307
   450   00078A                     
   451                           ;ds1307.c: 41:  dummy = read_ds1307(0x00);
   452   00078A  0E00               	movlw	0
   453   00078C  EC08  F004         	call	_read_ds1307
   454   000790  6E1F               	movwf	init_ds1307@dummy^0,c
   455                           
   456                           ;ds1307.c: 42:  write_ds1307(0x00, dummy & 0x7F);
   457   000792  501F               	movf	init_ds1307@dummy^0,w,c
   458   000794  0B7F               	andlw	127
   459   000796  6E1D               	movwf	write_ds1307@data^0,c
   460   000798  0E00               	movlw	0
   461   00079A  EC2C  F004         	call	_write_ds1307
   462   00079E  0012               	return		;funcret
   463   0007A0                     __end_of_init_ds1307:
   464                           	callstack 0
   465                           
   466 ;; *************** function _write_ds1307 *****************
   467 ;; Defined at:
   468 ;;		line 46 in file "ds1307.c"
   469 ;; Parameters:    Size  Location     Type
   470 ;;  address         1    wreg     unsigned char 
   471 ;;  data            1    1[COMRAM] unsigned char 
   472 ;; Auto vars:     Size  Location     Type
   473 ;;  address         1    2[COMRAM] unsigned char 
   474 ;; Return value:  Size  Location     Type
   475 ;;                  1    wreg      void 
   476 ;; Registers used:
   477 ;;		wreg, status,2, cstack
   478 ;; Tracked objects:
   479 ;;		On entry : 0/0
   480 ;;		On exit  : 0/0
   481 ;;		Unchanged: 0/0
   482 ;; Data sizes:     COMRAM   BANK0   BANK1   BANK2   BANK3   BANK4   BANK5
   483 ;;      Params:         1       0       0       0       0       0       0
   484 ;;      Locals:         1       0       0       0       0       0       0
   485 ;;      Temps:          0       0       0       0       0       0       0
   486 ;;      Totals:         2       0       0       0       0       0       0
   487 ;;Total ram usage:        2 bytes
   488 ;; Hardware stack levels used: 1
   489 ;; Hardware stack levels required when called: 2
   490 ;; This function calls:
   491 ;;		_i2c_start
   492 ;;		_i2c_stop
   493 ;;		_i2c_write
   494 ;; This function is called by:
   495 ;;		_init_ds1307
   496 ;; This function uses a non-reentrant model
   497 ;;
   498                           
   499                           	psect	text4
   500   000858                     __ptext4:
   501                           	callstack 0
   502   000858                     _write_ds1307:
   503                           	callstack 26
   504                           
   505                           ;incstack = 0
   506                           ;write_ds1307@address stored from wreg
   507   000858  6E1E               	movwf	write_ds1307@address^0,c
   508   00085A                     
   509                           ;ds1307.c: 46: void write_ds1307(unsigned char address, unsigned char data);ds1307.c: 47
      +                          : {;ds1307.c: 48:  i2c_start();
   510   00085A  EC74  F004         	call	_i2c_start	;wreg free
   511   00085E                     
   512                           ;ds1307.c: 49:  i2c_write(0xD0);
   513   00085E  0ED0               	movlw	208
   514   000860  EC64  F004         	call	_i2c_write
   515   000864                     
   516                           ;ds1307.c: 50:  i2c_write(address);
   517   000864  501E               	movf	write_ds1307@address^0,w,c
   518   000866  EC64  F004         	call	_i2c_write
   519   00086A                     
   520                           ;ds1307.c: 51:  i2c_write(data);
   521   00086A  501D               	movf	write_ds1307@data^0,w,c
   522   00086C  EC64  F004         	call	_i2c_write
   523   000870                     
   524                           ;ds1307.c: 52:  i2c_stop();
   525   000870  EC70  F004         	call	_i2c_stop	;wreg free
   526   000874  0012               	return		;funcret
   527   000876                     __end_of_write_ds1307:
   528                           	callstack 0
   529                           
   530 ;; *************** function _init_clcd *****************
   531 ;; Defined at:
   532 ;;		line 27 in file "clcd.c"
   533 ;; Parameters:    Size  Location     Type
   534 ;;		None
   535 ;; Auto vars:     Size  Location     Type
   536 ;;		None
   537 ;; Return value:  Size  Location     Type
   538 ;;                  1    wreg      void 
   539 ;; Registers used:
   540 ;;		wreg, status,2, status,0, cstack
   541 ;; Tracked objects:
   542 ;;		On entry : 0/0
   543 ;;		On exit  : 0/0
   544 ;;		Unchanged: 0/0
   545 ;; Data sizes:     COMRAM   BANK0   BANK1   BANK2   BANK3   BANK4   BANK5
   546 ;;      Params:         0       0       0       0       0       0       0
   547 ;;      Locals:         0       0       0       0       0       0       0
   548 ;;      Temps:          0       0       0       0       0       0       0
   549 ;;      Totals:         0       0       0       0       0       0       0
   550 ;;Total ram usage:        0 bytes
   551 ;; Hardware stack levels used: 1
   552 ;; Hardware stack levels required when called: 1
   553 ;; This function calls:
   554 ;;		_clcd_write
   555 ;; This function is called by:
   556 ;;		_init_config
   557 ;; This function uses a non-reentrant model
   558 ;;
   559                           
   560                           	psect	text5
   561   0007DA                     __ptext5:
   562                           	callstack 0
   563   0007DA                     _init_clcd:
   564                           	callstack 28
   565   0007DA                     
   566                           ;clcd.c: 30:  TRISD = 0x00;
   567   0007DA  0E00               	movlw	0
   568   0007DC  6E95               	movwf	149,c	;volatile
   569   0007DE                     
   570                           ;clcd.c: 32:  TRISC = TRISC & 0xF8;
   571   0007DE  5094               	movf	148,w,c	;volatile
   572   0007E0  0BF8               	andlw	248
   573   0007E2  6E94               	movwf	148,c	;volatile
   574   0007E4                     
   575                           ;clcd.c: 34:  RC0 = 0;
   576   0007E4  9082               	bcf	3970,0,c	;volatile
   577   0007E6                     
   578                           ;clcd.c: 36:  clcd_write(0x02, 0);
   579   0007E6  0E00               	movlw	0
   580   0007E8  6E1C               	movwf	clcd_write@control_bit^0,c
   581   0007EA  0E02               	movlw	2
   582   0007EC  ECD0  F003         	call	_clcd_write
   583   0007F0                     
   584                           ;clcd.c: 37:  clcd_write(0x38, 0);
   585   0007F0  0E00               	movlw	0
   586   0007F2  6E1C               	movwf	clcd_write@control_bit^0,c
   587   0007F4  0E38               	movlw	56
   588   0007F6  ECD0  F003         	call	_clcd_write
   589   0007FA                     
   590                           ;clcd.c: 38:  clcd_write(0x0C, 0);
   591   0007FA  0E00               	movlw	0
   592   0007FC  6E1C               	movwf	clcd_write@control_bit^0,c
   593   0007FE  0E0C               	movlw	12
   594   000800  ECD0  F003         	call	_clcd_write
   595   000804                     
   596                           ;clcd.c: 39:  clcd_write(0x01, 0);
   597   000804  0E00               	movlw	0
   598   000806  6E1C               	movwf	clcd_write@control_bit^0,c
   599   000808  0E01               	movlw	1
   600   00080A  ECD0  F003         	call	_clcd_write
   601   00080E  0012               	return		;funcret
   602   000810                     __end_of_init_clcd:
   603                           	callstack 0
   604                           
   605 ;; *************** function _get_time *****************
   606 ;; Defined at:
   607 ;;		line 34 in file "main.c"
   608 ;; Parameters:    Size  Location     Type
   609 ;;		None
   610 ;; Auto vars:     Size  Location     Type
   611 ;;		None
   612 ;; Return value:  Size  Location     Type
   613 ;;                  1    wreg      void 
   614 ;; Registers used:
   615 ;;		wreg, status,2, status,0, cstack
   616 ;; Tracked objects:
   617 ;;		On entry : 0/0
   618 ;;		On exit  : 0/0
   619 ;;		Unchanged: 0/0
   620 ;; Data sizes:     COMRAM   BANK0   BANK1   BANK2   BANK3   BANK4   BANK5
   621 ;;      Params:         0       0       0       0       0       0       0
   622 ;;      Locals:         0       0       0       0       0       0       0
   623 ;;      Temps:          0       0       0       0       0       0       0
   624 ;;      Totals:         0       0       0       0       0       0       0
   625 ;;Total ram usage:        0 bytes
   626 ;; Hardware stack levels used: 1
   627 ;; Hardware stack levels required when called: 4
   628 ;; This function calls:
   629 ;;		_read_ds1307
   630 ;; This function is called by:
   631 ;;		_main
   632 ;; This function uses a non-reentrant model
   633 ;;
   634                           
   635                           	psect	text6
   636   00061A                     __ptext6:
   637                           	callstack 0
   638   00061A                     _get_time:
   639                           	callstack 26
   640   00061A                     
   641                           ;main.c: 36:  clock_reg[0] = read_ds1307(0x02);
   642   00061A  0E02               	movlw	2
   643   00061C  EC08  F004         	call	_read_ds1307
   644   000620  6E05               	movwf	_clock_reg^0,c
   645                           
   646                           ;main.c: 37:  clock_reg[1] = read_ds1307(0x01);
   647   000622  0E01               	movlw	1
   648   000624  EC08  F004         	call	_read_ds1307
   649   000628  6E06               	movwf	(_clock_reg+1)^0,c
   650                           
   651                           ;main.c: 38:  clock_reg[2] = read_ds1307(0x00);
   652   00062A  0E00               	movlw	0
   653   00062C  EC08  F004         	call	_read_ds1307
   654   000630  6E07               	movwf	(_clock_reg+2)^0,c
   655   000632                     
   656                           ;main.c: 40:  if (clock_reg[0] & 0x40)
   657   000632  AC05               	btfss	_clock_reg^0,6,c
   658   000634  EF1E  F003         	goto	u101
   659   000638  EF20  F003         	goto	u100
   660   00063C                     u101:
   661   00063C  EF2B  F003         	goto	l978
   662   000640                     u100:
   663   000640                     
   664                           ;main.c: 41:  {;main.c: 42:   time[0] = '0' + ((clock_reg[0] >> 4) & 0x01);
   665   000640  3805               	swapf	_clock_reg^0,w,c
   666   000642  0B0F               	andlw	15
   667   000644  0B01               	andlw	1
   668   000646  0F30               	addlw	48
   669   000648  6E13               	movwf	_time^0,c
   670                           
   671                           ;main.c: 43:   time[1] = '0' + (clock_reg[0] & 0x0F);
   672   00064A  5005               	movf	_clock_reg^0,w,c
   673   00064C  0B0F               	andlw	15
   674   00064E  0F30               	addlw	48
   675   000650  6E14               	movwf	(_time+1)^0,c
   676                           
   677                           ;main.c: 44:  }
   678   000652  EF34  F003         	goto	l980
   679   000656                     l978:
   680                           
   681                           ;main.c: 46:  {;main.c: 47:   time[0] = '0' + ((clock_reg[0] >> 4) & 0x03);
   682   000656  3805               	swapf	_clock_reg^0,w,c
   683   000658  0B0F               	andlw	15
   684   00065A  0B03               	andlw	3
   685   00065C  0F30               	addlw	48
   686   00065E  6E13               	movwf	_time^0,c
   687                           
   688                           ;main.c: 48:   time[1] = '0' + (clock_reg[0] & 0x0F);
   689   000660  5005               	movf	_clock_reg^0,w,c
   690   000662  0B0F               	andlw	15
   691   000664  0F30               	addlw	48
   692   000666  6E14               	movwf	(_time+1)^0,c
   693   000668                     l980:
   694                           
   695                           ;main.c: 50:  time[2] = ':';
   696   000668  0E3A               	movlw	58
   697   00066A  6E15               	movwf	(_time+2)^0,c
   698   00066C                     
   699                           ;main.c: 51:  time[3] = '0' + ((clock_reg[1] >> 4) & 0x0F);
   700   00066C  3806               	swapf	(_clock_reg+1)^0,w,c
   701   00066E  0B0F               	andlw	15
   702   000670  0B0F               	andlw	15
   703   000672  0F30               	addlw	48
   704   000674  6E16               	movwf	(_time+3)^0,c
   705   000676                     
   706                           ;main.c: 52:  time[4] = '0' + (clock_reg[1] & 0x0F);
   707   000676  5006               	movf	(_clock_reg+1)^0,w,c
   708   000678  0B0F               	andlw	15
   709   00067A  0F30               	addlw	48
   710   00067C  6E17               	movwf	(_time+4)^0,c
   711   00067E                     
   712                           ;main.c: 53:  time[5] = ':';
   713   00067E  0E3A               	movlw	58
   714   000680  6E18               	movwf	(_time+5)^0,c
   715                           
   716                           ;main.c: 54:  time[6] = '0' + ((clock_reg[2] >> 4) & 0x0F);
   717   000682  3807               	swapf	(_clock_reg+2)^0,w,c
   718   000684  0B0F               	andlw	15
   719   000686  0B0F               	andlw	15
   720   000688  0F30               	addlw	48
   721   00068A  6E19               	movwf	(_time+6)^0,c
   722                           
   723                           ;main.c: 55:  time[7] = '0' + (clock_reg[2] & 0x0F);
   724   00068C  5007               	movf	(_clock_reg+2)^0,w,c
   725   00068E  0B0F               	andlw	15
   726   000690  0F30               	addlw	48
   727   000692  6E1A               	movwf	(_time+7)^0,c
   728   000694                     
   729                           ;main.c: 56:  time[8] = '\0';
   730   000694  0E00               	movlw	0
   731   000696  6E1B               	movwf	(_time+8)^0,c
   732   000698  0012               	return		;funcret
   733   00069A                     __end_of_get_time:
   734                           	callstack 0
   735                           
   736 ;; *************** function _read_ds1307 *****************
   737 ;; Defined at:
   738 ;;		line 55 in file "ds1307.c"
   739 ;; Parameters:    Size  Location     Type
   740 ;;  address         1    wreg     unsigned char 
   741 ;; Auto vars:     Size  Location     Type
   742 ;;  address         1    1[COMRAM] unsigned char 
   743 ;;  data            1    2[COMRAM] unsigned char 
   744 ;; Return value:  Size  Location     Type
   745 ;;                  1    wreg      unsigned char 
   746 ;; Registers used:
   747 ;;		wreg, status,2, cstack
   748 ;; Tracked objects:
   749 ;;		On entry : 0/0
   750 ;;		On exit  : 0/0
   751 ;;		Unchanged: 0/0
   752 ;; Data sizes:     COMRAM   BANK0   BANK1   BANK2   BANK3   BANK4   BANK5
   753 ;;      Params:         0       0       0       0       0       0       0
   754 ;;      Locals:         2       0       0       0       0       0       0
   755 ;;      Temps:          0       0       0       0       0       0       0
   756 ;;      Totals:         2       0       0       0       0       0       0
   757 ;;Total ram usage:        2 bytes
   758 ;; Hardware stack levels used: 1
   759 ;; Hardware stack levels required when called: 3
   760 ;; This function calls:
   761 ;;		_i2c_read
   762 ;;		_i2c_rep_start
   763 ;;		_i2c_start
   764 ;;		_i2c_stop
   765 ;;		_i2c_write
   766 ;; This function is called by:
   767 ;;		_get_time
   768 ;;		_init_ds1307
   769 ;;		_get_date
   770 ;; This function uses a non-reentrant model
   771 ;;
   772                           
   773                           	psect	text7
   774   000810                     __ptext7:
   775                           	callstack 0
   776   000810                     _read_ds1307:
   777                           	callstack 25
   778                           
   779                           ;incstack = 0
   780                           ;read_ds1307@address stored from wreg
   781   000810  6E1D               	movwf	read_ds1307@address^0,c
   782   000812                     
   783                           ;ds1307.c: 55: unsigned char read_ds1307(unsigned char address);ds1307.c: 56: {;ds1307.c
      +                          : 57:  unsigned char data;;ds1307.c: 59:  i2c_start();
   784   000812  EC74  F004         	call	_i2c_start	;wreg free
   785   000816                     
   786                           ;ds1307.c: 60:  i2c_write(0xD0);
   787   000816  0ED0               	movlw	208
   788   000818  EC64  F004         	call	_i2c_write
   789   00081C                     
   790                           ;ds1307.c: 61:  i2c_write(address);
   791   00081C  501D               	movf	read_ds1307@address^0,w,c
   792   00081E  EC64  F004         	call	_i2c_write
   793   000822                     
   794                           ;ds1307.c: 62:  i2c_rep_start();
   795   000822  EC78  F004         	call	_i2c_rep_start	;wreg free
   796   000826                     
   797                           ;ds1307.c: 63:  i2c_write(0xD1);
   798   000826  0ED1               	movlw	209
   799   000828  EC64  F004         	call	_i2c_write
   800                           
   801                           ;ds1307.c: 64:  data = i2c_read();
   802   00082C  EC6A  F004         	call	_i2c_read	;wreg free
   803   000830  6E1E               	movwf	read_ds1307@data^0,c
   804   000832                     
   805                           ;ds1307.c: 65:  i2c_stop();
   806   000832  EC70  F004         	call	_i2c_stop	;wreg free
   807                           
   808                           ;ds1307.c: 67:  return data;
   809   000836  501E               	movf	read_ds1307@data^0,w,c
   810   000838  0012               	return		;funcret
   811   00083A                     __end_of_read_ds1307:
   812                           	callstack 0
   813                           
   814 ;; *************** function _i2c_write *****************
   815 ;; Defined at:
   816 ;;		line 55 in file "i2c.c"
   817 ;; Parameters:    Size  Location     Type
   818 ;;  data            1    wreg     unsigned char 
   819 ;; Auto vars:     Size  Location     Type
   820 ;;  data            1    0[COMRAM] unsigned char 
   821 ;; Return value:  Size  Location     Type
   822 ;;                  1    wreg      void 
   823 ;; Registers used:
   824 ;;		wreg, cstack
   825 ;; Tracked objects:
   826 ;;		On entry : 0/0
   827 ;;		On exit  : 0/0
   828 ;;		Unchanged: 0/0
   829 ;; Data sizes:     COMRAM   BANK0   BANK1   BANK2   BANK3   BANK4   BANK5
   830 ;;      Params:         0       0       0       0       0       0       0
   831 ;;      Locals:         1       0       0       0       0       0       0
   832 ;;      Temps:          0       0       0       0       0       0       0
   833 ;;      Totals:         1       0       0       0       0       0       0
   834 ;;Total ram usage:        1 bytes
   835 ;; Hardware stack levels used: 1
   836 ;; Hardware stack levels required when called: 1
   837 ;; This function calls:
   838 ;;		_i2c_idle
   839 ;; This function is called by:
   840 ;;		_write_ds1307
   841 ;;		_read_ds1307
   842 ;; This function uses a non-reentrant model
   843 ;;
   844                           
   845                           	psect	text8
   846   0008C8                     __ptext8:
   847                           	callstack 0
   848   0008C8                     _i2c_write:
   849                           	callstack 26
   850                           
   851                           ;incstack = 0
   852                           ;i2c_write@data stored from wreg
   853   0008C8  6E1C               	movwf	i2c_write@data^0,c
   854   0008CA                     
   855                           ;i2c.c: 55: void i2c_write(unsigned char data);i2c.c: 56: {;i2c.c: 57:  SSPBUF = data;
   856   0008CA  C01C  FFC9         	movff	i2c_write@data,4041	;volatile
   857   0008CE                     
   858                           ;i2c.c: 58:  i2c_idle();
   859   0008CE  EC5B  F004         	call	_i2c_idle	;wreg free
   860   0008D2  0012               	return		;funcret
   861   0008D4                     __end_of_i2c_write:
   862                           	callstack 0
   863                           
   864 ;; *************** function _i2c_stop *****************
   865 ;; Defined at:
   866 ;;		line 43 in file "i2c.c"
   867 ;; Parameters:    Size  Location     Type
   868 ;;		None
   869 ;; Auto vars:     Size  Location     Type
   870 ;;		None
   871 ;; Return value:  Size  Location     Type
   872 ;;                  1    wreg      void 
   873 ;; Registers used:
   874 ;;		cstack
   875 ;; Tracked objects:
   876 ;;		On entry : 0/0
   877 ;;		On exit  : 0/0
   878 ;;		Unchanged: 0/0
   879 ;; Data sizes:     COMRAM   BANK0   BANK1   BANK2   BANK3   BANK4   BANK5
   880 ;;      Params:         0       0       0       0       0       0       0
   881 ;;      Locals:         0       0       0       0       0       0       0
   882 ;;      Temps:          0       0       0       0       0       0       0
   883 ;;      Totals:         0       0       0       0       0       0       0
   884 ;;Total ram usage:        0 bytes
   885 ;; Hardware stack levels used: 1
   886 ;; Hardware stack levels required when called: 1
   887 ;; This function calls:
   888 ;;		_i2c_idle
   889 ;; This function is called by:
   890 ;;		_write_ds1307
   891 ;;		_read_ds1307
   892 ;; This function uses a non-reentrant model
   893 ;;
   894                           
   895                           	psect	text9
   896   0008E0                     __ptext9:
   897                           	callstack 0
   898   0008E0                     _i2c_stop:
   899                           	callstack 26
   900   0008E0                     
   901                           ;i2c.c: 45:  PEN = 1;
   902   0008E0  84C5               	bsf	4037,2,c	;volatile
   903   0008E2                     
   904                           ;i2c.c: 46:  i2c_idle();
   905   0008E2  EC5B  F004         	call	_i2c_idle	;wreg free
   906   0008E6  0012               	return		;funcret
   907   0008E8                     __end_of_i2c_stop:
   908                           	callstack 0
   909                           
   910 ;; *************** function _i2c_start *****************
   911 ;; Defined at:
   912 ;;		line 37 in file "i2c.c"
   913 ;; Parameters:    Size  Location     Type
   914 ;;		None
   915 ;; Auto vars:     Size  Location     Type
   916 ;;		None
   917 ;; Return value:  Size  Location     Type
   918 ;;                  1    wreg      void 
   919 ;; Registers used:
   920 ;;		cstack
   921 ;; Tracked objects:
   922 ;;		On entry : 0/0
   923 ;;		On exit  : 0/0
   924 ;;		Unchanged: 0/0
   925 ;; Data sizes:     COMRAM   BANK0   BANK1   BANK2   BANK3   BANK4   BANK5
   926 ;;      Params:         0       0       0       0       0       0       0
   927 ;;      Locals:         0       0       0       0       0       0       0
   928 ;;      Temps:          0       0       0       0       0       0       0
   929 ;;      Totals:         0       0       0       0       0       0       0
   930 ;;Total ram usage:        0 bytes
   931 ;; Hardware stack levels used: 1
   932 ;; Hardware stack levels required when called: 1
   933 ;; This function calls:
   934 ;;		_i2c_idle
   935 ;; This function is called by:
   936 ;;		_write_ds1307
   937 ;;		_read_ds1307
   938 ;; This function uses a non-reentrant model
   939 ;;
   940                           
   941                           	psect	text10
   942   0008E8                     __ptext10:
   943                           	callstack 0
   944   0008E8                     _i2c_start:
   945                           	callstack 26
   946   0008E8                     
   947                           ;i2c.c: 39:  SEN = 1;
   948   0008E8  80C5               	bsf	4037,0,c	;volatile
   949   0008EA                     
   950                           ;i2c.c: 40:  i2c_idle();
   951   0008EA  EC5B  F004         	call	_i2c_idle	;wreg free
   952   0008EE  0012               	return		;funcret
   953   0008F0                     __end_of_i2c_start:
   954                           	callstack 0
   955                           
   956 ;; *************** function _i2c_rep_start *****************
   957 ;; Defined at:
   958 ;;		line 49 in file "i2c.c"
   959 ;; Parameters:    Size  Location     Type
   960 ;;		None
   961 ;; Auto vars:     Size  Location     Type
   962 ;;		None
   963 ;; Return value:  Size  Location     Type
   964 ;;                  1    wreg      void 
   965 ;; Registers used:
   966 ;;		cstack
   967 ;; Tracked objects:
   968 ;;		On entry : 0/0
   969 ;;		On exit  : 0/0
   970 ;;		Unchanged: 0/0
   971 ;; Data sizes:     COMRAM   BANK0   BANK1   BANK2   BANK3   BANK4   BANK5
   972 ;;      Params:         0       0       0       0       0       0       0
   973 ;;      Locals:         0       0       0       0       0       0       0
   974 ;;      Temps:          0       0       0       0       0       0       0
   975 ;;      Totals:         0       0       0       0       0       0       0
   976 ;;Total ram usage:        0 bytes
   977 ;; Hardware stack levels used: 1
   978 ;; Hardware stack levels required when called: 1
   979 ;; This function calls:
   980 ;;		_i2c_idle
   981 ;; This function is called by:
   982 ;;		_read_ds1307
   983 ;; This function uses a non-reentrant model
   984 ;;
   985                           
   986                           	psect	text11
   987   0008F0                     __ptext11:
   988                           	callstack 0
   989   0008F0                     _i2c_rep_start:
   990                           	callstack 26
   991   0008F0                     
   992                           ;i2c.c: 51:  RSEN = 1;
   993   0008F0  82C5               	bsf	4037,1,c	;volatile
   994   0008F2                     
   995                           ;i2c.c: 52:  i2c_idle();
   996   0008F2  EC5B  F004         	call	_i2c_idle	;wreg free
   997   0008F6  0012               	return		;funcret
   998   0008F8                     __end_of_i2c_rep_start:
   999                           	callstack 0
  1000                           
  1001 ;; *************** function _i2c_read *****************
  1002 ;; Defined at:
  1003 ;;		line 73 in file "i2c.c"
  1004 ;; Parameters:    Size  Location     Type
  1005 ;;		None
  1006 ;; Auto vars:     Size  Location     Type
  1007 ;;		None
  1008 ;; Return value:  Size  Location     Type
  1009 ;;                  1    wreg      unsigned char 
  1010 ;; Registers used:
  1011 ;;		wreg, status,2, cstack
  1012 ;; Tracked objects:
  1013 ;;		On entry : 0/0
  1014 ;;		On exit  : 0/0
  1015 ;;		Unchanged: 0/0
  1016 ;; Data sizes:     COMRAM   BANK0   BANK1   BANK2   BANK3   BANK4   BANK5
  1017 ;;      Params:         0       0       0       0       0       0       0
  1018 ;;      Locals:         0       0       0       0       0       0       0
  1019 ;;      Temps:          0       0       0       0       0       0       0
  1020 ;;      Totals:         0       0       0       0       0       0       0
  1021 ;;Total ram usage:        0 bytes
  1022 ;; Hardware stack levels used: 1
  1023 ;; Hardware stack levels required when called: 2
  1024 ;; This function calls:
  1025 ;;		_i2c_no_ack
  1026 ;;		_i2c_rx_mode
  1027 ;; This function is called by:
  1028 ;;		_read_ds1307
  1029 ;; This function uses a non-reentrant model
  1030 ;;
  1031                           
  1032                           	psect	text12
  1033   0008D4                     __ptext12:
  1034                           	callstack 0
  1035   0008D4                     _i2c_read:
  1036                           	callstack 25
  1037   0008D4                     
  1038                           ;i2c.c: 75:  i2c_rx_mode();
  1039   0008D4  EC7C  F004         	call	_i2c_rx_mode	;wreg free
  1040                           
  1041                           ;i2c.c: 76:  i2c_no_ack();
  1042   0008D8  EC80  F004         	call	_i2c_no_ack	;wreg free
  1043   0008DC                     
  1044                           ;i2c.c: 78:  return SSPBUF;
  1045   0008DC  50C9               	movf	201,w,c	;volatile
  1046   0008DE  0012               	return		;funcret
  1047   0008E0                     __end_of_i2c_read:
  1048                           	callstack 0
  1049                           
  1050 ;; *************** function _i2c_rx_mode *****************
  1051 ;; Defined at:
  1052 ;;		line 61 in file "i2c.c"
  1053 ;; Parameters:    Size  Location     Type
  1054 ;;		None
  1055 ;; Auto vars:     Size  Location     Type
  1056 ;;		None
  1057 ;; Return value:  Size  Location     Type
  1058 ;;                  1    wreg      void 
  1059 ;; Registers used:
  1060 ;;		cstack
  1061 ;; Tracked objects:
  1062 ;;		On entry : 0/0
  1063 ;;		On exit  : 0/0
  1064 ;;		Unchanged: 0/0
  1065 ;; Data sizes:     COMRAM   BANK0   BANK1   BANK2   BANK3   BANK4   BANK5
  1066 ;;      Params:         0       0       0       0       0       0       0
  1067 ;;      Locals:         0       0       0       0       0       0       0
  1068 ;;      Temps:          0       0       0       0       0       0       0
  1069 ;;      Totals:         0       0       0       0       0       0       0
  1070 ;;Total ram usage:        0 bytes
  1071 ;; Hardware stack levels used: 1
  1072 ;; Hardware stack levels required when called: 1
  1073 ;; This function calls:
  1074 ;;		_i2c_idle
  1075 ;; This function is called by:
  1076 ;;		_i2c_read
  1077 ;; This function uses a non-reentrant model
  1078 ;;
  1079                           
  1080                           	psect	text13
  1081   0008F8                     __ptext13:
  1082                           	callstack 0
  1083   0008F8                     _i2c_rx_mode:
  1084                           	callstack 25
  1085   0008F8                     
  1086                           ;i2c.c: 63:  RCEN = 1;
  1087   0008F8  86C5               	bsf	4037,3,c	;volatile
  1088   0008FA                     
  1089                           ;i2c.c: 64:  i2c_idle();
  1090   0008FA  EC5B  F004         	call	_i2c_idle	;wreg free
  1091   0008FE  0012               	return		;funcret
  1092   000900                     __end_of_i2c_rx_mode:
  1093                           	callstack 0
  1094                           
  1095 ;; *************** function _i2c_idle *****************
  1096 ;; Defined at:
  1097 ;;		line 23 in file "i2c.c"
  1098 ;; Parameters:    Size  Location     Type
  1099 ;;		None
  1100 ;; Auto vars:     Size  Location     Type
  1101 ;;		None
  1102 ;; Return value:  Size  Location     Type
  1103 ;;                  1    wreg      void 
  1104 ;; Registers used:
  1105 ;;		None
  1106 ;; Tracked objects:
  1107 ;;		On entry : 0/0
  1108 ;;		On exit  : 0/0
  1109 ;;		Unchanged: 0/0
  1110 ;; Data sizes:     COMRAM   BANK0   BANK1   BANK2   BANK3   BANK4   BANK5
  1111 ;;      Params:         0       0       0       0       0       0       0
  1112 ;;      Locals:         0       0       0       0       0       0       0
  1113 ;;      Temps:          0       0       0       0       0       0       0
  1114 ;;      Totals:         0       0       0       0       0       0       0
  1115 ;;Total ram usage:        0 bytes
  1116 ;; Hardware stack levels used: 1
  1117 ;; This function calls:
  1118 ;;		Nothing
  1119 ;; This function is called by:
  1120 ;;		_i2c_start
  1121 ;;		_i2c_stop
  1122 ;;		_i2c_rep_start
  1123 ;;		_i2c_write
  1124 ;;		_i2c_rx_mode
  1125 ;; This function uses a non-reentrant model
  1126 ;;
  1127                           
  1128                           	psect	text14
  1129   0008B6                     __ptext14:
  1130                           	callstack 0
  1131   0008B6                     _i2c_idle:
  1132                           	callstack 26
  1133   0008B6                     l84:
  1134   0008B6  A69E               	btfss	3998,3,c	;volatile
  1135   0008B8  EF60  F004         	goto	u11
  1136   0008BC  EF62  F004         	goto	u10
  1137   0008C0                     u11:
  1138   0008C0  EF5B  F004         	goto	l84
  1139   0008C4                     u10:
  1140   0008C4                     
  1141                           ;i2c.c: 26:  SSPIF = 0;
  1142   0008C4  969E               	bcf	3998,3,c	;volatile
  1143   0008C6  0012               	return		;funcret
  1144   0008C8                     __end_of_i2c_idle:
  1145                           	callstack 0
  1146                           
  1147 ;; *************** function _i2c_no_ack *****************
  1148 ;; Defined at:
  1149 ;;		line 67 in file "i2c.c"
  1150 ;; Parameters:    Size  Location     Type
  1151 ;;		None
  1152 ;; Auto vars:     Size  Location     Type
  1153 ;;		None
  1154 ;; Return value:  Size  Location     Type
  1155 ;;                  1    wreg      void 
  1156 ;; Registers used:
  1157 ;;		None
  1158 ;; Tracked objects:
  1159 ;;		On entry : 0/0
  1160 ;;		On exit  : 0/0
  1161 ;;		Unchanged: 0/0
  1162 ;; Data sizes:     COMRAM   BANK0   BANK1   BANK2   BANK3   BANK4   BANK5
  1163 ;;      Params:         0       0       0       0       0       0       0
  1164 ;;      Locals:         0       0       0       0       0       0       0
  1165 ;;      Temps:          0       0       0       0       0       0       0
  1166 ;;      Totals:         0       0       0       0       0       0       0
  1167 ;;Total ram usage:        0 bytes
  1168 ;; Hardware stack levels used: 1
  1169 ;; This function calls:
  1170 ;;		Nothing
  1171 ;; This function is called by:
  1172 ;;		_i2c_read
  1173 ;; This function uses a non-reentrant model
  1174 ;;
  1175                           
  1176                           	psect	text15
  1177   000900                     __ptext15:
  1178                           	callstack 0
  1179   000900                     _i2c_no_ack:
  1180                           	callstack 26
  1181   000900                     
  1182                           ;i2c.c: 69:  ACKDT = 1;
  1183   000900  8AC5               	bsf	4037,5,c	;volatile
  1184                           
  1185                           ;i2c.c: 70:  ACKEN = 1;
  1186   000902  88C5               	bsf	4037,4,c	;volatile
  1187   000904  0012               	return		;funcret
  1188   000906                     __end_of_i2c_no_ack:
  1189                           	callstack 0
  1190                           
  1191 ;; *************** function _display_time *****************
  1192 ;; Defined at:
  1193 ;;		line 17 in file "main.c"
  1194 ;; Parameters:    Size  Location     Type
  1195 ;;		None
  1196 ;; Auto vars:     Size  Location     Type
  1197 ;;		None
  1198 ;; Return value:  Size  Location     Type
  1199 ;;                  1    wreg      void 
  1200 ;; Registers used:
  1201 ;;		wreg, fsr0l, fsr0h, status,2, status,0, tblptrl, tblptrh, tblptru, cstack
  1202 ;; Tracked objects:
  1203 ;;		On entry : 0/0
  1204 ;;		On exit  : 0/0
  1205 ;;		Unchanged: 0/0
  1206 ;; Data sizes:     COMRAM   BANK0   BANK1   BANK2   BANK3   BANK4   BANK5
  1207 ;;      Params:         0       0       0       0       0       0       0
  1208 ;;      Locals:         0       0       0       0       0       0       0
  1209 ;;      Temps:          0       0       0       0       0       0       0
  1210 ;;      Totals:         0       0       0       0       0       0       0
  1211 ;;Total ram usage:        0 bytes
  1212 ;; Hardware stack levels used: 1
  1213 ;; Hardware stack levels required when called: 2
  1214 ;; This function calls:
  1215 ;;		_clcd_print
  1216 ;; This function is called by:
  1217 ;;		_main
  1218 ;; This function uses a non-reentrant model
  1219 ;;
  1220                           
  1221                           	psect	text16
  1222   000706                     __ptext16:
  1223                           	callstack 0
  1224   000706                     _display_time:
  1225                           	callstack 28
  1226   000706                     
  1227                           ;main.c: 19:  clcd_print(time, (0xC0 + (2)));
  1228   000706  0E13               	movlw	low _time
  1229   000708  6E1E               	movwf	clcd_print@data^0,c
  1230   00070A  0E00               	movlw	high _time
  1231   00070C  6E1F               	movwf	(clcd_print@data+1)^0,c
  1232   00070E  0EC2               	movlw	194
  1233   000710  6E20               	movwf	clcd_print@addr^0,c
  1234   000712  EC4D  F003         	call	_clcd_print	;wreg free
  1235   000716                     
  1236                           ;main.c: 21:  if (clock_reg[0] & 0x40)
  1237   000716  AC05               	btfss	_clock_reg^0,6,c
  1238   000718  EF90  F003         	goto	u171
  1239   00071C  EF92  F003         	goto	u170
  1240   000720                     u171:
  1241   000720  EFAB  F003         	goto	l27
  1242   000724                     u170:
  1243   000724                     
  1244                           ;main.c: 22:  {;main.c: 23:   if (clock_reg[0] & 0x20)
  1245   000724  AA05               	btfss	_clock_reg^0,5,c
  1246   000726  EF97  F003         	goto	u181
  1247   00072A  EF99  F003         	goto	u180
  1248   00072E                     u181:
  1249   00072E  EFA3  F003         	goto	l1104
  1250   000732                     u180:
  1251   000732                     
  1252                           ;main.c: 24:   {;main.c: 25:    clcd_print("PM", (0xC0 + (12)));
  1253   000732  0E15               	movlw	low STR_1
  1254   000734  6E1E               	movwf	clcd_print@data^0,c
  1255   000736  0E06               	movlw	high STR_1
  1256   000738  6E1F               	movwf	(clcd_print@data+1)^0,c
  1257   00073A  0ECC               	movlw	204
  1258   00073C  6E20               	movwf	clcd_print@addr^0,c
  1259   00073E  EC4D  F003         	call	_clcd_print	;wreg free
  1260                           
  1261                           ;main.c: 26:   }
  1262   000742  EFAB  F003         	goto	l27
  1263   000746                     l1104:
  1264                           
  1265                           ;main.c: 28:   {;main.c: 29:    clcd_print("AM", (0xC0 + (12)));
  1266   000746  0E12               	movlw	low STR_2
  1267   000748  6E1E               	movwf	clcd_print@data^0,c
  1268   00074A  0E06               	movlw	high STR_2
  1269   00074C  6E1F               	movwf	(clcd_print@data+1)^0,c
  1270   00074E  0ECC               	movlw	204
  1271   000750  6E20               	movwf	clcd_print@addr^0,c
  1272   000752  EC4D  F003         	call	_clcd_print	;wreg free
  1273   000756                     l27:
  1274   000756  0012               	return		;funcret
  1275   000758                     __end_of_display_time:
  1276                           	callstack 0
  1277                           
  1278 ;; *************** function _clcd_print *****************
  1279 ;; Defined at:
  1280 ;;		line 42 in file "clcd.c"
  1281 ;; Parameters:    Size  Location     Type
  1282 ;;  data            2    2[COMRAM] PTR const unsigned char 
  1283 ;;		 -> STR_3(17), STR_2(3), STR_1(3), time(9), 
  1284 ;;		 -> date(11), 
  1285 ;;  addr            1    4[COMRAM] unsigned char 
  1286 ;; Auto vars:     Size  Location     Type
  1287 ;;		None
  1288 ;; Return value:  Size  Location     Type
  1289 ;;                  1    wreg      void 
  1290 ;; Registers used:
  1291 ;;		wreg, fsr0l, fsr0h, status,2, status,0, tblptrl, tblptrh, tblptru, cstack
  1292 ;; Tracked objects:
  1293 ;;		On entry : 0/0
  1294 ;;		On exit  : 0/0
  1295 ;;		Unchanged: 0/0
  1296 ;; Data sizes:     COMRAM   BANK0   BANK1   BANK2   BANK3   BANK4   BANK5
  1297 ;;      Params:         3       0       0       0       0       0       0
  1298 ;;      Locals:         0       0       0       0       0       0       0
  1299 ;;      Temps:          0       0       0       0       0       0       0
  1300 ;;      Totals:         3       0       0       0       0       0       0
  1301 ;;Total ram usage:        3 bytes
  1302 ;; Hardware stack levels used: 1
  1303 ;; Hardware stack levels required when called: 1
  1304 ;; This function calls:
  1305 ;;		_clcd_write
  1306 ;; This function is called by:
  1307 ;;		_display_time
  1308 ;;		_init_config
  1309 ;;		_display_date
  1310 ;; This function uses a non-reentrant model
  1311 ;;
  1312                           
  1313                           	psect	text17
  1314   00069A                     __ptext17:
  1315                           	callstack 0
  1316   00069A                     _clcd_print:
  1317                           	callstack 28
  1318   00069A                     
  1319                           ;clcd.c: 42: void clcd_print(const unsigned char *data, unsigned char addr);clcd.c: 43: 
      +                          {;clcd.c: 44:  clcd_write(addr, 0);
  1320   00069A  0E00               	movlw	0
  1321   00069C  6E1C               	movwf	clcd_write@control_bit^0,c
  1322   00069E  5020               	movf	clcd_print@addr^0,w,c
  1323   0006A0  ECD0  F003         	call	_clcd_write
  1324                           
  1325                           ;clcd.c: 45:  while (*data != '\0')
  1326   0006A4  EF6A  F003         	goto	l1070
  1327   0006A8                     l1066:
  1328                           
  1329                           ;clcd.c: 46:  {;clcd.c: 47:   clcd_write(*data++, 1);
  1330   0006A8  0E01               	movlw	1
  1331   0006AA  6E1C               	movwf	clcd_write@control_bit^0,c
  1332   0006AC  C01E  FFF6         	movff	clcd_print@data,tblptrl
  1333   0006B0  C01F  FFF7         	movff	clcd_print@data+1,tblptrh
  1334   0006B4  6AF8               	clrf	tblptru,c
  1335   0006B6  0E05               	movlw	(high __ramtop+-1)
  1336   0006B8  64F7               	cpfsgt	tblptrh,c
  1337   0006BA  D003               	bra	u147
  1338   0006BC  0008               	tblrd		*
  1339   0006BE  50F5               	movf	tablat,w,c
  1340   0006C0  D005               	bra	u140
  1341   0006C2                     u147:
  1342   0006C2  CFF6 FFE9          	movff	tblptrl,fsr0l
  1343   0006C6  CFF7 FFEA          	movff	tblptrh,fsr0h
  1344   0006CA  50EF               	movf	indf0,w,c
  1345   0006CC                     u140:
  1346   0006CC  ECD0  F003         	call	_clcd_write
  1347   0006D0  4A1E               	infsnz	clcd_print@data^0,f,c
  1348   0006D2  2A1F               	incf	(clcd_print@data+1)^0,f,c
  1349   0006D4                     l1070:
  1350                           
  1351                           ;clcd.c: 45:  while (*data != '\0')
  1352   0006D4  C01E  FFF6         	movff	clcd_print@data,tblptrl
  1353   0006D8  C01F  FFF7         	movff	clcd_print@data+1,tblptrh
  1354   0006DC  6AF8               	clrf	tblptru,c
  1355   0006DE  0E05               	movlw	(high __ramtop+-1)
  1356   0006E0  64F7               	cpfsgt	tblptrh,c
  1357   0006E2  D003               	bra	u157
  1358   0006E4  0008               	tblrd		*
  1359   0006E6  50F5               	movf	tablat,w,c
  1360   0006E8  D005               	bra	u150
  1361   0006EA                     u157:
  1362   0006EA  CFF6 FFE9          	movff	tblptrl,fsr0l
  1363   0006EE  CFF7 FFEA          	movff	tblptrh,fsr0h
  1364   0006F2  50EF               	movf	indf0,w,c
  1365   0006F4                     u150:
  1366   0006F4  0900               	iorlw	0
  1367   0006F6  A4D8               	btfss	status,2,c
  1368   0006F8  EF80  F003         	goto	u161
  1369   0006FC  EF82  F003         	goto	u160
  1370   000700                     u161:
  1371   000700  EF54  F003         	goto	l1066
  1372   000704                     u160:
  1373   000704  0012               	return		;funcret
  1374   000706                     __end_of_clcd_print:
  1375                           	callstack 0
  1376                           
  1377 ;; *************** function _clcd_write *****************
  1378 ;; Defined at:
  1379 ;;		line 4 in file "clcd.c"
  1380 ;; Parameters:    Size  Location     Type
  1381 ;;  byte            1    wreg     unsigned char 
  1382 ;;  control_bit     1    0[COMRAM] unsigned char 
  1383 ;; Auto vars:     Size  Location     Type
  1384 ;;  byte            1    1[COMRAM] unsigned char 
  1385 ;; Return value:  Size  Location     Type
  1386 ;;                  1    wreg      void 
  1387 ;; Registers used:
  1388 ;;		wreg
  1389 ;; Tracked objects:
  1390 ;;		On entry : 0/0
  1391 ;;		On exit  : 0/0
  1392 ;;		Unchanged: 0/0
  1393 ;; Data sizes:     COMRAM   BANK0   BANK1   BANK2   BANK3   BANK4   BANK5
  1394 ;;      Params:         1       0       0       0       0       0       0
  1395 ;;      Locals:         1       0       0       0       0       0       0
  1396 ;;      Temps:          0       0       0       0       0       0       0
  1397 ;;      Totals:         2       0       0       0       0       0       0
  1398 ;;Total ram usage:        2 bytes
  1399 ;; Hardware stack levels used: 1
  1400 ;; This function calls:
  1401 ;;		Nothing
  1402 ;; This function is called by:
  1403 ;;		_init_clcd
  1404 ;;		_clcd_print
  1405 ;;		_clcd_putch
  1406 ;; This function uses a non-reentrant model
  1407 ;;
  1408                           
  1409                           	psect	text18
  1410   0007A0                     __ptext18:
  1411                           	callstack 0
  1412   0007A0                     _clcd_write:
  1413                           	callstack 28
  1414                           
  1415                           ;incstack = 0
  1416                           ;clcd_write@byte stored from wreg
  1417   0007A0  6E1D               	movwf	clcd_write@byte^0,c
  1418   0007A2                     
  1419                           ;clcd.c: 4: void clcd_write(unsigned char byte, unsigned char control_bit);clcd.c: 5: {;
      +                          clcd.c: 6:  RC1 = control_bit;
  1420   0007A2  B01C               	btfsc	clcd_write@control_bit^0,0,c
  1421   0007A4  EFD6  F003         	goto	u111
  1422   0007A8  EFD9  F003         	goto	u110
  1423   0007AC                     u111:
  1424   0007AC  8282               	bsf	3970,1,c	;volatile
  1425   0007AE  EFDA  F003         	goto	u125
  1426   0007B2                     u110:
  1427   0007B2  9282               	bcf	3970,1,c	;volatile
  1428   0007B4                     u125:
  1429   0007B4                     
  1430                           ;clcd.c: 7:  PORTD = byte;
  1431   0007B4  C01D  FF83         	movff	clcd_write@byte,3971	;volatile
  1432   0007B8                     
  1433                           ;clcd.c: 10:  RC2 = 1;
  1434   0007B8  8482               	bsf	3970,2,c	;volatile
  1435   0007BA                     
  1436                           ;clcd.c: 11:  RC2 = 0;
  1437   0007BA  9482               	bcf	3970,2,c	;volatile
  1438   0007BC                     
  1439                           ;clcd.c: 13:  TRISD7 = 0xFF;
  1440   0007BC  8E95               	bsf	3989,7,c	;volatile
  1441   0007BE                     
  1442                           ;clcd.c: 14:  RC0 = 1;
  1443   0007BE  8082               	bsf	3970,0,c	;volatile
  1444   0007C0                     
  1445                           ;clcd.c: 15:  RC1 = 0;
  1446   0007C0  9282               	bcf	3970,1,c	;volatile
  1447   0007C2                     l1058:
  1448                           
  1449                           ;clcd.c: 18:  {;clcd.c: 19:   RC2 = 1;
  1450   0007C2  8482               	bsf	3970,2,c	;volatile
  1451   0007C4                     
  1452                           ;clcd.c: 20:   RC2 = 0;
  1453   0007C4  9482               	bcf	3970,2,c	;volatile
  1454   0007C6                     
  1455                           ;clcd.c: 21:  } while (RD7);
  1456   0007C6  BE83               	btfsc	3971,7,c	;volatile
  1457   0007C8  EFE8  F003         	goto	u131
  1458   0007CC  EFEA  F003         	goto	u130
  1459   0007D0                     u131:
  1460   0007D0  EFE1  F003         	goto	l1058
  1461   0007D4                     u130:
  1462   0007D4                     
  1463                           ;clcd.c: 23:  RC0 = 0;
  1464   0007D4  9082               	bcf	3970,0,c	;volatile
  1465                           
  1466                           ;clcd.c: 24:  TRISD7 = 0x00;
  1467   0007D6  9E95               	bcf	3989,7,c	;volatile
  1468   0007D8  0012               	return		;funcret
  1469   0007DA                     __end_of_clcd_write:
  1470                           	callstack 0
  1471                           
  1472                           	psect	rparam
  1473   000000                     
  1474                           	psect	idloc
  1475                           
  1476                           ;Config register IDLOC0 @ 0x200000
  1477                           ;	unspecified, using default values
  1478   200000                     	org	2097152
  1479   200000  FF                 	db	255
  1480                           
  1481                           ;Config register IDLOC1 @ 0x200001
  1482                           ;	unspecified, using default values
  1483   200001                     	org	2097153
  1484   200001  FF                 	db	255
  1485                           
  1486                           ;Config register IDLOC2 @ 0x200002
  1487                           ;	unspecified, using default values
  1488   200002                     	org	2097154
  1489   200002  FF                 	db	255
  1490                           
  1491                           ;Config register IDLOC3 @ 0x200003
  1492                           ;	unspecified, using default values
  1493   200003                     	org	2097155
  1494   200003  FF                 	db	255
  1495                           
  1496                           ;Config register IDLOC4 @ 0x200004
  1497                           ;	unspecified, using default values
  1498   200004                     	org	2097156
  1499   200004  FF                 	db	255
  1500                           
  1501                           ;Config register IDLOC5 @ 0x200005
  1502                           ;	unspecified, using default values
  1503   200005                     	org	2097157
  1504   200005  FF                 	db	255
  1505                           
  1506                           ;Config register IDLOC6 @ 0x200006
  1507                           ;	unspecified, using default values
  1508   200006                     	org	2097158
  1509   200006  FF                 	db	255
  1510                           
  1511                           ;Config register IDLOC7 @ 0x200007
  1512                           ;	unspecified, using default values
  1513   200007                     	org	2097159
  1514   200007  FF                 	db	255
  1515                           
  1516                           	psect	config
  1517                           
  1518                           ; Padding undefined space
  1519   300000                     	org	3145728
  1520   300000  FF                 	db	255
  1521                           
  1522                           ;Config register CONFIG1H @ 0x300001
  1523                           ;	unspecified, using default values
  1524                           ;	Oscillator Selection bits
  1525                           ;	OSC = 0x7, unprogrammed default
  1526                           ;	Fail-Safe Clock Monitor Enable bit
  1527                           ;	FCMEN = 0x0, unprogrammed default
  1528                           ;	Internal/External Oscillator Switchover bit
  1529                           ;	IESO = 0x0, unprogrammed default
  1530   300001                     	org	3145729
  1531   300001  07                 	db	7
  1532                           
  1533                           ;Config register CONFIG2L @ 0x300002
  1534                           ;	unspecified, using default values
  1535                           ;	Power-up Timer Enable bit
  1536                           ;	PWRT = 0x1, unprogrammed default
  1537                           ;	Brown-out Reset Enable bits
  1538                           ;	BOREN = 0x3, unprogrammed default
  1539                           ;	Brown-out Reset Voltage bits
  1540                           ;	BORV = 0x3, unprogrammed default
  1541   300002                     	org	3145730
  1542   300002  1F                 	db	31
  1543                           
  1544                           ;Config register CONFIG2H @ 0x300003
  1545                           ;	unspecified, using default values
  1546                           ;	Watchdog Timer Enable bit
  1547                           ;	WDT = 0x1, unprogrammed default
  1548                           ;	Watchdog Timer Postscale Select bits
  1549                           ;	WDTPS = 0xF, unprogrammed default
  1550   300003                     	org	3145731
  1551   300003  1F                 	db	31
  1552                           
  1553                           ; Padding undefined space
  1554   300004                     	org	3145732
  1555   300004  FF                 	db	255
  1556                           
  1557                           ;Config register CONFIG3H @ 0x300005
  1558                           ;	unspecified, using default values
  1559                           ;	PORTB A/D Enable bit
  1560                           ;	PBADEN = 0x1, unprogrammed default
  1561                           ;	Low-Power Timer 1 Oscillator Enable bit
  1562                           ;	LPT1OSC = 0x0, unprogrammed default
  1563                           ;	MCLR Pin Enable bit
  1564                           ;	MCLRE = 0x1, unprogrammed default
  1565   300005                     	org	3145733
  1566   300005  82                 	db	130
  1567                           
  1568                           ;Config register CONFIG4L @ 0x300006
  1569                           ;	unspecified, using default values
  1570                           ;	Stack Full/Underflow Reset Enable bit
  1571                           ;	STVREN = 0x1, unprogrammed default
  1572                           ;	Single-Supply ICSP Enable bit
  1573                           ;	LVP = 0x1, unprogrammed default
  1574                           ;	Boot Block Size Select bit
  1575                           ;	BBSIZ = 0x0, unprogrammed default
  1576                           ;	Extended Instruction Set Enable bit
  1577                           ;	XINST = 0x0, unprogrammed default
  1578                           ;	Background Debugger Enable bit
  1579                           ;	DEBUG = 0x1, unprogrammed default
  1580   300006                     	org	3145734
  1581   300006  85                 	db	133
  1582                           
  1583                           ; Padding undefined space
  1584   300007                     	org	3145735
  1585   300007  FF                 	db	255
  1586                           
  1587                           ;Config register CONFIG5L @ 0x300008
  1588                           ;	unspecified, using default values
  1589                           ;	Code Protection bit
  1590                           ;	CP0 = 0x1, unprogrammed default
  1591                           ;	Code Protection bit
  1592                           ;	CP1 = 0x1, unprogrammed default
  1593                           ;	Code Protection bit
  1594                           ;	CP2 = 0x1, unprogrammed default
  1595                           ;	Code Protection bit
  1596                           ;	CP3 = 0x1, unprogrammed default
  1597   300008                     	org	3145736
  1598   300008  0F                 	db	15
  1599                           
  1600                           ;Config register CONFIG5H @ 0x300009
  1601                           ;	unspecified, using default values
  1602                           ;	Boot Block Code Protection bit
  1603                           ;	CPB = 0x1, unprogrammed default
  1604                           ;	Data EEPROM Code Protection bit
  1605                           ;	CPD = 0x1, unprogrammed default
  1606   300009                     	org	3145737
  1607   300009  C0                 	db	192
  1608                           
  1609                           ;Config register CONFIG6L @ 0x30000A
  1610                           ;	unspecified, using default values
  1611                           ;	Write Protection bit
  1612                           ;	WRT0 = 0x1, unprogrammed default
  1613                           ;	Write Protection bit
  1614                           ;	WRT1 = 0x1, unprogrammed default
  1615                           ;	Write Protection bit
  1616                           ;	WRT2 = 0x1, unprogrammed default
  1617                           ;	Write Protection bit
  1618                           ;	WRT3 = 0x1, unprogrammed default
  1619   30000A                     	org	3145738
  1620   30000A  0F                 	db	15
  1621                           
  1622                           ;Config register CONFIG6H @ 0x30000B
  1623                           ;	unspecified, using default values
  1624                           ;	Configuration Register Write Protection bit
  1625                           ;	WRTC = 0x1, unprogrammed default
  1626                           ;	Boot Block Write Protection bit
  1627                           ;	WRTB = 0x1, unprogrammed default
  1628                           ;	Data EEPROM Write Protection bit
  1629                           ;	WRTD = 0x1, unprogrammed default
  1630   30000B                     	org	3145739
  1631   30000B  E0                 	db	224
  1632                           
  1633                           ;Config register CONFIG7L @ 0x30000C
  1634                           ;	unspecified, using default values
  1635                           ;	Table Read Protection bit
  1636                           ;	EBTR0 = 0x1, unprogrammed default
  1637                           ;	Table Read Protection bit
  1638                           ;	EBTR1 = 0x1, unprogrammed default
  1639                           ;	Table Read Protection bit
  1640                           ;	EBTR2 = 0x1, unprogrammed default
  1641                           ;	Table Read Protection bit
  1642                           ;	EBTR3 = 0x1, unprogrammed default
  1643   30000C                     	org	3145740
  1644   30000C  0F                 	db	15
  1645                           
  1646                           ;Config register CONFIG7H @ 0x30000D
  1647                           ;	unspecified, using default values
  1648                           ;	Boot Block Table Read Protection bit
  1649                           ;	EBTRB = 0x1, unprogrammed default
  1650   30000D                     	org	3145741
  1651   30000D  40                 	db	64
  1652                           tosu	equ	0xFFF
  1653                           tosh	equ	0xFFE
  1654                           tosl	equ	0xFFD
  1655                           stkptr	equ	0xFFC
  1656                           pclatu	equ	0xFFB
  1657                           pclath	equ	0xFFA
  1658                           pcl	equ	0xFF9
  1659                           tblptru	equ	0xFF8
  1660                           tblptrh	equ	0xFF7
  1661                           tblptrl	equ	0xFF6
  1662                           tablat	equ	0xFF5
  1663                           prodh	equ	0xFF4
  1664                           prodl	equ	0xFF3
  1665                           indf0	equ	0xFEF
  1666                           postinc0	equ	0xFEE
  1667                           postdec0	equ	0xFED
  1668                           preinc0	equ	0xFEC
  1669                           plusw0	equ	0xFEB
  1670                           fsr0h	equ	0xFEA
  1671                           fsr0l	equ	0xFE9
  1672                           wreg	equ	0xFE8
  1673                           indf1	equ	0xFE7
  1674                           postinc1	equ	0xFE6
  1675                           postdec1	equ	0xFE5
  1676                           preinc1	equ	0xFE4
  1677                           plusw1	equ	0xFE3
  1678                           fsr1h	equ	0xFE2
  1679                           fsr1l	equ	0xFE1
  1680                           bsr	equ	0xFE0
  1681                           indf2	equ	0xFDF
  1682                           postinc2	equ	0xFDE
  1683                           postdec2	equ	0xFDD
  1684                           preinc2	equ	0xFDC
  1685                           plusw2	equ	0xFDB
  1686                           fsr2h	equ	0xFDA
  1687                           fsr2l	equ	0xFD9
  1688                           status	equ	0xFD8

Data Sizes:
    Strings     23
    Constant    0
    Data        0
    BSS         27
    Persistent  0
    Stack       0

Auto Spaces:
    Space          Size  Autos    Used
    COMRAM           95      5      32
    BANK0           160      0       0
    BANK1           256      0       0
    BANK2           256      0       0
    BANK3           256      0       0
    BANK4           256      0       0
    BANK5           256      0       0

Pointer List with Targets:

    clcd_print@data	PTR const unsigned char  size(2) Largest target is 17
		 -> STR_3(CODE[17]), STR_2(CODE[3]), STR_1(CODE[3]), time(COMRAM[9]), 
		 -> date(COMRAM[11]), 


Critical Paths under _main in COMRAM

    _init_config->_clcd_print
    _init_ds1307->_read_ds1307
    _init_ds1307->_write_ds1307
    _write_ds1307->_i2c_write
    _init_clcd->_clcd_write
    _get_time->_read_ds1307
    _read_ds1307->_i2c_write
    _display_time->_clcd_print
    _clcd_print->_clcd_write

Critical Paths under _main in BANK0

    None.

Critical Paths under _main in BANK1

    None.

Critical Paths under _main in BANK2

    None.

Critical Paths under _main in BANK3

    None.

Critical Paths under _main in BANK4

    None.

Critical Paths under _main in BANK5

    None.

Call Graph Tables:

 ---------------------------------------------------------------------------------
 (Depth) Function   	        Calls       Base Space   Used Autos Params    Refs
 ---------------------------------------------------------------------------------
 (0) _main                                                 0     0      0    4132
                       _display_time
                           _get_time
                        _init_config
 ---------------------------------------------------------------------------------
 (1) _init_config                                          0     0      0    2608
                         _clcd_print
                          _init_clcd
                        _init_ds1307
                           _init_i2c
 ---------------------------------------------------------------------------------
 (2) _init_i2c                                             0     0      0       0
 ---------------------------------------------------------------------------------
 (2) _init_ds1307                                          1     1      0     477
                                              3 COMRAM     1     1      0
                        _read_ds1307
                       _write_ds1307
 ---------------------------------------------------------------------------------
 (3) _write_ds1307                                         2     1      1     363
                                              1 COMRAM     2     1      1
                          _i2c_start
                           _i2c_stop
                          _i2c_write
 ---------------------------------------------------------------------------------
 (2) _init_clcd                                            0     0      0     652
                         _clcd_write
 ---------------------------------------------------------------------------------
 (1) _get_time                                             0     0      0      45
                        _read_ds1307
 ---------------------------------------------------------------------------------
 (3) _read_ds1307                                          2     2      0      45
                                              1 COMRAM     2     2      0
                           _i2c_read
                      _i2c_rep_start
                          _i2c_start
                           _i2c_stop
                          _i2c_write
 ---------------------------------------------------------------------------------
 (4) _i2c_write                                            1     1      0      15
                                              0 COMRAM     1     1      0
                           _i2c_idle
 ---------------------------------------------------------------------------------
 (4) _i2c_stop                                             0     0      0       0
                           _i2c_idle
 ---------------------------------------------------------------------------------
 (4) _i2c_start                                            0     0      0       0
                           _i2c_idle
 ---------------------------------------------------------------------------------
 (4) _i2c_rep_start                                        0     0      0       0
                           _i2c_idle
 ---------------------------------------------------------------------------------
 (4) _i2c_read                                             0     0      0       0
                         _i2c_no_ack
                        _i2c_rx_mode
 ---------------------------------------------------------------------------------
 (5) _i2c_rx_mode                                          0     0      0       0
                           _i2c_idle
 ---------------------------------------------------------------------------------
 (5) _i2c_idle                                             0     0      0       0
 ---------------------------------------------------------------------------------
 (5) _i2c_no_ack                                           0     0      0       0
 ---------------------------------------------------------------------------------
 (1) _display_time                                         0     0      0    1479
                         _clcd_print
 ---------------------------------------------------------------------------------
 (2) _clcd_print                                           3     0      3    1479
                                              2 COMRAM     3     0      3
                         _clcd_write
 ---------------------------------------------------------------------------------
 (3) _clcd_write                                           2     1      1     652
                                              0 COMRAM     2     1      1
 ---------------------------------------------------------------------------------
 Estimated maximum stack depth 5
 ---------------------------------------------------------------------------------

 Call Graph Graphs:

 _main (ROOT)
   _display_time
     _clcd_print
       _clcd_write
   _get_time
     _read_ds1307
       _i2c_read
         _i2c_no_ack
         _i2c_rx_mode
           _i2c_idle
       _i2c_rep_start
         _i2c_idle
       _i2c_start
         _i2c_idle
       _i2c_stop
         _i2c_idle
       _i2c_write
         _i2c_idle
   _init_config
     _clcd_print
     _init_clcd
       _clcd_write
     _init_ds1307
       _read_ds1307
       _write_ds1307
         _i2c_start
         _i2c_stop
         _i2c_write
     _init_i2c

 Address spaces:
Name               Size   Autos  Total    Cost      Usage
BIGRAM             5FF      0       0      23        0.0%
BITBIGSFRll        282      0       0      21        0.0%
EEDATA             100      0       0       0        0.0%
BITBANK5           100      0       0      14        0.0%
BANK5              100      0       0      15        0.0%
BITBANK4           100      0       0      12        0.0%
BANK4              100      0       0      13        0.0%
BITBANK3           100      0       0      10        0.0%
BANK3              100      0       0      11        0.0%
BITBANK2           100      0       0       8        0.0%
BANK2              100      0       0       9        0.0%
BITBANK1           100      0       0       6        0.0%
BANK1              100      0       0       7        0.0%
BITBANK0            A0      0       0       4        0.0%
BANK0               A0      0       0       5        0.0%
BITCOMRAM           5F      0       0       0        0.0%
COMRAM              5F      5      20       1       33.7%
BITBIGSFRhhh        36      0       0      16        0.0%
BITBIGSFRhlhh       23      0       0      17        0.0%
BITBIGSFRlh         10      0       0      20        0.0%
BITBIGSFRhll         8      0       0      19        0.0%
BITBIGSFRhlhl        2      0       0      18        0.0%
BIGSFR               0      0       0     200        0.0%
BITSFR_3             0      0       0     200        0.0%
SFR_3                0      0       0     200        0.0%
BITSFR_2             0      0       0     200        0.0%
SFR_2                0      0       0     200        0.0%
BITSFR_1             0      0       0     200        0.0%
SFR_1                0      0       0     200        0.0%
BITSFR               0      0       0     200        0.0%
SFR                  0      0       0     200        0.0%
STACK                0      0       0       2        0.0%
NULL                 0      0       0       0        0.0%
ABS                  0      0      20      22        0.0%
DATA                 0      0      20       3        0.0%
CODE                 0      0       0       0        0.0%


Microchip Technology PIC18 Macro Assembler V2.41 build 20230208172133 
Symbol Table                                                                                   Tue Jun 20 16:43:39 2023

         clcd_print@addr 0020           clcd_print@data 001E                       l32 0698  
                     l27 0756                       l38 0856                       l81 08A0  
                     l84 08B6                       l86 08C4                       l94 08EE  
                     l87 08C6                       l97 08E6                       u10 08C4  
                     u11 08C0                      l100 08F6                      l103 08D2  
                    l112 08DE                      l106 08FE                      l132 0874  
                    l109 0904                      l135 0838                      l129 079E  
                    l155 07D4                      l156 07D8                      l165 0704  
                    l159 080E                      l850 0900                      l844 08B6  
                    l860 08F0                      l852 08E8                      l940 088C  
                    l846 08F8                      l870 08DC                      l862 08F2  
                    l854 08EA                      l950 089E                      l942 0890  
                    _CKE 7E3E                      l848 08FA                      l856 08E0  
                    l864 08CA                      l880 0822                      l944 0898  
                    l858 08E2                      l866 08CE                      l882 0826  
                    l874 0812                      l946 089A                      l868 08D4  
                    l884 0832                      l876 0816                      l980 0668  
                    l972 061A                      l948 089C                      l878 081C  
                    l982 066C                      l974 0632                      l984 0676  
                    l976 0640                      l986 067E                      l978 0656  
                    l988 0694                      _RC0 7C10                      _RC1 7C11  
                    _RC2 7C12                      u100 0640                      u101 063C  
                    u110 07B2                      u111 07AC                      _RD7 7C1F  
                    u130 07D4                      u131 07D0                      u140 06CC  
                    u125 07B4                      u150 06F4                      u160 0704  
                    u161 0700                      u170 0724                      u147 06C2  
                    u171 0720                      u180 0732                      u157 06EA  
                    u181 072E                      _PEN 7E2A                      _SEN 7E28  
                    _SMP 7E3F            ?_display_time 001C                      wreg 0FE8  
                   l1100 0724                     l1102 0732                     l1110 0842  
                   l1104 0746                     l1040 086A                     l1112 0846  
                   l1120 08AA                     l1050 07BA                     l1042 0870  
                   l1034 085A                     l1106 083A                     l1060 07C4  
                   l1052 07BC                     l1044 07A2                     l1036 085E  
                   l1108 083E                     l1116 08A2                     l1062 07C6  
                   l1054 07BE                     l1046 07B4                     l1070 06D4  
                   l1038 0864                     l1118 08A6                     l1056 07C0  
                   l1048 07B8                     l1064 069A                     l1080 07F0  
                   l1072 07DA                     l1058 07C2                     l1066 06A8  
                   l1082 07FA                     l1074 07DE                     l1090 076C  
                   l1068 06D0                     l1084 0804                     l1076 07E4  
                   l1092 0780                     l1078 07E6                     l1094 078A  
                   l1086 0758                     l1096 0706                     l1088 0760  
                   l1098 0716                     STR_1 0615                     STR_2 0612  
                   STR_3 0601                     _RCEN 7E2B                     _RSEN 7E29  
                   _date 0008                     _main 08A2                     _time 0013  
                   fsr0h 0FEA                     indf0 0FEF                     fsr0l 0FE9  
                   start 0000             ___param_bank 0000           clcd_write@byte 001D  
          _i2c_rep_start 08F0            ??_i2c_rx_mode 001C             ?_init_ds1307 001C  
                  ?_main 001C             ?_read_ds1307 001C                    _ACKEN 7E2C  
                  _ACKDT 7E2D           ??_display_time 0021                    _BCLIF 7D0B  
           ?_init_config 001C                    _PORTD 0F83                    _TRISC 0F94  
                  _TRISD 0F95                    _SSPIF 7CF3                    tablat 0FF5  
                  status 0FD8         init_ds1307@dummy 001F               _i2c_no_ack 0900  
        __initialization 0876           ?_i2c_rep_start 001C             __end_of_main 08B6  
       __end_of_i2c_idle 08C8         __end_of_i2c_read 08E0         __end_of_i2c_stop 08E8  
                 ??_main 0021            __activetblptr 0002      __end_of_i2c_rx_mode 0900  
           _write_ds1307 0858                   _SSPADD 0FC8                   _TRISC3 7CA3  
                 _TRISC4 7CA4                   _TRISD7 7CAF                   _SSPBUF 0FC9  
       __end_of_get_time 069A         __end_of_init_i2c 08A2                   clear_0 087C  
           _calender_reg 0001                   isa$std 0001             __mediumconst 0000  
                 tblptrh 0FF7                   tblptrl 0FF6                   tblptru 0FF8  
             __accesstop 0060  __end_of__initialization 0882     __end_of_display_time 0758  
          ___rparam_used 0001          ??_i2c_rep_start 001C              ?_i2c_no_ack 001C  
         __pcstackCOMRAM 001C              _i2c_rx_mode 08F8        __end_of_i2c_start 08F0  
      __end_of_i2c_write 08D4                ?_i2c_idle 001C                ?_i2c_read 001C  
              ?_i2c_stop 001C               _clcd_print 069A               _clcd_write 07A0  
        read_ds1307@data 001E                  _ACKSTAT 7E2E                  _SSPCON1 0FC6  
              ?_get_time 001C               ??_i2c_idle 001C               ??_i2c_read 001C  
             ??_i2c_stop 001C                ?_init_i2c 001C                  __Hparam 0000  
                __Lparam 0000             __psmallconst 0600                  __pcinit 0876  
                __ramtop 0600                  __ptext0 08A2                  __ptext1 083A  
                __ptext2 088C                  __ptext3 0758                  __ptext4 0858  
                __ptext5 07DA                  __ptext6 061A                  __ptext7 0810  
                __ptext8 08C8                  __ptext9 08E0        __end_of_init_clcd 0810  
             ??_get_time 001F     end_of_initialization 0882               ??_init_i2c 001C  
          __Lmediumconst 0000              ?_clcd_print 001E              ?_clcd_write 001C  
                postinc0 0FEE             _display_time 0706            i2c_write@data 001C  
           ??_i2c_no_ack 001C             ?_i2c_rx_mode 001C      start_initialization 0876  
              _i2c_start 08E8                _i2c_write 08C8       __end_of_i2c_no_ack 0906  
  __end_of_i2c_rep_start 08F8            ??_init_ds1307 001F            ??_read_ds1307 001D  
          ??_init_config 0021              __pbssCOMRAM 0001               ?_i2c_start 001C  
             ?_i2c_write 001C       read_ds1307@address 001D                _clock_reg 0005  
            __smallconst 0600      __end_of_init_ds1307 07A0      __end_of_read_ds1307 083A  
              _init_clcd 07DA      __end_of_init_config 0858            ?_write_ds1307 001D  
           ??_clcd_print 0021             ??_clcd_write 001D    clcd_write@control_bit 001C  
            ??_i2c_start 001C       __end_of_clcd_print 0706              ??_i2c_write 001C  
     __end_of_clcd_write 07DA               ?_init_clcd 001C           ??_write_ds1307 001E  
               _i2c_idle 08B6                 _i2c_read 08D4                 _i2c_stop 08E0  
               __Hrparam 0000                 __Lrparam 0000              _init_ds1307 0758  
            _read_ds1307 0810              _init_config 083A      write_ds1307@address 001E  
               __ptext10 08E8                 __ptext11 08F0                 __ptext12 08D4  
               __ptext13 08F8                 __ptext14 08B6                 __ptext15 0900  
               __ptext16 0706                 __ptext17 069A                 __ptext18 07A0  
               _get_time 061A                 _init_i2c 088C                 isa$xinst 0000  
            ??_init_clcd 001E     __end_of_write_ds1307 0876         write_ds1307@data 001D  
