

Microchip MPLAB XC8 Assembler V2.40 build 20220703182018 
                                                                                               Wed Jun 28 12:54:44 2023

Microchip MPLAB XC8 C Compiler v2.40 (Free license) build 20220703182018 Og1 
     1                           	processor	18F4580
     2                           	fnconf	rparam,??,?,0
     3                           	pagewidth 120
     4                           	opt	flic
     5                           	psect	idataCOMRAM,global,class=CODE,delta=1,noexec
     6                           	psect	smallconst,global,reloc=2,class=SMALLCONST,delta=1,noexec
     7                           	psect	cinit,global,reloc=2,class=CODE,delta=1
     8                           	psect	bssCOMRAM,global,class=COMRAM,space=1,delta=1,lowdata,noexec
     9                           	psect	dataCOMRAM,global,class=COMRAM,space=1,delta=1,lowdata,noexec
    10                           	psect	cstackCOMRAM,global,class=COMRAM,space=1,delta=1,lowdata,noexec
    11                           	psect	text0,global,reloc=2,class=CODE,delta=1
    12                           	psect	text1,global,reloc=2,class=CODE,delta=1
    13                           	psect	text2,global,reloc=2,class=CODE,delta=1
    14                           	psect	text3,global,reloc=2,class=CODE,delta=1
    15                           	psect	text4,global,reloc=2,class=CODE,delta=1
    16                           	psect	text5,global,reloc=2,class=CODE,delta=1
    17                           	psect	text6,global,reloc=2,class=CODE,delta=1
    18                           	psect	text7,global,reloc=2,class=CODE,delta=1
    19                           	psect	text8,global,reloc=2,class=CODE,delta=1
    20                           	psect	text9,global,reloc=2,class=CODE,delta=1
    21                           	psect	text10,global,reloc=2,class=CODE,delta=1,group=1
    22                           	psect	text11,global,reloc=2,class=CODE,delta=1,group=1
    23                           	psect	intsave_regs,global,class=BIGRAM,space=1,delta=1,noexec
    24                           	psect	rparam,global,class=COMRAM,space=1,delta=1,noexec
    25                           	psect	idloc,global,abs,ovrld,class=IDLOC,space=5,delta=1,noexec
    26                           	psect	config,global,abs,ovrld,class=CONFIG,space=4,delta=1,noexec
    27   000000                     
    28                           ; Version 2.20
    29                           ; Generated 12/02/2020 GMT
    30                           ; 
    31                           ; Copyright © 2020, Microchip Technology Inc. and its subsidiaries ("Microchip")
    32                           ; All rights reserved.
    33                           ; 
    34                           ; This software is developed by Microchip Technology Inc. and its subsidiaries ("Microch
      +                          ip").
    35                           ; 
    36                           ; Redistribution and use in source and binary forms, with or without modification, are
    37                           ; permitted provided that the following conditions are met:
    38                           ; 
    39                           ;     1. Redistributions of source code must retain the above copyright notice, this lis
      +                          t of
    40                           ;        conditions and the following disclaimer.
    41                           ; 
    42                           ;     2. Redistributions in binary form must reproduce the above copyright notice, this 
      +                          list
    43                           ;        of conditions and the following disclaimer in the documentation and/or other
    44                           ;        materials provided with the distribution.
    45                           ; 
    46                           ;     3. Microchip's name may not be used to endorse or promote products derived from th
      +                          is
    47                           ;        software without specific prior written permission.
    48                           ; 
    49                           ; THIS SOFTWARE IS PROVIDED BY MICROCHIP "AS IS" AND ANY EXPRESS OR IMPLIED WARRANTIES,
    50                           ; INCLUDING, BUT NOT LIMITED TO, THE IMPLIED WARRANTIES OF MERCHANTABILITY AND FITNESS F
      +                          OR
    51                           ; PURPOSE ARE DISCLAIMED.  IN NO EVENT SHALL MICROCHIP BE LIABLE FOR ANY DIRECT, INDIREC
      +                          T,
    52                           ; INCIDENTAL, SPECIAL, EXEMPLARY, OR CONSEQUENTIAL DAMAGES (INCLUDING BUT NOT LIMITED TO
    53                           ; PROCUREMENT OF SUBSTITUTE GOODS OR SERVICES; LOSS OF USE, DATA OR PROFITS; OR BUSINESS
    54                           ; INTERRUPTION) HOWSOEVER CAUSED AND ON ANY THEORY OF LIABILITY, WHETHER IN CONTRACT, ST
      +                          RICT
    55                           ; LIABILITY, OR TORT (INCLUDING NEGLIGENCE OR OTHERWISE) ARISING IN ANY WAY OUT OF THE U
      +                          SE OF
    56                           ; THIS SOFTWARE, EVEN IF ADVISED OF THE POSSIBILITY OF SUCH DAMAGE.
    57                           ; 
    58                           ; 
    59                           ; Code-generator required, PIC18F4580 Definitions
    60                           ; 
    61                           ; SFR Addresses
    62   000000                     
    63                           	psect	idataCOMRAM
    64   000AF6                     __pidataCOMRAM:
    65                           	callstack 0
    66                           
    67                           ;initializer for read_switches@once
    68   000AF6  01                 	db	1
    69   000000                     _PORTBbits	set	3969
    70   000000                     _TRISD	set	3989
    71   000000                     _RD7	set	31775
    72   000000                     _RC0	set	31760
    73   000000                     _RC2	set	31762
    74   000000                     _PORTB	set	3969
    75   000000                     _RC1	set	31761
    76   000000                     _TRISB	set	3987
    77   000000                     _TRISC	set	3988
    78   000000                     _PORTD	set	3971
    79   000000                     _TRISD7	set	31919
    80   000000                     _ADCON1	set	4033
    81   000000                     _RBPU	set	32655
    82                           
    83                           	psect	smallconst
    84   000600                     __psmallconst:
    85                           	callstack 0
    86   000600  00                 	db	0
    87   000601                     STR_4:
    88   000601  20                 	db	32
    89   000602  4D                 	db	77	;'M'
    90   000603  61                 	db	97	;'a'
    91   000604  74                 	db	116	;'t'
    92   000605  72                 	db	114	;'r'
    93   000606  69                 	db	105	;'i'
    94   000607  78                 	db	120	;'x'
    95   000608  20                 	db	32
    96   000609  20                 	db	32
    97   00060A  4B                 	db	75	;'K'
    98   00060B  65                 	db	101	;'e'
    99   00060C  79                 	db	121	;'y'
   100   00060D  70                 	db	112	;'p'
   101   00060E  61                 	db	97	;'a'
   102   00060F  64                 	db	100	;'d'
   103   000610  20                 	db	32
   104   000611  00                 	db	0
   105   000612                     STR_3:
   106   000612  20                 	db	32
   107   000613  4E                 	db	78	;'N'
   108   000614  6F                 	db	111	;'o'
   109   000615  20                 	db	32
   110   000616  4B                 	db	75	;'K'
   111   000617  65                 	db	101	;'e'
   112   000618  79                 	db	121	;'y'
   113   000619  20                 	db	32
   114   00061A  50                 	db	80	;'P'
   115   00061B  72                 	db	114	;'r'
   116   00061C  65                 	db	101	;'e'
   117   00061D  73                 	db	115	;'s'
   118   00061E  73                 	db	115	;'s'
   119   00061F  65                 	db	101	;'e'
   120   000620  64                 	db	100	;'d'
   121   000621  20                 	db	32
   122   000622  00                 	db	0
   123   000623                     STR_1:
   124   000623  4B                 	db	75	;'K'
   125   000624  65                 	db	101	;'e'
   126   000625  79                 	db	121	;'y'
   127   000626  20                 	db	32
   128   000627  00                 	db	0
   129   000628  00                 	db	0	; dummy byte at the end
   130   000000                     
   131                           ; #config settings
   132                           
   133                           	psect	cinit
   134   000A7C                     __pcinit:
   135                           	callstack 0
   136   000A7C                     start_initialization:
   137                           	callstack 0
   138   000A7C                     __initialization:
   139                           	callstack 0
   140                           
   141                           ; Initialize objects allocated to COMRAM (1 bytes)
   142                           ; load TBLPTR registers with __pidataCOMRAM
   143   000A7C  0EF6               	movlw	low __pidataCOMRAM
   144   000A7E  6EF6               	movwf	tblptrl,c
   145   000A80  0E0A               	movlw	high __pidataCOMRAM
   146   000A82  6EF7               	movwf	tblptrh,c
   147   000A84  0E00               	movlw	low (__pidataCOMRAM shr (0+16))
   148   000A86  6EF8               	movwf	tblptru,c
   149   000A88  0009               	tblrd		*+	;fetch initializer
   150   000A8A  CFF5 F00F          	movff	tablat,__pdataCOMRAM
   151                           
   152                           ; Clear objects allocated to COMRAM (3 bytes)
   153   000A8E  6A0E               	clrf	(__pbssCOMRAM+2)& (0+255),c
   154   000A90  6A0D               	clrf	(__pbssCOMRAM+1)& (0+255),c
   155   000A92  6A0C               	clrf	__pbssCOMRAM& (0+255),c
   156   000A94                     end_of_initialization:
   157                           	callstack 0
   158   000A94                     __end_of__initialization:
   159                           	callstack 0
   160   000A94  0E00               	movlw	low (__Lsmallconst shr (0+16))
   161   000A96  6EF8               	movwf	tblptru,c
   162   000A98  0E06               	movlw	high __Lsmallconst
   163   000A9A  6EF7               	movwf	tblptrh,c
   164   000A9C  0100               	movlb	0
   165   000A9E  EF73  F005         	goto	_main	;jump to C main() function
   166                           
   167                           	psect	bssCOMRAM
   168   00000C                     __pbssCOMRAM:
   169                           	callstack 0
   170   00000C                     check_matrix_keypad@i:
   171                           	callstack 0
   172   00000C                     	ds	2
   173   00000E                     read_switches@key:
   174                           	callstack 0
   175   00000E                     	ds	1
   176                           
   177                           	psect	dataCOMRAM
   178   00000F                     __pdataCOMRAM:
   179                           	callstack 0
   180   00000F                     read_switches@once:
   181                           	callstack 0
   182   00000F                     	ds	1
   183                           
   184                           	psect	cstackCOMRAM
   185   000001                     __pcstackCOMRAM:
   186                           	callstack 0
   187   000001                     ?___awdiv:
   188                           	callstack 0
   189   000001                     ?___awmod:
   190                           	callstack 0
   191   000001                     clcd_write@control_bit:
   192                           	callstack 0
   193   000001                     read_switches@detection_type:
   194                           	callstack 0
   195   000001                     ___awdiv@dividend:
   196                           	callstack 0
   197   000001                     ___awmod@dividend:
   198                           	callstack 0
   199                           
   200                           ; 2 bytes @ 0x0
   201   000001                     	ds	1
   202   000002                     clcd_write@byte:
   203                           	callstack 0
   204                           
   205                           ; 1 bytes @ 0x1
   206   000002                     	ds	1
   207   000003                     clcd_print@data:
   208                           	callstack 0
   209   000003                     ___awdiv@divisor:
   210                           	callstack 0
   211   000003                     ___awmod@divisor:
   212                           	callstack 0
   213                           
   214                           ; 2 bytes @ 0x2
   215   000003                     	ds	2
   216   000005                     clcd_print@addr:
   217                           	callstack 0
   218   000005                     ___awdiv@counter:
   219                           	callstack 0
   220   000005                     ___awmod@counter:
   221                           	callstack 0
   222                           
   223                           ; 1 bytes @ 0x4
   224   000005                     	ds	1
   225   000006                     ___awdiv@sign:
   226                           	callstack 0
   227   000006                     ___awmod@sign:
   228                           	callstack 0
   229                           
   230                           ; 1 bytes @ 0x5
   231   000006                     	ds	1
   232   000007                     ___awdiv@quotient:
   233                           	callstack 0
   234                           
   235                           ; 2 bytes @ 0x6
   236   000007                     	ds	2
   237   000009                     clcd_putch@addr:
   238                           	callstack 0
   239                           
   240                           ; 1 bytes @ 0x8
   241   000009                     	ds	1
   242   00000A                     clcd_putch@data:
   243                           	callstack 0
   244                           
   245                           ; 1 bytes @ 0x9
   246   00000A                     	ds	1
   247   00000B                     check_matrix_keypad@key:
   248                           	callstack 0
   249                           
   250                           ; 1 bytes @ 0xA
   251   00000B                     	ds	1
   252   00000C                     
   253                           ; 1 bytes @ 0xB
   254 ;;
   255 ;;Main: autosize = 0, tempsize = 0, incstack = 0, save=0
   256 ;;
   257 ;; *************** function _main *****************
   258 ;; Defined at:
   259 ;;		line 36 in file "main.c"
   260 ;; Parameters:    Size  Location     Type
   261 ;;		None
   262 ;; Auto vars:     Size  Location     Type
   263 ;;		None
   264 ;; Return value:  Size  Location     Type
   265 ;;                  1    wreg      void 
   266 ;; Registers used:
   267 ;;		wreg, status,2, status,0, tblptrl, tblptrh, tblptru, cstack
   268 ;; Tracked objects:
   269 ;;		On entry : 0/0
   270 ;;		On exit  : 0/0
   271 ;;		Unchanged: 0/0
   272 ;; Data sizes:     COMRAM   BANK0   BANK1   BANK2   BANK3   BANK4   BANK5
   273 ;;      Params:         0       0       0       0       0       0       0
   274 ;;      Locals:         0       0       0       0       0       0       0
   275 ;;      Temps:          0       0       0       0       0       0       0
   276 ;;      Totals:         0       0       0       0       0       0       0
   277 ;;Total ram usage:        0 bytes
   278 ;; Hardware stack levels required when called: 3
   279 ;; This function calls:
   280 ;;		_check_matrix_keypad
   281 ;;		_init_config
   282 ;; This function is called by:
   283 ;;		Startup code after reset
   284 ;; This function uses a non-reentrant model
   285 ;;
   286                           
   287                           	psect	text0
   288   000AE6                     __ptext0:
   289                           	callstack 0
   290   000AE6                     _main:
   291                           	callstack 28
   292   000AE6                     
   293                           ;main.c: 38:  init_config();
   294   000AE6  EC51  F005         	call	_init_config	;wreg free
   295   000AEA                     l61:
   296                           
   297                           ;main.c: 41:  {;main.c: 42:   check_matrix_keypad();
   298   000AEA  EC53  F004         	call	_check_matrix_keypad	;wreg free
   299   000AEE  EF75  F005         	goto	l61
   300   000AF2  EF00  F000         	goto	start
   301   000AF6                     __end_of_main:
   302                           	callstack 0
   303                           
   304 ;; *************** function _init_config *****************
   305 ;; Defined at:
   306 ;;		line 28 in file "main.c"
   307 ;; Parameters:    Size  Location     Type
   308 ;;		None
   309 ;; Auto vars:     Size  Location     Type
   310 ;;		None
   311 ;; Return value:  Size  Location     Type
   312 ;;                  1    wreg      void 
   313 ;; Registers used:
   314 ;;		wreg, status,2, status,0, tblptrl, tblptrh, tblptru, cstack
   315 ;; Tracked objects:
   316 ;;		On entry : 0/0
   317 ;;		On exit  : 0/0
   318 ;;		Unchanged: 0/0
   319 ;; Data sizes:     COMRAM   BANK0   BANK1   BANK2   BANK3   BANK4   BANK5
   320 ;;      Params:         0       0       0       0       0       0       0
   321 ;;      Locals:         0       0       0       0       0       0       0
   322 ;;      Temps:          0       0       0       0       0       0       0
   323 ;;      Totals:         0       0       0       0       0       0       0
   324 ;;Total ram usage:        0 bytes
   325 ;; Hardware stack levels used: 1
   326 ;; Hardware stack levels required when called: 2
   327 ;; This function calls:
   328 ;;		_clcd_print
   329 ;;		_init_clcd
   330 ;;		_init_matrix_keypad
   331 ;; This function is called by:
   332 ;;		_main
   333 ;; This function uses a non-reentrant model
   334 ;;
   335                           
   336                           	psect	text1
   337   000AA2                     __ptext1:
   338                           	callstack 0
   339   000AA2                     _init_config:
   340                           	callstack 28
   341   000AA2                     
   342                           ;main.c: 30:  init_matrix_keypad();
   343   000AA2  EC6A  F005         	call	_init_matrix_keypad	;wreg free
   344                           
   345                           ;main.c: 31:  init_clcd();
   346   000AA6  EC23  F005         	call	_init_clcd	;wreg free
   347   000AAA                     
   348                           ;main.c: 33:  clcd_print(" Matrix  Keypad ", (0x80 + (0)));
   349   000AAA  0E01               	movlw	low STR_4
   350   000AAC  6E03               	movwf	clcd_print@data^0,c
   351   000AAE  0E06               	movlw	high STR_4
   352   000AB0  6E04               	movwf	(clcd_print@data+1)^0,c
   353   000AB2  0E80               	movlw	128
   354   000AB4  6E05               	movwf	clcd_print@addr^0,c
   355   000AB6  ECE4  F004         	call	_clcd_print	;wreg free
   356   000ABA  0012               	return		;funcret
   357   000ABC                     __end_of_init_config:
   358                           	callstack 0
   359                           
   360 ;; *************** function _init_matrix_keypad *****************
   361 ;; Defined at:
   362 ;;		line 4 in file "matrix_keypad.c"
   363 ;; Parameters:    Size  Location     Type
   364 ;;		None
   365 ;; Auto vars:     Size  Location     Type
   366 ;;		None
   367 ;; Return value:  Size  Location     Type
   368 ;;                  1    wreg      void 
   369 ;; Registers used:
   370 ;;		wreg, status,2, status,0
   371 ;; Tracked objects:
   372 ;;		On entry : 0/0
   373 ;;		On exit  : 0/0
   374 ;;		Unchanged: 0/0
   375 ;; Data sizes:     COMRAM   BANK0   BANK1   BANK2   BANK3   BANK4   BANK5
   376 ;;      Params:         0       0       0       0       0       0       0
   377 ;;      Locals:         0       0       0       0       0       0       0
   378 ;;      Temps:          0       0       0       0       0       0       0
   379 ;;      Totals:         0       0       0       0       0       0       0
   380 ;;Total ram usage:        0 bytes
   381 ;; Hardware stack levels used: 1
   382 ;; This function calls:
   383 ;;		Nothing
   384 ;; This function is called by:
   385 ;;		_init_config
   386 ;; This function uses a non-reentrant model
   387 ;;
   388                           
   389                           	psect	text2
   390   000AD4                     __ptext2:
   391                           	callstack 0
   392   000AD4                     _init_matrix_keypad:
   393                           	callstack 29
   394   000AD4                     
   395                           ;matrix_keypad.c: 7:  ADCON1 = 0x0F;
   396   000AD4  0E0F               	movlw	15
   397   000AD6  6EC1               	movwf	193,c	;volatile
   398                           
   399                           ;matrix_keypad.c: 10:  TRISB = 0x1E;
   400   000AD8  0E1E               	movlw	30
   401   000ADA  6E93               	movwf	147,c	;volatile
   402   000ADC                     
   403                           ;matrix_keypad.c: 13:  RBPU = 0;
   404   000ADC  9EF1               	bcf	4081,7,c	;volatile
   405   000ADE                     
   406                           ;matrix_keypad.c: 15:  PORTB = PORTB | 0xE0;
   407   000ADE  5081               	movf	129,w,c	;volatile
   408   000AE0  09E0               	iorlw	224
   409   000AE2  6E81               	movwf	129,c	;volatile
   410   000AE4  0012               	return		;funcret
   411   000AE6                     __end_of_init_matrix_keypad:
   412                           	callstack 0
   413                           
   414 ;; *************** function _init_clcd *****************
   415 ;; Defined at:
   416 ;;		line 27 in file "clcd.c"
   417 ;; Parameters:    Size  Location     Type
   418 ;;		None
   419 ;; Auto vars:     Size  Location     Type
   420 ;;		None
   421 ;; Return value:  Size  Location     Type
   422 ;;                  1    wreg      void 
   423 ;; Registers used:
   424 ;;		wreg, status,2, status,0, cstack
   425 ;; Tracked objects:
   426 ;;		On entry : 0/0
   427 ;;		On exit  : 0/0
   428 ;;		Unchanged: 0/0
   429 ;; Data sizes:     COMRAM   BANK0   BANK1   BANK2   BANK3   BANK4   BANK5
   430 ;;      Params:         0       0       0       0       0       0       0
   431 ;;      Locals:         0       0       0       0       0       0       0
   432 ;;      Temps:          0       0       0       0       0       0       0
   433 ;;      Totals:         0       0       0       0       0       0       0
   434 ;;Total ram usage:        0 bytes
   435 ;; Hardware stack levels used: 1
   436 ;; Hardware stack levels required when called: 1
   437 ;; This function calls:
   438 ;;		_clcd_write
   439 ;; This function is called by:
   440 ;;		_init_config
   441 ;; This function uses a non-reentrant model
   442 ;;
   443                           
   444                           	psect	text3
   445   000A46                     __ptext3:
   446                           	callstack 0
   447   000A46                     _init_clcd:
   448                           	callstack 28
   449   000A46                     
   450                           ;clcd.c: 30:  TRISD = 0x00;
   451   000A46  0E00               	movlw	0
   452   000A48  6E95               	movwf	149,c	;volatile
   453   000A4A                     
   454                           ;clcd.c: 32:  TRISC = TRISC & 0xF8;
   455   000A4A  5094               	movf	148,w,c	;volatile
   456   000A4C  0BF8               	andlw	248
   457   000A4E  6E94               	movwf	148,c	;volatile
   458   000A50                     
   459                           ;clcd.c: 34:  RC0 = 0;
   460   000A50  9082               	bcf	3970,0,c	;volatile
   461   000A52                     
   462                           ;clcd.c: 36:  clcd_write(0x02, 0);
   463   000A52  0E00               	movlw	0
   464   000A54  6E01               	movwf	clcd_write@control_bit^0,c
   465   000A56  0E02               	movlw	2
   466   000A58  EC06  F005         	call	_clcd_write
   467   000A5C                     
   468                           ;clcd.c: 37:  clcd_write(0x38, 0);
   469   000A5C  0E00               	movlw	0
   470   000A5E  6E01               	movwf	clcd_write@control_bit^0,c
   471   000A60  0E38               	movlw	56
   472   000A62  EC06  F005         	call	_clcd_write
   473   000A66                     
   474                           ;clcd.c: 38:  clcd_write(0x0C, 0);
   475   000A66  0E00               	movlw	0
   476   000A68  6E01               	movwf	clcd_write@control_bit^0,c
   477   000A6A  0E0C               	movlw	12
   478   000A6C  EC06  F005         	call	_clcd_write
   479   000A70                     
   480                           ;clcd.c: 39:  clcd_write(0x01, 0);
   481   000A70  0E00               	movlw	0
   482   000A72  6E01               	movwf	clcd_write@control_bit^0,c
   483   000A74  0E01               	movlw	1
   484   000A76  EC06  F005         	call	_clcd_write
   485   000A7A  0012               	return		;funcret
   486   000A7C                     __end_of_init_clcd:
   487                           	callstack 0
   488                           
   489 ;; *************** function _check_matrix_keypad *****************
   490 ;; Defined at:
   491 ;;		line 6 in file "main.c"
   492 ;; Parameters:    Size  Location     Type
   493 ;;		None
   494 ;; Auto vars:     Size  Location     Type
   495 ;;  key             1   10[COMRAM] unsigned char 
   496 ;; Return value:  Size  Location     Type
   497 ;;                  1    wreg      void 
   498 ;; Registers used:
   499 ;;		wreg, status,2, status,0, tblptrl, tblptrh, tblptru, cstack
   500 ;; Tracked objects:
   501 ;;		On entry : 0/0
   502 ;;		On exit  : 0/0
   503 ;;		Unchanged: 0/0
   504 ;; Data sizes:     COMRAM   BANK0   BANK1   BANK2   BANK3   BANK4   BANK5
   505 ;;      Params:         0       0       0       0       0       0       0
   506 ;;      Locals:         1       0       0       0       0       0       0
   507 ;;      Temps:          0       0       0       0       0       0       0
   508 ;;      Totals:         1       0       0       0       0       0       0
   509 ;;Total ram usage:        1 bytes
   510 ;; Hardware stack levels used: 1
   511 ;; Hardware stack levels required when called: 2
   512 ;; This function calls:
   513 ;;		___awdiv
   514 ;;		___awmod
   515 ;;		_clcd_print
   516 ;;		_clcd_putch
   517 ;;		_read_switches
   518 ;; This function is called by:
   519 ;;		_main
   520 ;; This function uses a non-reentrant model
   521 ;;
   522                           
   523                           	psect	text4
   524   0008A6                     __ptext4:
   525                           	callstack 0
   526   0008A6                     _check_matrix_keypad:
   527                           	callstack 28
   528   0008A6                     
   529                           ;main.c: 8:  unsigned char key;;main.c: 9:  static unsigned int i;;main.c: 11:  key = re
      +                          ad_switches(1);
   530   0008A6  0E01               	movlw	1
   531   0008A8  ECA9  F004         	call	_read_switches
   532   0008AC  6E0B               	movwf	check_matrix_keypad@key^0,c
   533   0008AE                     
   534                           ;main.c: 13:  if (key != 0xFF)
   535   0008AE  280B               	incf	check_matrix_keypad@key^0,w,c
   536   0008B0  B4D8               	btfsc	status,2,c
   537   0008B2  EF5D  F004         	goto	u521
   538   0008B6  EF5F  F004         	goto	u520
   539   0008BA                     u521:
   540   0008BA  EFA0  F004         	goto	l1180
   541   0008BE                     u520:
   542   0008BE                     
   543                           ;main.c: 14:  {;main.c: 15:   clcd_print("Key ", (0xC0 + (1)));
   544   0008BE  0E23               	movlw	low STR_1
   545   0008C0  6E03               	movwf	clcd_print@data^0,c
   546   0008C2  0E06               	movlw	high STR_1
   547   0008C4  6E04               	movwf	(clcd_print@data+1)^0,c
   548   0008C6  0EC1               	movlw	193
   549   0008C8  6E05               	movwf	clcd_print@addr^0,c
   550   0008CA  ECE4  F004         	call	_clcd_print	;wreg free
   551   0008CE                     
   552                           ;main.c: 16:   clcd_putch('0' + (key / 10), (0xC0 + (5)));
   553   0008CE  0EC5               	movlw	197
   554   0008D0  6E09               	movwf	clcd_putch@addr^0,c
   555   0008D2  C00B  F001         	movff	check_matrix_keypad@key,___awdiv@dividend
   556   0008D6  6A02               	clrf	(___awdiv@dividend+1)^0,c
   557   0008D8  0E00               	movlw	0
   558   0008DA  6E04               	movwf	(___awdiv@divisor+1)^0,c
   559   0008DC  0E0A               	movlw	10
   560   0008DE  6E03               	movwf	___awdiv@divisor^0,c
   561   0008E0  EC99  F003         	call	___awdiv	;wreg free
   562   0008E4  5001               	movf	?___awdiv^0,w,c
   563   0008E6  0F30               	addlw	48
   564   0008E8  EC5E  F005         	call	_clcd_putch
   565   0008EC                     
   566                           ;main.c: 17:   clcd_putch('0' + (key % 10), (0xC0 + (6)));
   567   0008EC  0EC6               	movlw	198
   568   0008EE  6E09               	movwf	clcd_putch@addr^0,c
   569   0008F0  C00B  F001         	movff	check_matrix_keypad@key,___awmod@dividend
   570   0008F4  6A02               	clrf	(___awmod@dividend+1)^0,c
   571   0008F6  0E00               	movlw	0
   572   0008F8  6E04               	movwf	(___awmod@divisor+1)^0,c
   573   0008FA  0E0A               	movlw	10
   574   0008FC  6E03               	movwf	___awmod@divisor^0,c
   575   0008FE  ECFB  F003         	call	___awmod	;wreg free
   576   000902  5001               	movf	?___awmod^0,w,c
   577   000904  0F30               	addlw	48
   578   000906  EC5E  F005         	call	_clcd_putch
   579                           
   580                           ;main.c: 18:   clcd_print(" Pressed ", (0xC0 + (7)));
   581   00090A  0E19               	movlw	low (STR_3+7)
   582   00090C  6E03               	movwf	clcd_print@data^0,c
   583   00090E  0E06               	movlw	high (STR_3+7)
   584   000910  6E04               	movwf	(clcd_print@data+1)^0,c
   585   000912  0EC7               	movlw	199
   586   000914  6E05               	movwf	clcd_print@addr^0,c
   587   000916  ECE4  F004         	call	_clcd_print	;wreg free
   588   00091A                     
   589                           ;main.c: 20:   for (i = 50000; i--;);
   590   00091A  0EC3               	movlw	195
   591   00091C  6E0D               	movwf	(check_matrix_keypad@i+1)^0,c
   592   00091E  0E50               	movlw	80
   593   000920  6E0C               	movwf	check_matrix_keypad@i^0,c
   594   000922                     l1178:
   595   000922  060C               	decf	check_matrix_keypad@i^0,f,c
   596   000924  A0D8               	btfss	status,0,c
   597   000926  060D               	decf	(check_matrix_keypad@i+1)^0,f,c
   598   000928  280C               	incf	check_matrix_keypad@i^0,w,c
   599   00092A  E106               	bnz	u531
   600   00092C  280D               	incf	(check_matrix_keypad@i+1)^0,w,c
   601   00092E  A4D8               	btfss	status,2,c
   602   000930  EF9C  F004         	goto	u531
   603   000934  EF9E  F004         	goto	u530
   604   000938                     u531:
   605   000938  EF91  F004         	goto	l1178
   606   00093C                     u530:
   607   00093C  EFA8  F004         	goto	l53
   608   000940                     l1180:
   609                           
   610                           ;main.c: 23:  {;main.c: 24:   clcd_print(" No Key Pressed ", (0xC0 + (0)));
   611   000940  0E12               	movlw	low STR_3
   612   000942  6E03               	movwf	clcd_print@data^0,c
   613   000944  0E06               	movlw	high STR_3
   614   000946  6E04               	movwf	(clcd_print@data+1)^0,c
   615   000948  0EC0               	movlw	192
   616   00094A  6E05               	movwf	clcd_print@addr^0,c
   617   00094C  ECE4  F004         	call	_clcd_print	;wreg free
   618   000950                     l53:
   619   000950  0012               	return		;funcret
   620   000952                     __end_of_check_matrix_keypad:
   621                           	callstack 0
   622                           
   623 ;; *************** function _read_switches *****************
   624 ;; Defined at:
   625 ;;		line 88 in file "matrix_keypad.c"
   626 ;; Parameters:    Size  Location     Type
   627 ;;  detection_ty    1    wreg     unsigned char 
   628 ;; Auto vars:     Size  Location     Type
   629 ;;  detection_ty    1    0[COMRAM] unsigned char 
   630 ;; Return value:  Size  Location     Type
   631 ;;                  1    wreg      unsigned char 
   632 ;; Registers used:
   633 ;;		wreg, status,2, status,0, cstack
   634 ;; Tracked objects:
   635 ;;		On entry : 0/0
   636 ;;		On exit  : 0/0
   637 ;;		Unchanged: 0/0
   638 ;; Data sizes:     COMRAM   BANK0   BANK1   BANK2   BANK3   BANK4   BANK5
   639 ;;      Params:         0       0       0       0       0       0       0
   640 ;;      Locals:         1       0       0       0       0       0       0
   641 ;;      Temps:          0       0       0       0       0       0       0
   642 ;;      Totals:         1       0       0       0       0       0       0
   643 ;;Total ram usage:        1 bytes
   644 ;; Hardware stack levels used: 1
   645 ;; Hardware stack levels required when called: 1
   646 ;; This function calls:
   647 ;;		_scan_key
   648 ;; This function is called by:
   649 ;;		_check_matrix_keypad
   650 ;; This function uses a non-reentrant model
   651 ;;
   652                           
   653                           	psect	text5
   654   000952                     __ptext5:
   655                           	callstack 0
   656   000952                     _read_switches:
   657                           	callstack 28
   658                           
   659                           ;incstack = 0
   660                           ;read_switches@detection_type stored from wreg
   661   000952  6E01               	movwf	read_switches@detection_type^0,c
   662   000954                     
   663                           ;matrix_keypad.c: 88: unsigned char read_switches(unsigned char detection_type);matrix_k
      +                          eypad.c: 89: {;matrix_keypad.c: 90:  static unsigned char once = 1, key;;matrix_keypad.c
      +                          : 92:  if (detection_type == 1)
   664   000954  0401               	decf	read_switches@detection_type^0,w,c
   665   000956  A4D8               	btfss	status,2,c
   666   000958  EFB0  F004         	goto	u171
   667   00095C  EFB2  F004         	goto	u170
   668   000960                     u171:
   669   000960  EFD6  F004         	goto	l924
   670   000964                     u170:
   671   000964                     
   672                           ;matrix_keypad.c: 93:  {;matrix_keypad.c: 94:   key = scan_key();
   673   000964  EC15  F003         	call	_scan_key	;wreg free
   674   000968  6E0E               	movwf	read_switches@key^0,c
   675   00096A                     
   676                           ;matrix_keypad.c: 95:   if(key != 0xFF && once )
   677   00096A  280E               	incf	read_switches@key^0,w,c
   678   00096C  B4D8               	btfsc	status,2,c
   679   00096E  EFBB  F004         	goto	u181
   680   000972  EFBD  F004         	goto	u180
   681   000976                     u181:
   682   000976  EFCA  F004         	goto	l920
   683   00097A                     u180:
   684   00097A  500F               	movf	read_switches@once^0,w,c
   685   00097C  B4D8               	btfsc	status,2,c
   686   00097E  EFC3  F004         	goto	u191
   687   000982  EFC5  F004         	goto	u190
   688   000986                     u191:
   689   000986  EFCA  F004         	goto	l920
   690   00098A                     u190:
   691   00098A                     
   692                           ;matrix_keypad.c: 96:   {;matrix_keypad.c: 97:    once = 0;
   693   00098A  0E00               	movlw	0
   694   00098C  6E0F               	movwf	read_switches@once^0,c
   695                           
   696                           ;matrix_keypad.c: 98:    return key;
   697   00098E  500E               	movf	read_switches@key^0,w,c
   698   000990  EFE3  F004         	goto	l110
   699   000994                     l920:
   700   000994  280E               	incf	read_switches@key^0,w,c
   701   000996  A4D8               	btfss	status,2,c
   702   000998  EFD0  F004         	goto	u201
   703   00099C  EFD2  F004         	goto	u200
   704   0009A0                     u201:
   705   0009A0  EFE2  F004         	goto	l930
   706   0009A4                     u200:
   707   0009A4                     
   708                           ;matrix_keypad.c: 101:   {;matrix_keypad.c: 102:    once = 1;
   709   0009A4  0E01               	movlw	1
   710   0009A6  6E0F               	movwf	read_switches@once^0,c
   711   0009A8  EFE2  F004         	goto	l930
   712   0009AC                     l924:
   713   0009AC  5001               	movf	read_switches@detection_type^0,w,c
   714   0009AE  A4D8               	btfss	status,2,c
   715   0009B0  EFDC  F004         	goto	u211
   716   0009B4  EFDE  F004         	goto	u210
   717   0009B8                     u211:
   718   0009B8  EFE2  F004         	goto	l930
   719   0009BC                     u210:
   720   0009BC                     
   721                           ;matrix_keypad.c: 106:  {;matrix_keypad.c: 107:   return scan_key();
   722   0009BC  EC15  F003         	call	_scan_key	;wreg free
   723   0009C0  EFE3  F004         	goto	l110
   724   0009C4                     l930:
   725                           
   726                           ;matrix_keypad.c: 110:  return 0xFF;
   727   0009C4  0EFF               	movlw	255
   728   0009C6                     l110:
   729   0009C6  0012               	return		;funcret
   730   0009C8                     __end_of_read_switches:
   731                           	callstack 0
   732                           
   733 ;; *************** function _scan_key *****************
   734 ;; Defined at:
   735 ;;		line 18 in file "matrix_keypad.c"
   736 ;; Parameters:    Size  Location     Type
   737 ;;		None
   738 ;; Auto vars:     Size  Location     Type
   739 ;;		None
   740 ;; Return value:  Size  Location     Type
   741 ;;                  1    wreg      unsigned char 
   742 ;; Registers used:
   743 ;;		wreg
   744 ;; Tracked objects:
   745 ;;		On entry : 0/0
   746 ;;		On exit  : 0/0
   747 ;;		Unchanged: 0/0
   748 ;; Data sizes:     COMRAM   BANK0   BANK1   BANK2   BANK3   BANK4   BANK5
   749 ;;      Params:         0       0       0       0       0       0       0
   750 ;;      Locals:         0       0       0       0       0       0       0
   751 ;;      Temps:          0       0       0       0       0       0       0
   752 ;;      Totals:         0       0       0       0       0       0       0
   753 ;;Total ram usage:        0 bytes
   754 ;; Hardware stack levels used: 1
   755 ;; This function calls:
   756 ;;		Nothing
   757 ;; This function is called by:
   758 ;;		_read_switches
   759 ;; This function uses a non-reentrant model
   760 ;;
   761                           
   762                           	psect	text6
   763   00062A                     __ptext6:
   764                           	callstack 0
   765   00062A                     _scan_key:
   766                           	callstack 28
   767   00062A                     
   768                           ;matrix_keypad.c: 20:  PORTBbits.RB5 = 0;
   769   00062A  9A81               	bcf	129,5,c	;volatile
   770                           
   771                           ;matrix_keypad.c: 21:  PORTBbits.RB6 = 1;
   772   00062C  8C81               	bsf	129,6,c	;volatile
   773                           
   774                           ;matrix_keypad.c: 22:  PORTBbits.RB7 = 1;
   775   00062E  8E81               	bsf	129,7,c	;volatile
   776                           
   777                           ;matrix_keypad.c: 24:  if (PORTBbits.RB1 == 0)
   778   000630  B281               	btfsc	129,1,c	;volatile
   779   000632  EF1D  F003         	goto	u41
   780   000636  EF1F  F003         	goto	u40
   781   00063A                     u41:
   782   00063A  EF22  F003         	goto	l80
   783   00063E                     u40:
   784   00063E                     
   785                           ;matrix_keypad.c: 25:  {;matrix_keypad.c: 26:   return 1;
   786   00063E  0E01               	movlw	1
   787   000640  EF98  F003         	goto	l81
   788   000644                     l80:
   789   000644  B481               	btfsc	129,2,c	;volatile
   790   000646  EF27  F003         	goto	u51
   791   00064A  EF29  F003         	goto	u50
   792   00064E                     u51:
   793   00064E  EF2C  F003         	goto	l83
   794   000652                     u50:
   795   000652                     
   796                           ;matrix_keypad.c: 29:  {;matrix_keypad.c: 30:   return 4;
   797   000652  0E04               	movlw	4
   798   000654  EF98  F003         	goto	l81
   799   000658                     l83:
   800   000658  B681               	btfsc	129,3,c	;volatile
   801   00065A  EF31  F003         	goto	u61
   802   00065E  EF33  F003         	goto	u60
   803   000662                     u61:
   804   000662  EF36  F003         	goto	l85
   805   000666                     u60:
   806   000666                     
   807                           ;matrix_keypad.c: 33:  {;matrix_keypad.c: 34:   return 7;
   808   000666  0E07               	movlw	7
   809   000668  EF98  F003         	goto	l81
   810   00066C                     l85:
   811   00066C  B881               	btfsc	129,4,c	;volatile
   812   00066E  EF3B  F003         	goto	u71
   813   000672  EF3D  F003         	goto	u70
   814   000676                     u71:
   815   000676  EF40  F003         	goto	l82
   816   00067A                     u70:
   817   00067A                     
   818                           ;matrix_keypad.c: 37:  {;matrix_keypad.c: 38:   return 10;
   819   00067A  0E0A               	movlw	10
   820   00067C  EF98  F003         	goto	l81
   821   000680                     l82:
   822                           
   823                           ;matrix_keypad.c: 41:  PORTBbits.RB5 = 1;
   824   000680  8A81               	bsf	129,5,c	;volatile
   825                           
   826                           ;matrix_keypad.c: 42:  PORTBbits.RB6 = 0;
   827   000682  9C81               	bcf	129,6,c	;volatile
   828                           
   829                           ;matrix_keypad.c: 43:  PORTBbits.RB7 = 1;
   830   000684  8E81               	bsf	129,7,c	;volatile
   831                           
   832                           ;matrix_keypad.c: 45:  if (PORTBbits.RB1 == 0)
   833   000686  B281               	btfsc	129,1,c	;volatile
   834   000688  EF48  F003         	goto	u81
   835   00068C  EF4A  F003         	goto	u80
   836   000690                     u81:
   837   000690  EF4D  F003         	goto	l88
   838   000694                     u80:
   839   000694                     
   840                           ;matrix_keypad.c: 46:  {;matrix_keypad.c: 47:   return 2;
   841   000694  0E02               	movlw	2
   842   000696  EF98  F003         	goto	l81
   843   00069A                     l88:
   844   00069A  B481               	btfsc	129,2,c	;volatile
   845   00069C  EF52  F003         	goto	u91
   846   0006A0  EF54  F003         	goto	u90
   847   0006A4                     u91:
   848   0006A4  EF57  F003         	goto	l90
   849   0006A8                     u90:
   850   0006A8                     
   851                           ;matrix_keypad.c: 50:  {;matrix_keypad.c: 51:   return 5;
   852   0006A8  0E05               	movlw	5
   853   0006AA  EF98  F003         	goto	l81
   854   0006AE                     l90:
   855   0006AE  B681               	btfsc	129,3,c	;volatile
   856   0006B0  EF5C  F003         	goto	u101
   857   0006B4  EF5E  F003         	goto	u100
   858   0006B8                     u101:
   859   0006B8  EF61  F003         	goto	l92
   860   0006BC                     u100:
   861   0006BC                     
   862                           ;matrix_keypad.c: 54:  {;matrix_keypad.c: 55:   return 8;
   863   0006BC  0E08               	movlw	8
   864   0006BE  EF98  F003         	goto	l81
   865   0006C2                     l92:
   866   0006C2  B881               	btfsc	129,4,c	;volatile
   867   0006C4  EF66  F003         	goto	u111
   868   0006C8  EF68  F003         	goto	u110
   869   0006CC                     u111:
   870   0006CC  EF6B  F003         	goto	l89
   871   0006D0                     u110:
   872   0006D0                     
   873                           ;matrix_keypad.c: 58:  {;matrix_keypad.c: 59:   return 11;
   874   0006D0  0E0B               	movlw	11
   875   0006D2  EF98  F003         	goto	l81
   876   0006D6                     l89:
   877                           
   878                           ;matrix_keypad.c: 62:  PORTBbits.RB5 = 1;
   879   0006D6  8A81               	bsf	129,5,c	;volatile
   880                           
   881                           ;matrix_keypad.c: 63:  PORTBbits.RB6 = 1;
   882   0006D8  8C81               	bsf	129,6,c	;volatile
   883                           
   884                           ;matrix_keypad.c: 64:  PORTBbits.RB7 = 0;
   885   0006DA  9E81               	bcf	129,7,c	;volatile
   886                           
   887                           ;matrix_keypad.c: 66:  PORTBbits.RB7 = 0;
   888   0006DC  9E81               	bcf	129,7,c	;volatile
   889                           
   890                           ;matrix_keypad.c: 68:  if (PORTBbits.RB1 == 0)
   891   0006DE  B281               	btfsc	129,1,c	;volatile
   892   0006E0  EF74  F003         	goto	u121
   893   0006E4  EF76  F003         	goto	u120
   894   0006E8                     u121:
   895   0006E8  EF79  F003         	goto	l95
   896   0006EC                     u120:
   897   0006EC                     
   898                           ;matrix_keypad.c: 69:  {;matrix_keypad.c: 70:   return 3;
   899   0006EC  0E03               	movlw	3
   900   0006EE  EF98  F003         	goto	l81
   901   0006F2                     l95:
   902   0006F2  B481               	btfsc	129,2,c	;volatile
   903   0006F4  EF7E  F003         	goto	u131
   904   0006F8  EF80  F003         	goto	u130
   905   0006FC                     u131:
   906   0006FC  EF83  F003         	goto	l97
   907   000700                     u130:
   908   000700                     
   909                           ;matrix_keypad.c: 73:  {;matrix_keypad.c: 74:   return 6;
   910   000700  0E06               	movlw	6
   911   000702  EF98  F003         	goto	l81
   912   000706                     l97:
   913   000706  B681               	btfsc	129,3,c	;volatile
   914   000708  EF88  F003         	goto	u141
   915   00070C  EF8A  F003         	goto	u140
   916   000710                     u141:
   917   000710  EF8D  F003         	goto	l99
   918   000714                     u140:
   919   000714                     
   920                           ;matrix_keypad.c: 77:  {;matrix_keypad.c: 78:   return 9;
   921   000714  0E09               	movlw	9
   922   000716  EF98  F003         	goto	l81
   923   00071A                     l99:
   924   00071A  B881               	btfsc	129,4,c	;volatile
   925   00071C  EF92  F003         	goto	u151
   926   000720  EF94  F003         	goto	u150
   927   000724                     u151:
   928   000724  EF97  F003         	goto	l98
   929   000728                     u150:
   930   000728                     
   931                           ;matrix_keypad.c: 81:  {;matrix_keypad.c: 82:   return 12;
   932   000728  0E0C               	movlw	12
   933   00072A  EF98  F003         	goto	l81
   934   00072E                     l98:
   935   00072E                     
   936                           ;matrix_keypad.c: 85:  return 0xFF;
   937   00072E  0EFF               	movlw	255
   938   000730                     l81:
   939   000730  0012               	return		;funcret
   940   000732                     __end_of_scan_key:
   941                           	callstack 0
   942                           
   943 ;; *************** function _clcd_putch *****************
   944 ;; Defined at:
   945 ;;		line 51 in file "clcd.c"
   946 ;; Parameters:    Size  Location     Type
   947 ;;  data            1    wreg     const unsigned char 
   948 ;;  addr            1    8[COMRAM] unsigned char 
   949 ;; Auto vars:     Size  Location     Type
   950 ;;  data            1    9[COMRAM] const unsigned char 
   951 ;; Return value:  Size  Location     Type
   952 ;;                  1    wreg      void 
   953 ;; Registers used:
   954 ;;		wreg, status,2, cstack
   955 ;; Tracked objects:
   956 ;;		On entry : 0/0
   957 ;;		On exit  : 0/0
   958 ;;		Unchanged: 0/0
   959 ;; Data sizes:     COMRAM   BANK0   BANK1   BANK2   BANK3   BANK4   BANK5
   960 ;;      Params:         1       0       0       0       0       0       0
   961 ;;      Locals:         1       0       0       0       0       0       0
   962 ;;      Temps:          0       0       0       0       0       0       0
   963 ;;      Totals:         2       0       0       0       0       0       0
   964 ;;Total ram usage:        2 bytes
   965 ;; Hardware stack levels used: 1
   966 ;; Hardware stack levels required when called: 1
   967 ;; This function calls:
   968 ;;		_clcd_write
   969 ;; This function is called by:
   970 ;;		_check_matrix_keypad
   971 ;; This function uses a non-reentrant model
   972 ;;
   973                           
   974                           	psect	text7
   975   000ABC                     __ptext7:
   976                           	callstack 0
   977   000ABC                     _clcd_putch:
   978                           	callstack 28
   979                           
   980                           ;incstack = 0
   981                           ;clcd_putch@data stored from wreg
   982   000ABC  6E0A               	movwf	clcd_putch@data^0,c
   983   000ABE                     
   984                           ;clcd.c: 51: void clcd_putch(const unsigned char data, unsigned char addr);clcd.c: 52: {
      +                          ;clcd.c: 53:  clcd_write(addr, 0);
   985   000ABE  0E00               	movlw	0
   986   000AC0  6E01               	movwf	clcd_write@control_bit^0,c
   987   000AC2  5009               	movf	clcd_putch@addr^0,w,c
   988   000AC4  EC06  F005         	call	_clcd_write
   989                           
   990                           ;clcd.c: 54:  clcd_write(data, 1);
   991   000AC8  0E01               	movlw	1
   992   000ACA  6E01               	movwf	clcd_write@control_bit^0,c
   993   000ACC  500A               	movf	clcd_putch@data^0,w,c
   994   000ACE  EC06  F005         	call	_clcd_write
   995   000AD2  0012               	return		;funcret
   996   000AD4                     __end_of_clcd_putch:
   997                           	callstack 0
   998                           
   999 ;; *************** function _clcd_print *****************
  1000 ;; Defined at:
  1001 ;;		line 42 in file "clcd.c"
  1002 ;; Parameters:    Size  Location     Type
  1003 ;;  data            2    2[COMRAM] PTR const unsigned char 
  1004 ;;		 -> STR_4(17), STR_3(17), STR_2(10), STR_1(5), 
  1005 ;;  addr            1    4[COMRAM] unsigned char 
  1006 ;; Auto vars:     Size  Location     Type
  1007 ;;		None
  1008 ;; Return value:  Size  Location     Type
  1009 ;;                  1    wreg      void 
  1010 ;; Registers used:
  1011 ;;		wreg, status,2, status,0, tblptrl, tblptrh, tblptru, cstack
  1012 ;; Tracked objects:
  1013 ;;		On entry : 0/0
  1014 ;;		On exit  : 0/0
  1015 ;;		Unchanged: 0/0
  1016 ;; Data sizes:     COMRAM   BANK0   BANK1   BANK2   BANK3   BANK4   BANK5
  1017 ;;      Params:         3       0       0       0       0       0       0
  1018 ;;      Locals:         0       0       0       0       0       0       0
  1019 ;;      Temps:          0       0       0       0       0       0       0
  1020 ;;      Totals:         3       0       0       0       0       0       0
  1021 ;;Total ram usage:        3 bytes
  1022 ;; Hardware stack levels used: 1
  1023 ;; Hardware stack levels required when called: 1
  1024 ;; This function calls:
  1025 ;;		_clcd_write
  1026 ;; This function is called by:
  1027 ;;		_check_matrix_keypad
  1028 ;;		_init_config
  1029 ;; This function uses a non-reentrant model
  1030 ;;
  1031                           
  1032                           	psect	text8
  1033   0009C8                     __ptext8:
  1034                           	callstack 0
  1035   0009C8                     _clcd_print:
  1036                           	callstack 28
  1037   0009C8                     
  1038                           ;clcd.c: 42: void clcd_print(const unsigned char *data, unsigned char addr);clcd.c: 43: 
      +                          {;clcd.c: 44:  clcd_write(addr, 0);
  1039   0009C8  0E00               	movlw	0
  1040   0009CA  6E01               	movwf	clcd_write@control_bit^0,c
  1041   0009CC  5005               	movf	clcd_print@addr^0,w,c
  1042   0009CE  EC06  F005         	call	_clcd_write
  1043                           
  1044                           ;clcd.c: 45:  while (*data != '\0')
  1045   0009D2  EFF7  F004         	goto	l1082
  1046   0009D6                     l1078:
  1047                           
  1048                           ;clcd.c: 46:  {;clcd.c: 47:   clcd_write(*data++, 1);
  1049   0009D6  0E01               	movlw	1
  1050   0009D8  6E01               	movwf	clcd_write@control_bit^0,c
  1051   0009DA  C003  FFF6         	movff	clcd_print@data,tblptrl
  1052   0009DE  C004  FFF7         	movff	clcd_print@data+1,tblptrh
  1053   0009E2                     	if	0	;tblptru may be non-zero
  1054   0009E2                     	endif
  1055   0009E2                     	if	0	;tblptru may be non-zero
  1056   0009E2                     	endif
  1057   0009E2  0008               	tblrd		*
  1058   0009E4  50F5               	movf	tablat,w,c
  1059   0009E6  EC06  F005         	call	_clcd_write
  1060   0009EA  4A03               	infsnz	clcd_print@data^0,f,c
  1061   0009EC  2A04               	incf	(clcd_print@data+1)^0,f,c
  1062   0009EE                     l1082:
  1063                           
  1064                           ;clcd.c: 45:  while (*data != '\0')
  1065   0009EE  C003  FFF6         	movff	clcd_print@data,tblptrl
  1066   0009F2  C004  FFF7         	movff	clcd_print@data+1,tblptrh
  1067   0009F6                     	if	0	;tblptru may be non-zero
  1068   0009F6                     	endif
  1069   0009F6                     	if	0	;tblptru may be non-zero
  1070   0009F6                     	endif
  1071   0009F6  0008               	tblrd		*
  1072   0009F8  50F5               	movf	tablat,w,c
  1073   0009FA  0900               	iorlw	0
  1074   0009FC  A4D8               	btfss	status,2,c
  1075   0009FE  EF03  F005         	goto	u391
  1076   000A02  EF05  F005         	goto	u390
  1077   000A06                     u391:
  1078   000A06  EFEB  F004         	goto	l1078
  1079   000A0A                     u390:
  1080   000A0A  0012               	return		;funcret
  1081   000A0C                     __end_of_clcd_print:
  1082                           	callstack 0
  1083                           
  1084 ;; *************** function _clcd_write *****************
  1085 ;; Defined at:
  1086 ;;		line 4 in file "clcd.c"
  1087 ;; Parameters:    Size  Location     Type
  1088 ;;  byte            1    wreg     unsigned char 
  1089 ;;  control_bit     1    0[COMRAM] unsigned char 
  1090 ;; Auto vars:     Size  Location     Type
  1091 ;;  byte            1    1[COMRAM] unsigned char 
  1092 ;; Return value:  Size  Location     Type
  1093 ;;                  1    wreg      void 
  1094 ;; Registers used:
  1095 ;;		wreg
  1096 ;; Tracked objects:
  1097 ;;		On entry : 0/0
  1098 ;;		On exit  : 0/0
  1099 ;;		Unchanged: 0/0
  1100 ;; Data sizes:     COMRAM   BANK0   BANK1   BANK2   BANK3   BANK4   BANK5
  1101 ;;      Params:         1       0       0       0       0       0       0
  1102 ;;      Locals:         1       0       0       0       0       0       0
  1103 ;;      Temps:          0       0       0       0       0       0       0
  1104 ;;      Totals:         2       0       0       0       0       0       0
  1105 ;;Total ram usage:        2 bytes
  1106 ;; Hardware stack levels used: 1
  1107 ;; This function calls:
  1108 ;;		Nothing
  1109 ;; This function is called by:
  1110 ;;		_init_clcd
  1111 ;;		_clcd_print
  1112 ;;		_clcd_putch
  1113 ;; This function uses a non-reentrant model
  1114 ;;
  1115                           
  1116                           	psect	text9
  1117   000A0C                     __ptext9:
  1118                           	callstack 0
  1119   000A0C                     _clcd_write:
  1120                           	callstack 28
  1121                           
  1122                           ;incstack = 0
  1123                           ;clcd_write@byte stored from wreg
  1124   000A0C  6E02               	movwf	clcd_write@byte^0,c
  1125   000A0E                     
  1126                           ;clcd.c: 4: void clcd_write(unsigned char byte, unsigned char control_bit);clcd.c: 5: {;
      +                          clcd.c: 6:  RC1 = control_bit;
  1127   000A0E  B001               	btfsc	clcd_write@control_bit^0,0,c
  1128   000A10  EF0C  F005         	goto	u361
  1129   000A14  EF0F  F005         	goto	u360
  1130   000A18                     u361:
  1131   000A18  8282               	bsf	3970,1,c	;volatile
  1132   000A1A  EF10  F005         	goto	u375
  1133   000A1E                     u360:
  1134   000A1E  9282               	bcf	3970,1,c	;volatile
  1135   000A20                     u375:
  1136   000A20                     
  1137                           ;clcd.c: 7:  PORTD = byte;
  1138   000A20  C002  FF83         	movff	clcd_write@byte,3971	;volatile
  1139   000A24                     
  1140                           ;clcd.c: 10:  RC2 = 1;
  1141   000A24  8482               	bsf	3970,2,c	;volatile
  1142   000A26                     
  1143                           ;clcd.c: 11:  RC2 = 0;
  1144   000A26  9482               	bcf	3970,2,c	;volatile
  1145   000A28                     
  1146                           ;clcd.c: 13:  TRISD7 = 0xFF;
  1147   000A28  8E95               	bsf	3989,7,c	;volatile
  1148   000A2A                     
  1149                           ;clcd.c: 14:  RC0 = 1;
  1150   000A2A  8082               	bsf	3970,0,c	;volatile
  1151   000A2C                     
  1152                           ;clcd.c: 15:  RC1 = 0;
  1153   000A2C  9282               	bcf	3970,1,c	;volatile
  1154   000A2E                     l1056:
  1155                           
  1156                           ;clcd.c: 18:  {;clcd.c: 19:   RC2 = 1;
  1157   000A2E  8482               	bsf	3970,2,c	;volatile
  1158   000A30                     
  1159                           ;clcd.c: 20:   RC2 = 0;
  1160   000A30  9482               	bcf	3970,2,c	;volatile
  1161   000A32                     
  1162                           ;clcd.c: 21:  } while (RD7);
  1163   000A32  BE83               	btfsc	3971,7,c	;volatile
  1164   000A34  EF1E  F005         	goto	u381
  1165   000A38  EF20  F005         	goto	u380
  1166   000A3C                     u381:
  1167   000A3C  EF17  F005         	goto	l1056
  1168   000A40                     u380:
  1169   000A40                     
  1170                           ;clcd.c: 23:  RC0 = 0;
  1171   000A40  9082               	bcf	3970,0,c	;volatile
  1172                           
  1173                           ;clcd.c: 24:  TRISD7 = 0x00;
  1174   000A42  9E95               	bcf	3989,7,c	;volatile
  1175   000A44  0012               	return		;funcret
  1176   000A46                     __end_of_clcd_write:
  1177                           	callstack 0
  1178                           
  1179 ;; *************** function ___awmod *****************
  1180 ;; Defined at:
  1181 ;;		line 7 in file "C:\Program Files\Microchip\xc8\v2.40\pic\sources\c99\common\awmod.c"
  1182 ;; Parameters:    Size  Location     Type
  1183 ;;  dividend        2    0[COMRAM] int 
  1184 ;;  divisor         2    2[COMRAM] int 
  1185 ;; Auto vars:     Size  Location     Type
  1186 ;;  sign            1    5[COMRAM] unsigned char 
  1187 ;;  counter         1    4[COMRAM] unsigned char 
  1188 ;; Return value:  Size  Location     Type
  1189 ;;                  2    0[COMRAM] int 
  1190 ;; Registers used:
  1191 ;;		wreg, status,2, status,0
  1192 ;; Tracked objects:
  1193 ;;		On entry : 0/0
  1194 ;;		On exit  : 0/0
  1195 ;;		Unchanged: 0/0
  1196 ;; Data sizes:     COMRAM   BANK0   BANK1   BANK2   BANK3   BANK4   BANK5
  1197 ;;      Params:         4       0       0       0       0       0       0
  1198 ;;      Locals:         2       0       0       0       0       0       0
  1199 ;;      Temps:          0       0       0       0       0       0       0
  1200 ;;      Totals:         6       0       0       0       0       0       0
  1201 ;;Total ram usage:        6 bytes
  1202 ;; Hardware stack levels used: 1
  1203 ;; This function calls:
  1204 ;;		Nothing
  1205 ;; This function is called by:
  1206 ;;		_check_matrix_keypad
  1207 ;; This function uses a non-reentrant model
  1208 ;;
  1209                           
  1210                           	psect	text10
  1211   0007F6                     __ptext10:
  1212                           	callstack 0
  1213   0007F6                     ___awmod:
  1214                           	callstack 29
  1215   0007F6  0E00               	movlw	0
  1216   0007F8  6E06               	movwf	___awmod@sign^0,c
  1217   0007FA  BE02               	btfsc	(___awmod@dividend+1)^0,7,c
  1218   0007FC  EF04  F004         	goto	u460
  1219   000800  EF02  F004         	goto	u461
  1220   000804                     u461:
  1221   000804  EF0A  F004         	goto	l1138
  1222   000808                     u460:
  1223   000808  6C01               	negf	___awmod@dividend^0,c
  1224   00080A  1E02               	comf	(___awmod@dividend+1)^0,f,c
  1225   00080C  B0D8               	btfsc	status,0,c
  1226   00080E  2A02               	incf	(___awmod@dividend+1)^0,f,c
  1227   000810  0E01               	movlw	1
  1228   000812  6E06               	movwf	___awmod@sign^0,c
  1229   000814                     l1138:
  1230   000814  BE04               	btfsc	(___awmod@divisor+1)^0,7,c
  1231   000816  EF11  F004         	goto	u470
  1232   00081A  EF0F  F004         	goto	u471
  1233   00081E                     u471:
  1234   00081E  EF15  F004         	goto	l1142
  1235   000822                     u470:
  1236   000822  6C03               	negf	___awmod@divisor^0,c
  1237   000824  1E04               	comf	(___awmod@divisor+1)^0,f,c
  1238   000826  B0D8               	btfsc	status,0,c
  1239   000828  2A04               	incf	(___awmod@divisor+1)^0,f,c
  1240   00082A                     l1142:
  1241   00082A  5003               	movf	___awmod@divisor^0,w,c
  1242   00082C  1004               	iorwf	(___awmod@divisor+1)^0,w,c
  1243   00082E  B4D8               	btfsc	status,2,c
  1244   000830  EF1C  F004         	goto	u481
  1245   000834  EF1E  F004         	goto	u480
  1246   000838                     u481:
  1247   000838  EF42  F004         	goto	l1158
  1248   00083C                     u480:
  1249   00083C  0E01               	movlw	1
  1250   00083E  6E05               	movwf	___awmod@counter^0,c
  1251   000840  EF26  F004         	goto	l1148
  1252   000844                     l1146:
  1253   000844  90D8               	bcf	status,0,c
  1254   000846  3603               	rlcf	___awmod@divisor^0,f,c
  1255   000848  3604               	rlcf	(___awmod@divisor+1)^0,f,c
  1256   00084A  2A05               	incf	___awmod@counter^0,f,c
  1257   00084C                     l1148:
  1258   00084C  AE04               	btfss	(___awmod@divisor+1)^0,7,c
  1259   00084E  EF2B  F004         	goto	u491
  1260   000852  EF2D  F004         	goto	u490
  1261   000856                     u491:
  1262   000856  EF22  F004         	goto	l1146
  1263   00085A                     u490:
  1264   00085A                     l1150:
  1265   00085A  5003               	movf	___awmod@divisor^0,w,c
  1266   00085C  5C01               	subwf	___awmod@dividend^0,w,c
  1267   00085E  5004               	movf	(___awmod@divisor+1)^0,w,c
  1268   000860  5802               	subwfb	(___awmod@dividend+1)^0,w,c
  1269   000862  A0D8               	btfss	status,0,c
  1270   000864  EF36  F004         	goto	u501
  1271   000868  EF38  F004         	goto	u500
  1272   00086C                     u501:
  1273   00086C  EF3C  F004         	goto	l1154
  1274   000870                     u500:
  1275   000870  5003               	movf	___awmod@divisor^0,w,c
  1276   000872  5E01               	subwf	___awmod@dividend^0,f,c
  1277   000874  5004               	movf	(___awmod@divisor+1)^0,w,c
  1278   000876  5A02               	subwfb	(___awmod@dividend+1)^0,f,c
  1279   000878                     l1154:
  1280   000878  90D8               	bcf	status,0,c
  1281   00087A  3204               	rrcf	(___awmod@divisor+1)^0,f,c
  1282   00087C  3203               	rrcf	___awmod@divisor^0,f,c
  1283   00087E  2E05               	decfsz	___awmod@counter^0,f,c
  1284   000880  EF2D  F004         	goto	l1150
  1285   000884                     l1158:
  1286   000884  5006               	movf	___awmod@sign^0,w,c
  1287   000886  B4D8               	btfsc	status,2,c
  1288   000888  EF48  F004         	goto	u511
  1289   00088C  EF4A  F004         	goto	u510
  1290   000890                     u511:
  1291   000890  EF4E  F004         	goto	l1162
  1292   000894                     u510:
  1293   000894  6C01               	negf	___awmod@dividend^0,c
  1294   000896  1E02               	comf	(___awmod@dividend+1)^0,f,c
  1295   000898  B0D8               	btfsc	status,0,c
  1296   00089A  2A02               	incf	(___awmod@dividend+1)^0,f,c
  1297   00089C                     l1162:
  1298   00089C  C001  F001         	movff	___awmod@dividend,?___awmod
  1299   0008A0  C002  F002         	movff	___awmod@dividend+1,?___awmod+1
  1300   0008A4  0012               	return		;funcret
  1301   0008A6                     __end_of___awmod:
  1302                           	callstack 0
  1303                           
  1304 ;; *************** function ___awdiv *****************
  1305 ;; Defined at:
  1306 ;;		line 7 in file "C:\Program Files\Microchip\xc8\v2.40\pic\sources\c99\common\awdiv.c"
  1307 ;; Parameters:    Size  Location     Type
  1308 ;;  dividend        2    0[COMRAM] int 
  1309 ;;  divisor         2    2[COMRAM] int 
  1310 ;; Auto vars:     Size  Location     Type
  1311 ;;  quotient        2    6[COMRAM] int 
  1312 ;;  sign            1    5[COMRAM] unsigned char 
  1313 ;;  counter         1    4[COMRAM] unsigned char 
  1314 ;; Return value:  Size  Location     Type
  1315 ;;                  2    0[COMRAM] int 
  1316 ;; Registers used:
  1317 ;;		wreg, status,2, status,0
  1318 ;; Tracked objects:
  1319 ;;		On entry : 0/0
  1320 ;;		On exit  : 0/0
  1321 ;;		Unchanged: 0/0
  1322 ;; Data sizes:     COMRAM   BANK0   BANK1   BANK2   BANK3   BANK4   BANK5
  1323 ;;      Params:         4       0       0       0       0       0       0
  1324 ;;      Locals:         4       0       0       0       0       0       0
  1325 ;;      Temps:          0       0       0       0       0       0       0
  1326 ;;      Totals:         8       0       0       0       0       0       0
  1327 ;;Total ram usage:        8 bytes
  1328 ;; Hardware stack levels used: 1
  1329 ;; This function calls:
  1330 ;;		Nothing
  1331 ;; This function is called by:
  1332 ;;		_check_matrix_keypad
  1333 ;; This function uses a non-reentrant model
  1334 ;;
  1335                           
  1336                           	psect	text11
  1337   000732                     __ptext11:
  1338                           	callstack 0
  1339   000732                     ___awdiv:
  1340                           	callstack 29
  1341   000732  0E00               	movlw	0
  1342   000734  6E06               	movwf	___awdiv@sign^0,c
  1343   000736  BE04               	btfsc	(___awdiv@divisor+1)^0,7,c
  1344   000738  EFA2  F003         	goto	u400
  1345   00073C  EFA0  F003         	goto	u401
  1346   000740                     u401:
  1347   000740  EFA8  F003         	goto	l1094
  1348   000744                     u400:
  1349   000744  6C03               	negf	___awdiv@divisor^0,c
  1350   000746  1E04               	comf	(___awdiv@divisor+1)^0,f,c
  1351   000748  B0D8               	btfsc	status,0,c
  1352   00074A  2A04               	incf	(___awdiv@divisor+1)^0,f,c
  1353   00074C  0E01               	movlw	1
  1354   00074E  6E06               	movwf	___awdiv@sign^0,c
  1355   000750                     l1094:
  1356   000750  BE02               	btfsc	(___awdiv@dividend+1)^0,7,c
  1357   000752  EFAF  F003         	goto	u410
  1358   000756  EFAD  F003         	goto	u411
  1359   00075A                     u411:
  1360   00075A  EFB5  F003         	goto	l1100
  1361   00075E                     u410:
  1362   00075E  6C01               	negf	___awdiv@dividend^0,c
  1363   000760  1E02               	comf	(___awdiv@dividend+1)^0,f,c
  1364   000762  B0D8               	btfsc	status,0,c
  1365   000764  2A02               	incf	(___awdiv@dividend+1)^0,f,c
  1366   000766  0E01               	movlw	1
  1367   000768  1A06               	xorwf	___awdiv@sign^0,f,c
  1368   00076A                     l1100:
  1369   00076A  0E00               	movlw	0
  1370   00076C  6E08               	movwf	(___awdiv@quotient+1)^0,c
  1371   00076E  0E00               	movlw	0
  1372   000770  6E07               	movwf	___awdiv@quotient^0,c
  1373   000772  5003               	movf	___awdiv@divisor^0,w,c
  1374   000774  1004               	iorwf	(___awdiv@divisor+1)^0,w,c
  1375   000776  B4D8               	btfsc	status,2,c
  1376   000778  EFC0  F003         	goto	u421
  1377   00077C  EFC2  F003         	goto	u420
  1378   000780                     u421:
  1379   000780  EFEA  F003         	goto	l1122
  1380   000784                     u420:
  1381   000784  0E01               	movlw	1
  1382   000786  6E05               	movwf	___awdiv@counter^0,c
  1383   000788  EFCA  F003         	goto	l1108
  1384   00078C                     l1106:
  1385   00078C  90D8               	bcf	status,0,c
  1386   00078E  3603               	rlcf	___awdiv@divisor^0,f,c
  1387   000790  3604               	rlcf	(___awdiv@divisor+1)^0,f,c
  1388   000792  2A05               	incf	___awdiv@counter^0,f,c
  1389   000794                     l1108:
  1390   000794  AE04               	btfss	(___awdiv@divisor+1)^0,7,c
  1391   000796  EFCF  F003         	goto	u431
  1392   00079A  EFD1  F003         	goto	u430
  1393   00079E                     u431:
  1394   00079E  EFC6  F003         	goto	l1106
  1395   0007A2                     u430:
  1396   0007A2                     l1110:
  1397   0007A2  90D8               	bcf	status,0,c
  1398   0007A4  3607               	rlcf	___awdiv@quotient^0,f,c
  1399   0007A6  3608               	rlcf	(___awdiv@quotient+1)^0,f,c
  1400   0007A8  5003               	movf	___awdiv@divisor^0,w,c
  1401   0007AA  5C01               	subwf	___awdiv@dividend^0,w,c
  1402   0007AC  5004               	movf	(___awdiv@divisor+1)^0,w,c
  1403   0007AE  5802               	subwfb	(___awdiv@dividend+1)^0,w,c
  1404   0007B0  A0D8               	btfss	status,0,c
  1405   0007B2  EFDD  F003         	goto	u441
  1406   0007B6  EFDF  F003         	goto	u440
  1407   0007BA                     u441:
  1408   0007BA  EFE4  F003         	goto	l1118
  1409   0007BE                     u440:
  1410   0007BE  5003               	movf	___awdiv@divisor^0,w,c
  1411   0007C0  5E01               	subwf	___awdiv@dividend^0,f,c
  1412   0007C2  5004               	movf	(___awdiv@divisor+1)^0,w,c
  1413   0007C4  5A02               	subwfb	(___awdiv@dividend+1)^0,f,c
  1414   0007C6  8007               	bsf	___awdiv@quotient^0,0,c
  1415   0007C8                     l1118:
  1416   0007C8  90D8               	bcf	status,0,c
  1417   0007CA  3204               	rrcf	(___awdiv@divisor+1)^0,f,c
  1418   0007CC  3203               	rrcf	___awdiv@divisor^0,f,c
  1419   0007CE  2E05               	decfsz	___awdiv@counter^0,f,c
  1420   0007D0  EFD1  F003         	goto	l1110
  1421   0007D4                     l1122:
  1422   0007D4  5006               	movf	___awdiv@sign^0,w,c
  1423   0007D6  B4D8               	btfsc	status,2,c
  1424   0007D8  EFF0  F003         	goto	u451
  1425   0007DC  EFF2  F003         	goto	u450
  1426   0007E0                     u451:
  1427   0007E0  EFF6  F003         	goto	l1126
  1428   0007E4                     u450:
  1429   0007E4  6C07               	negf	___awdiv@quotient^0,c
  1430   0007E6  1E08               	comf	(___awdiv@quotient+1)^0,f,c
  1431   0007E8  B0D8               	btfsc	status,0,c
  1432   0007EA  2A08               	incf	(___awdiv@quotient+1)^0,f,c
  1433   0007EC                     l1126:
  1434   0007EC  C007  F001         	movff	___awdiv@quotient,?___awdiv
  1435   0007F0  C008  F002         	movff	___awdiv@quotient+1,?___awdiv+1
  1436   0007F4  0012               	return		;funcret
  1437   0007F6                     __end_of___awdiv:
  1438                           	callstack 0
  1439                           
  1440                           	psect	rparam
  1441   000000                     
  1442                           	psect	idloc
  1443                           
  1444                           ;Config register IDLOC0 @ 0x200000
  1445                           ;	unspecified, using default values
  1446   200000                     	org	2097152
  1447   200000  FF                 	db	255
  1448                           
  1449                           ;Config register IDLOC1 @ 0x200001
  1450                           ;	unspecified, using default values
  1451   200001                     	org	2097153
  1452   200001  FF                 	db	255
  1453                           
  1454                           ;Config register IDLOC2 @ 0x200002
  1455                           ;	unspecified, using default values
  1456   200002                     	org	2097154
  1457   200002  FF                 	db	255
  1458                           
  1459                           ;Config register IDLOC3 @ 0x200003
  1460                           ;	unspecified, using default values
  1461   200003                     	org	2097155
  1462   200003  FF                 	db	255
  1463                           
  1464                           ;Config register IDLOC4 @ 0x200004
  1465                           ;	unspecified, using default values
  1466   200004                     	org	2097156
  1467   200004  FF                 	db	255
  1468                           
  1469                           ;Config register IDLOC5 @ 0x200005
  1470                           ;	unspecified, using default values
  1471   200005                     	org	2097157
  1472   200005  FF                 	db	255
  1473                           
  1474                           ;Config register IDLOC6 @ 0x200006
  1475                           ;	unspecified, using default values
  1476   200006                     	org	2097158
  1477   200006  FF                 	db	255
  1478                           
  1479                           ;Config register IDLOC7 @ 0x200007
  1480                           ;	unspecified, using default values
  1481   200007                     	org	2097159
  1482   200007  FF                 	db	255
  1483                           
  1484                           	psect	config
  1485                           
  1486                           ; Padding undefined space
  1487   300000                     	org	3145728
  1488   300000  FF                 	db	255
  1489                           
  1490                           ;Config register CONFIG1H @ 0x300001
  1491                           ;	unspecified, using default values
  1492                           ;	Oscillator Selection bits
  1493                           ;	OSC = 0x7, unprogrammed default
  1494                           ;	Fail-Safe Clock Monitor Enable bit
  1495                           ;	FCMEN = 0x0, unprogrammed default
  1496                           ;	Internal/External Oscillator Switchover bit
  1497                           ;	IESO = 0x0, unprogrammed default
  1498   300001                     	org	3145729
  1499   300001  07                 	db	7
  1500                           
  1501                           ;Config register CONFIG2L @ 0x300002
  1502                           ;	unspecified, using default values
  1503                           ;	Power-up Timer Enable bit
  1504                           ;	PWRT = 0x1, unprogrammed default
  1505                           ;	Brown-out Reset Enable bits
  1506                           ;	BOREN = 0x3, unprogrammed default
  1507                           ;	Brown-out Reset Voltage bits
  1508                           ;	BORV = 0x3, unprogrammed default
  1509   300002                     	org	3145730
  1510   300002  1F                 	db	31
  1511                           
  1512                           ;Config register CONFIG2H @ 0x300003
  1513                           ;	unspecified, using default values
  1514                           ;	Watchdog Timer Enable bit
  1515                           ;	WDT = 0x1, unprogrammed default
  1516                           ;	Watchdog Timer Postscale Select bits
  1517                           ;	WDTPS = 0xF, unprogrammed default
  1518   300003                     	org	3145731
  1519   300003  1F                 	db	31
  1520                           
  1521                           ; Padding undefined space
  1522   300004                     	org	3145732
  1523   300004  FF                 	db	255
  1524                           
  1525                           ;Config register CONFIG3H @ 0x300005
  1526                           ;	unspecified, using default values
  1527                           ;	PORTB A/D Enable bit
  1528                           ;	PBADEN = 0x1, unprogrammed default
  1529                           ;	Low-Power Timer 1 Oscillator Enable bit
  1530                           ;	LPT1OSC = 0x0, unprogrammed default
  1531                           ;	MCLR Pin Enable bit
  1532                           ;	MCLRE = 0x1, unprogrammed default
  1533   300005                     	org	3145733
  1534   300005  82                 	db	130
  1535                           
  1536                           ;Config register CONFIG4L @ 0x300006
  1537                           ;	unspecified, using default values
  1538                           ;	Stack Full/Underflow Reset Enable bit
  1539                           ;	STVREN = 0x1, unprogrammed default
  1540                           ;	Single-Supply ICSP Enable bit
  1541                           ;	LVP = 0x1, unprogrammed default
  1542                           ;	Boot Block Size Select bit
  1543                           ;	BBSIZ = 0x0, unprogrammed default
  1544                           ;	Extended Instruction Set Enable bit
  1545                           ;	XINST = 0x0, unprogrammed default
  1546                           ;	Background Debugger Enable bit
  1547                           ;	DEBUG = 0x1, unprogrammed default
  1548   300006                     	org	3145734
  1549   300006  85                 	db	133
  1550                           
  1551                           ; Padding undefined space
  1552   300007                     	org	3145735
  1553   300007  FF                 	db	255
  1554                           
  1555                           ;Config register CONFIG5L @ 0x300008
  1556                           ;	unspecified, using default values
  1557                           ;	Code Protection bit
  1558                           ;	CP0 = 0x1, unprogrammed default
  1559                           ;	Code Protection bit
  1560                           ;	CP1 = 0x1, unprogrammed default
  1561                           ;	Code Protection bit
  1562                           ;	CP2 = 0x1, unprogrammed default
  1563                           ;	Code Protection bit
  1564                           ;	CP3 = 0x1, unprogrammed default
  1565   300008                     	org	3145736
  1566   300008  0F                 	db	15
  1567                           
  1568                           ;Config register CONFIG5H @ 0x300009
  1569                           ;	unspecified, using default values
  1570                           ;	Boot Block Code Protection bit
  1571                           ;	CPB = 0x1, unprogrammed default
  1572                           ;	Data EEPROM Code Protection bit
  1573                           ;	CPD = 0x1, unprogrammed default
  1574   300009                     	org	3145737
  1575   300009  C0                 	db	192
  1576                           
  1577                           ;Config register CONFIG6L @ 0x30000A
  1578                           ;	unspecified, using default values
  1579                           ;	Write Protection bit
  1580                           ;	WRT0 = 0x1, unprogrammed default
  1581                           ;	Write Protection bit
  1582                           ;	WRT1 = 0x1, unprogrammed default
  1583                           ;	Write Protection bit
  1584                           ;	WRT2 = 0x1, unprogrammed default
  1585                           ;	Write Protection bit
  1586                           ;	WRT3 = 0x1, unprogrammed default
  1587   30000A                     	org	3145738
  1588   30000A  0F                 	db	15
  1589                           
  1590                           ;Config register CONFIG6H @ 0x30000B
  1591                           ;	unspecified, using default values
  1592                           ;	Configuration Register Write Protection bit
  1593                           ;	WRTC = 0x1, unprogrammed default
  1594                           ;	Boot Block Write Protection bit
  1595                           ;	WRTB = 0x1, unprogrammed default
  1596                           ;	Data EEPROM Write Protection bit
  1597                           ;	WRTD = 0x1, unprogrammed default
  1598   30000B                     	org	3145739
  1599   30000B  E0                 	db	224
  1600                           
  1601                           ;Config register CONFIG7L @ 0x30000C
  1602                           ;	unspecified, using default values
  1603                           ;	Table Read Protection bit
  1604                           ;	EBTR0 = 0x1, unprogrammed default
  1605                           ;	Table Read Protection bit
  1606                           ;	EBTR1 = 0x1, unprogrammed default
  1607                           ;	Table Read Protection bit
  1608                           ;	EBTR2 = 0x1, unprogrammed default
  1609                           ;	Table Read Protection bit
  1610                           ;	EBTR3 = 0x1, unprogrammed default
  1611   30000C                     	org	3145740
  1612   30000C  0F                 	db	15
  1613                           
  1614                           ;Config register CONFIG7H @ 0x30000D
  1615                           ;	unspecified, using default values
  1616                           ;	Boot Block Table Read Protection bit
  1617                           ;	EBTRB = 0x1, unprogrammed default
  1618   30000D                     	org	3145741
  1619   30000D  40                 	db	64
  1620                           tosu	equ	0xFFF
  1621                           tosh	equ	0xFFE
  1622                           tosl	equ	0xFFD
  1623                           stkptr	equ	0xFFC
  1624                           pclatu	equ	0xFFB
  1625                           pclath	equ	0xFFA
  1626                           pcl	equ	0xFF9
  1627                           tblptru	equ	0xFF8
  1628                           tblptrh	equ	0xFF7
  1629                           tblptrl	equ	0xFF6
  1630                           tablat	equ	0xFF5
  1631                           prodh	equ	0xFF4
  1632                           prodl	equ	0xFF3
  1633                           indf0	equ	0xFEF
  1634                           postinc0	equ	0xFEE
  1635                           postdec0	equ	0xFED
  1636                           preinc0	equ	0xFEC
  1637                           plusw0	equ	0xFEB
  1638                           fsr0h	equ	0xFEA
  1639                           fsr0l	equ	0xFE9
  1640                           wreg	equ	0xFE8
  1641                           indf1	equ	0xFE7
  1642                           postinc1	equ	0xFE6
  1643                           postdec1	equ	0xFE5
  1644                           preinc1	equ	0xFE4
  1645                           plusw1	equ	0xFE3
  1646                           fsr1h	equ	0xFE2
  1647                           fsr1l	equ	0xFE1
  1648                           bsr	equ	0xFE0
  1649                           indf2	equ	0xFDF
  1650                           postinc2	equ	0xFDE
  1651                           postdec2	equ	0xFDD
  1652                           preinc2	equ	0xFDC
  1653                           plusw2	equ	0xFDB
  1654                           fsr2h	equ	0xFDA
  1655                           fsr2l	equ	0xFD9
  1656                           status	equ	0xFD8

Data Sizes:
    Strings     39
    Constant    0
    Data        1
    BSS         3
    Persistent  0
    Stack       0

Auto Spaces:
    Space          Size  Autos    Used
    COMRAM           95     11      15
    BANK0           160      0       0
    BANK1           256      0       0
    BANK2           256      0       0
    BANK3           256      0       0
    BANK4           256      0       0
    BANK5           256      0       0

Pointer List with Targets:

    clcd_print@data	PTR const unsigned char  size(2) Largest target is 17
		 -> STR_4(CODE[17]), STR_3(CODE[17]), STR_2(CODE[10]), STR_1(CODE[5]), 


Critical Paths under _main in COMRAM

    _main->_check_matrix_keypad
    _init_config->_clcd_print
    _init_clcd->_clcd_write
    _check_matrix_keypad->_clcd_putch
    _clcd_putch->___awdiv
    _clcd_print->_clcd_write

Critical Paths under _main in BANK0

    None.

Critical Paths under _main in BANK1

    None.

Critical Paths under _main in BANK2

    None.

Critical Paths under _main in BANK3

    None.

Critical Paths under _main in BANK4

    None.

Critical Paths under _main in BANK5

    None.

Call Graph Tables:

 ---------------------------------------------------------------------------------
 (Depth) Function   	        Calls       Base Space   Used Autos Params    Refs
 ---------------------------------------------------------------------------------
 (0) _main                                                 0     0      0    5151
                _check_matrix_keypad
                        _init_config
 ---------------------------------------------------------------------------------
 (1) _init_config                                          0     0      0    1979
                         _clcd_print
                          _init_clcd
                 _init_matrix_keypad
 ---------------------------------------------------------------------------------
 (2) _init_matrix_keypad                                   0     0      0       0
 ---------------------------------------------------------------------------------
 (2) _init_clcd                                            0     0      0     652
                         _clcd_write
 ---------------------------------------------------------------------------------
 (1) _check_matrix_keypad                                  1     1      0    3172
                                             10 COMRAM     1     1      0
                            ___awdiv
                            ___awmod
                         _clcd_print
                         _clcd_putch
                      _read_switches
 ---------------------------------------------------------------------------------
 (2) _read_switches                                        1     1      0      30
                                              0 COMRAM     1     1      0
                           _scan_key
 ---------------------------------------------------------------------------------
 (3) _scan_key                                             0     0      0       0
 ---------------------------------------------------------------------------------
 (2) _clcd_putch                                           2     1      1     848
                                              8 COMRAM     2     1      1
                            ___awdiv (ARG)
                            ___awmod (ARG)
                         _clcd_write
 ---------------------------------------------------------------------------------
 (2) _clcd_print                                           3     0      3    1327
                                              2 COMRAM     3     0      3
                         _clcd_write
 ---------------------------------------------------------------------------------
 (3) _clcd_write                                           2     1      1     652
                                              0 COMRAM     2     1      1
 ---------------------------------------------------------------------------------
 (2) ___awmod                                              6     2      4     448
                                              0 COMRAM     6     2      4
 ---------------------------------------------------------------------------------
 (2) ___awdiv                                              8     4      4     452
                                              0 COMRAM     8     4      4
 ---------------------------------------------------------------------------------
 Estimated maximum stack depth 3
 ---------------------------------------------------------------------------------

 Call Graph Graphs:

 _main (ROOT)
   _check_matrix_keypad
     ___awdiv
     ___awmod
     _clcd_print
       _clcd_write
     _clcd_putch
       ___awdiv (ARG)
       ___awmod (ARG)
       _clcd_write (ARG)
     _read_switches
       _scan_key
   _init_config
     _clcd_print
     _init_clcd
       _clcd_write
     _init_matrix_keypad

 Address spaces:
Name               Size   Autos  Total    Cost      Usage
BIGRAM             5FF      0       0      22        0.0%
BITBIGSFRl         281      0       0      20        0.0%
EEDATA             100      0       0       0        0.0%
BITBANK5           100      0       0      14        0.0%
BANK5              100      0       0      15        0.0%
BITBANK4           100      0       0      12        0.0%
BANK4              100      0       0      13        0.0%
BITBANK3           100      0       0      10        0.0%
BANK3              100      0       0      11        0.0%
BITBANK2           100      0       0       8        0.0%
BANK2              100      0       0       9        0.0%
BITBANK1           100      0       0       6        0.0%
BANK1              100      0       0       7        0.0%
BITBANK0            A0      0       0       4        0.0%
BANK0               A0      0       0       5        0.0%
BITCOMRAM           5F      0       0       0        0.0%
COMRAM              5F      B       F       1       15.8%
BITBIGSFRhhhl       2F      0       0      17        0.0%
BITBIGSFRhhl        2B      0       0      18        0.0%
BITBIGSFRhl          F      0       0      19        0.0%
BITBIGSFRhhhh        E      0       0      16        0.0%
BIGSFR               0      0       0     200        0.0%
BITSFR_3             0      0       0     200        0.0%
SFR_3                0      0       0     200        0.0%
BITSFR_2             0      0       0     200        0.0%
SFR_2                0      0       0     200        0.0%
BITSFR_1             0      0       0     200        0.0%
SFR_1                0      0       0     200        0.0%
BITSFR               0      0       0     200        0.0%
SFR                  0      0       0     200        0.0%
STACK                0      0       0       2        0.0%
NULL                 0      0       0       0        0.0%
ABS                  0      0       F      21        0.0%
DATA                 0      0       F       3        0.0%
CODE                 0      0       0       0        0.0%


Microchip Technology PIC18 Macro Assembler V2.40 build 20220703182018 
Symbol Table                                                                                   Wed Jun 28 12:54:44 2023

             clcd_print@addr 0005               clcd_print@data 0003                           l20 0A40  
                         l21 0A44                           l30 0A0A                           l24 0A7A  
                         l33 0AD2                           l53 0950                           l61 0AEA  
                         l80 0644                           l56 0ABA                           l81 0730  
                         l90 06AE                           l82 0680                           l83 0658  
                         l92 06C2                           l85 066C                           l77 0AE4  
                         l95 06F2                           l88 069A                           l97 0706  
                         l89 06D6                           l98 072E                           l99 071A  
                         u40 063E                           u41 063A                           u50 0652  
                         u51 064E                           u60 0666                           u61 0662  
                         u70 067A                           u71 0676                           u80 0694  
                         u81 0690                           u90 06A8                           u91 06A4  
               ___awdiv@sign 0006           _init_matrix_keypad 0AD4                          l110 09C6  
                        l361 08A4                          l348 07F4                          l810 062A  
                        l812 063E                          l830 067A                          l910 096A  
                        l840 06A8                          l824 0666                          l912 097A  
                        l920 0994                          l834 0694                          l818 0652  
                        l922 09A4                          l930 09C4                          l914 098A  
                        l906 0954                          l852 06D0                          l908 0964  
                        l924 09AC                          l862 0700                          l846 06BC  
                        l926 09BC                          l934 0AD4                          l856 06EC  
                        l936 0ADC                          l874 0728                          l938 0ADE  
                        l868 0714                          l878 072E                          _RC0 007C10  
                        _RC1 007C11                          _RC2 007C12                          u100 06BC  
                        u101 06B8                          u110 06D0                          u111 06CC  
                        _RD7 007C1F                          u120 06EC                          u200 09A4  
                        u121 06E8                          u201 09A0                          u130 0700  
                        u210 09BC                          u131 06FC                          u211 09B8  
                        u140 0714                          u141 0710                          u150 0728  
                        u151 0724                          u400 0744                          u401 0740  
                        u410 075E                          u170 0964                          u411 075A  
                        u171 0960                          u420 0784                          u500 0870  
                        u180 097A                          u421 0780                          u501 086C  
                        u181 0976                          u430 07A2                          u510 0894  
                        u190 098A                          u431 079E                          u511 0890  
                        u191 0986                          u440 07BE                          u360 0A1E  
                        u520 08BE                          u441 07BA                          u361 0A18  
                        u521 08BA                          u450 07E4                          u530 093C  
                        u451 07E0                          u531 0938                          u460 0808  
                        u380 0A40                          u461 0804                          u381 0A3C  
                        u470 0822                          u390 0A0A                          u471 081E  
                        u375 0A20                          u391 0A06                          u480 083C  
                        u481 0838                          u490 085A                          u491 0856  
             clcd_putch@addr 0009               clcd_putch@data 000A                 ___awmod@sign 0006  
        ?_init_matrix_keypad 0001                         l1100 076A                         l1110 07A2  
                       l1102 0772                         l1120 07CE                         l1112 07A8  
                       l1104 0784                         l1114 07BE                         l1106 078C  
                       l1122 07D4                         l1130 07F6                         l1050 0A28  
                       l1042 0A0E                         l1124 07E4                         l1116 07C6  
                       l1108 0794                         l1140 0822                         l1132 07FA  
                       l1060 0A32                         l1052 0A2A                         l1044 0A20  
                       l1126 07EC                         l1118 07C8                         l1150 085A  
                       l1142 082A                         l1134 0808                         l1054 0A2C  
                       l1046 0A24                         l1070 0A5C                         l1062 0A46  
                       l1160 0894                         l1152 0870                         l1144 083C  
                       l1136 0810                         l1056 0A2E                         l1048 0A26  
                       l1080 09EA                         l1072 0A66                         l1064 0A4A  
                       l1090 0744                         l1162 089C                         l1154 0878  
                       l1146 0844                         l1138 0814                         l1058 0A30  
                       l1082 09EE                         l1170 08BE                         l1074 0A70  
                       l1066 0A50                         l1092 074C                         l1156 087E  
                       l1148 084C                         l1076 09C8                         l1084 0ABE  
                       l1172 08CE                         l1180 0940                         l1068 0A52  
                       l1094 0750                         l1086 0732                         l1158 0884  
                       l1078 09D6                         l1174 08EC                         l1166 08A6  
                       l1182 0AA2                         l1096 075E                         l1088 0736  
                       l1176 091A                         l1168 08AE                         l1184 0AAA  
                       l1098 0766                         l1178 0922                         l1186 0AE6  
                       STR_1 0623                         STR_2 0619                         STR_3 0612  
                       STR_4 0601                         _RBPU 007F8F                         _main 0AE6  
                       start 0000         ??_init_matrix_keypad 0001                 ___param_bank 000000  
             clcd_write@byte 0002                        ?_main 0001              __end_of___awdiv 07F6  
            __end_of___awmod 08A6              ___awdiv@divisor 0003                 ?_init_config 0001  
            ___awdiv@counter 0005                        _PORTB 000F81                        _PORTD 000F83  
                      _TRISB 000F93                        _TRISC 000F94                        _TRISD 000F95  
        _check_matrix_keypad 08A6                        tablat 000FF5                        status 000FD8  
            __initialization 0A7C                 __end_of_main 0AF6         ?_check_matrix_keypad 0001  
                     ??_main 000C                __activetblptr 000001                       _ADCON1 000FC1  
           read_switches@key 000E             ___awdiv@dividend 0001                       _TRISD7 007CAF  
      ??_check_matrix_keypad 000B                    ??___awdiv 0005                    ??___awmod 0005  
           ___awdiv@quotient 0007              ___awmod@divisor 0003                       isa$std 000001  
           __end_of_scan_key 0732              ___awmod@counter 0005                 __pdataCOMRAM 000F  
               __mediumconst 0000                       tblptrh 000FF7                       tblptrl 000FF6  
                     tblptru 000FF8                   __accesstop 0060      __end_of__initialization 0A94  
              ___rparam_used 000001               __pcstackCOMRAM 0001                   _clcd_print 09C8  
                 _clcd_putch 0ABC                   _clcd_write 0A0C            read_switches@once 000F  
              _read_switches 0952                    ?_scan_key 0001                      __Hparam 0000  
                    __Lparam 0000                      ___awdiv 0732                      ___awmod 07F6  
               __psmallconst 0600                      __pcinit 0A7C                      __ramtop 0600  
                    __ptext0 0AE6                      __ptext1 0AA2                      __ptext2 0AD4  
                    __ptext3 0A46                      __ptext4 08A6                      __ptext5 0952  
                    __ptext6 062A                      __ptext7 0ABC                      __ptext8 09C8  
                    __ptext9 0A0C            __end_of_init_clcd 0A7C             ___awmod@dividend 0001  
             ?_read_switches 0001         end_of_initialization 0A94                   ??_scan_key 0001  
                ?_clcd_print 0003                  ?_clcd_putch 0009                  ?_clcd_write 0001  
                  _PORTBbits 000F81  __end_of_check_matrix_keypad 0952                __pidataCOMRAM 0AF6  
        start_initialization 0A7C              ??_read_switches 0001  read_switches@detection_type 0001  
              ??_init_config 0006                  __pbssCOMRAM 000C                     ?___awdiv 0001  
                   ?___awmod 0001                  __smallconst 0600                    _init_clcd 0A46  
        __end_of_init_config 0ABC                 ??_clcd_print 0006                 ??_clcd_putch 000A  
 __end_of_init_matrix_keypad 0AE6                 ??_clcd_write 0002        clcd_write@control_bit 0001  
         __end_of_clcd_print 0A0C           __end_of_clcd_putch 0AD4           __end_of_clcd_write 0A46  
                 ?_init_clcd 0001                     __Hrparam 0000                     __Lrparam 0000  
               __Lsmallconst 0600                  _init_config 0AA2                     __ptext10 07F6  
                   __ptext11 0732                     _scan_key 062A                     isa$xinst 000000  
                ??_init_clcd 0003        __end_of_read_switches 09C8       check_matrix_keypad@key 000B  
       check_matrix_keypad@i 000C  
